x	y
-0.00247677790986149	0.0181214521795854
0.0154514544163077	0.11120731851545
-0.131453449422724	1.25696354510839
-0.0593422924585415	0.3820485656484
-0.00583608984109496	0.0283948688362999
0.14268425826583	1.28182057333212
-0.0382810773972686	0.203063541098363
-0.048310652653527	0.159705011561993
-0.129271394612746	0.397371534583889
-0.561593047550164	1.53399379512182
-0.0944234307822505	0.218616929244287
0.0468116835048319	0.112356719587701
-0.117442969945814	0.325502613134147
0.0597947397465295	0.115691277663791
-0.543283456378023	1.8194623334524
0.0197243282969561	0.0353050521882449
0.227508899549995	0.795275741827123
-0.0271219164768857	0.0635064267172407
0.0412930854545189	0.0913071039861241
-0.0558046150851288	0.0990676122101566
-0.19971409274278	0.531578360782442
0.14455239675498	0.357842807843354
0.00647095270969589	0.0148420441238903
0.0118853026080947	0.0293207201755834
0.174837947397154	0.512296762905756
0.151539447363852	0.671825759467424
-0.135378414564562	0.632542480229425
0.114668268760513	0.512928408625518
0.13246526960242	0.567102621480654
-0.0593093724341634	0.201210887225582
-0.0230158169827138	0.0805986560262332
-0.0100807005604221	0.0216011035865754
-0.144001667894052	0.469732953955686
-0.310739279238661	1.18864283783241
-0.2725389084359	0.746969562674287
-0.011729856670707	0.0274273568832619
0.0987165434451605	0.30775768772999
0.292197938075147	1.23124117259001
-0.245010025492396	0.876126285992243
0.210872850371053	0.76804529809475
-0.00251698962884772	0.00487357449015785
0.0616331007961661	0.136570511235302
-0.171715698513554	0.61840876812252
-0.181014647594344	0.906750363967913
-0.100644493911238	0.544180120431448
-0.262824377866438	1.39456935764033
0.174983892716851	0.554427833132123
-0.127944894710128	0.479149894354605
0.093264415123607	0.219601597733121
0.376294242184231	1.05579778504378
-0.00865247211838563	0.0214774481147619
-0.199304345850857	0.521093889778103
0.216157752403357	0.447975648524768
0.202036576518187	0.292812791050229
0.362629445453455	1.10459708051461
-0.148107677967861	0.573179464773137
0.0324714480979836	0.0633642718974392
0.106414398404837	0.136360468310175
-0.951226531040966	0.375696234388582
0.0128559668282396	0.00324833418577329
0.326513874562481	0.225433195517925
0.327250437355063	0.274522253888548
-0.310672160992174	0.450995491880809
-0.0922218436542782	0.20091516114493
0.0552892270092908	0.133780894206279
0.103413857706642	0.394774784127879
-0.0814727305564446	0.222320196906046
-0.140130038117492	0.306819049465376
0.10639426793393	0.293212173593223
0.0604898241709356	0.143459223408114
-0.104247687266063	0.21503576243516
0.0719980417011245	0.179230778805587
-0.00376830701168339	0.0116791350214493
0.163930632494108	0.843866847541748
-0.135228780292579	0.543526883693728
-0.02425246936065	0.0671039564917979
0.162966354921322	0.504481981270407
-0.0139967074329035	0.0188455416522504
-0.308788960294837	0.44794838493941
-0.132048852137983	0.231946303389126
-0.325570801232048	0.62214769562828
-0.0683056134806678	0.0809667597172762
0.270913753010061	0.434431243529477
0.0586875611431788	0.0735298098276594
0.0408217297194921	0.042934645129718
-0.332419351395966	0.39248178454882
-0.155723969107689	0.277563926523854
-0.200652774697251	0.312313589359391
0.395183199546513	0.540687544300941
0.263599594864228	0.534437915113349
0.296620998690381	0.591684469860785
-0.0256014626712421	0.22326724612291
-0.0280004692999342	0.233478730372363
-0.0297826469398455	0.195413779490634
0.0335626914594344	0.219683387917134
0.0104685522625793	0.0561057305391997
0.051360636170456	0.308377411382738
-0.0498182668602766	0.195606501124313
0.248146308962622	1.13496277344551
-0.262617376525482	0.741487511681777
0.106316237832433	0.275367299734329
-0.272637199663568	0.967517182159907
0.113441334236722	0.337916409724225
0.0509790485613988	0.096379757863822
-0.448865914934562	1.37682281015145
-0.179100406197264	0.375165670049739
0.13733711183096	0.40364595828419
0.0540055217224745	0.133357347061038
-0.0572830388906074	0.128443261448817
0.0893304396978647	0.166366103155183
0.0236938252655753	0.0496497683840151
0.105792662374681	0.262261841631581
0.0823895289065035	0.237668553589177
-0.00658575188952751	0.0162802185130294
0.0146364639313787	0.0352633674223716
-0.0794473664291582	0.32032258020464
0.0940769969477463	0.465290671782421
-0.0527635934017971	0.208024196956713
0.0210669090947753	0.0732253467099209
-0.114233970277457	0.506399509268381
0.155727697838675	0.840255737555329
0.00586324368983961	0.0123854813169438
-0.196241447265486	0.745372097321806
0.0062837560892866	0.0139063369726797
-0.198471577393855	0.460774518063295
-0.17898092891745	0.620740566191643
0.180577842895794	0.691252596956257
0.0228730850565902	0.0579518060710517
0.188745323901084	0.60276668972074
0.257031536571622	1.07941316807101
-0.282607640346079	1.13287984004222
-0.103901288978456	0.291754024962733
-0.026285254501304	0.0697786255509066
-0.22083419420954	1.42519257553616
-0.0468363713270103	0.250305289542387
-0.0431690707201937	0.15551436994036
0.269311098788219	1.08680086572657
-0.207604451941916	0.937089787464174
0.0986236591943396	0.237460679362716
-0.0909417130569589	0.175707413162274
0.0131952553757402	0.0326636248363792
0.0660949535053727	0.15140484455052
0.00271343820236733	0.0043190656480356
-0.202004559912773	0.323829475960931
-0.208866629659713	0.506424810169027
-0.259348090566735	1.1702703860279
-0.0762115419134398	0.155815218963597
0.362153353947351	0.64144235941942
0.521219019586775	0.227288529959668
0.0218647785812334	0.0107971935659322
0.258811312176284	0.226126759631052
0.29146068494003	0.436952772261168
0.160211421325602	0.379239881930091
0.252161223259138	0.783705742370475
0.122247825270294	0.502556520926052
0.0034305069160493	0.00717559880895024
-0.321474407141125	1.00729726545151
-0.00329727273576778	0.00747620209119054
0.236722438081364	0.831545016931489
-0.0716103601733121	0.149611210192468
0.0282420295010034	0.0665098203099768
-0.0915973503313517	0.403824638839194
-0.148911432296561	0.755902367708618
-0.0127271060186699	0.0397064386161707
-0.125671919697502	0.501903969604417
0.0793267467116146	0.212427280764778
-0.117446514043816	0.176152221216163
-0.0865477570391576	0.117277389188036
-0.306649011455911	0.619591652956565
0.000487091459310426	0.000533340215485637
-0.06473977251871	0.0810409524925452
0.233927097665353	0.30129203195888
0.420439091022132	0.837077007222598
0.161986562952355	0.17693334827983
-0.21960570548747	0.27963428091806
0.261999594340051	0.535083719830666
0.0332360921917227	0.0367505560901403
0.276561984041646	0.271696061791054
0.248479354589947	0.463637806397778
-0.0120175133100521	0.095389767867841
-0.00187542085860661	0.0130236700482256
-0.0714370164806368	0.730979332674474
-0.0446921769280344	0.323429890436494
0.0205824507307796	0.111941659219497
-0.0647564619086327	0.352967226949868
-0.178816337558625	0.883147748963445
-0.0267146250027672	0.0549627205166769
0.276281806870128	1.10963749274516
0.15102311334183	0.563560961042462
-0.0109976169965957	0.0299865767378157
0.0809361758766017	0.200472219697707
-0.185736268653468	0.492072041968472
-0.212200705401587	0.674871589866165
-0.12869577993311	0.446834042705978
0.175487922424815	0.812915074979073
0.00178024957160539	0.00421487903021569
-0.149649837096894	0.38087287662249
0.00638268401772316	0.0145278889639621
0.167210565687181	0.59225742204717
0.137084745646501	0.598518571898504
-0.152809583894691	0.665539287403695
-0.115066605378312	0.395931401070045
0.138869616312163	0.769852978933055
-0.108556356954366	0.601994903667461
-0.00490279012524029	0.0175732648043755
0.150491115922645	0.941703157919146
-0.16956335373721	1.06923183074342
0.0548261165827861	0.258580917813908
-0.139593969822877	0.423845609418248
-0.0289066606754824	0.0831629736572201
-0.117422449551178	0.395661399952159
-0.0763019352878667	0.166308940666677
-0.200542415012328	0.897766536543606
-0.0923440138929702	0.397833427236213
-0.192806054944255	0.896773949469601
-0.124286015446373	0.414609233910013
-0.0146506798710197	0.0407709969525574
0.203991563059367	0.834052162863857
0.0746674582340836	0.216365608335581
-0.104405154059623	0.394600617635396
0.0358917754613523	0.152480705658706
-0.0818730757735657	0.530652435447028
0.081270882890359	0.355084689197751
0.123921636187409	0.40998758473453
-0.232465249290419	1.44010897953691
0.0272281310959104	0.0639694413465143
-0.506247074439587	1.95332961192131
0.0604610184234572	0.20327048964122
0.00490263938104831	0.0106957692491102
0.337225507557396	1.03064210922513
-0.0746896763787812	0.129223518517629
0.0462205165695104	0.105247046885547
0.146795046448126	0.636547440801026
0.0642592643454837	0.144248906496266
0.214377214593171	0.366478268144106
1.05781400517986	0.73022717470135
-0.0106319909665862	0.0236028651956521
-0.0904989520234055	0.386429966574053
-0.31973260166899	1.41784594057365
-0.263070867498943	0.776890823575604
0.00846336892998257	0.0194146437794912
-0.288419741816395	1.18801423896749
-0.286428100765623	0.826332821576433
0.225855583869428	0.83990668870826
-0.0348218648499425	0.131196788366547
-0.132214267869834	0.681290833009447
0.0953971100497711	0.395095658623709
-0.00435845358365044	0.0134154090198345
0.107933867834058	0.387160242965927
-0.116288180930593	0.201232947574536
-0.118924871809737	0.182533937339103
-0.0458461035338584	0.084632262051165
-0.366689476173072	0.830490704417948
-0.0865151101480107	0.116787767290387
0.332607987759109	0.586910835598589
-0.127884703730926	0.213765702057329
0.0602426489032696	0.0750595784808108
-0.0628766476032673	0.0697564444238735
0.26993981716107	0.709981084614181
-0.18903688027123	0.293002828879384
0.482087671453386	0.747154983783759
0.0000696730939035811	0.00051536366912941
0.0266671089258497	0.230406185574377
0.00208387783415879	0.0113801365536441
-0.0125414388296993	0.0642186098579262
-0.133841633907506	1.14273336586328
0.00150069064533698	0.00693964853379021
0.0505791669363553	0.23676783589755
-0.0413098683819456	0.19421078704322
-0.169963158233461	1.22871490192906
-0.0231024892587949	0.0934894171344961
0.0503699128956182	0.209458620050038
0.0661941984328768	0.290350349013454
-0.053983553819904	0.210369248507042
0.0129474289707514	0.0431781505591027
-0.0198326949083635	0.0730428493028937
-0.0185521962494223	0.0625870891388472
0.0926399292785312	0.395992349637006
-0.119973454771481	0.585372399456872
0.208425580716608	1.44335955629388
0.0570183496794707	0.252048610274391
-0.154334475776415	0.91432249781959
-0.0977723753834493	0.534533394434948
0.0738920259620684	0.398494929621074
-0.00499591385908574	0.0206314260149148
-0.0866491727381047	0.491722650351632
0.110399365793819	0.802814811220323
0.104860115126154	0.666686693953412
-0.0512962476241764	0.251202816726475
0.0322623417398495	0.141039608067734
0.0136131108337219	0.047899024686877
0.0429059433053235	0.173065577537223
0.0356563646671956	0.132785938699081
-0.032347961500812	0.120655027270352
0.0837084688721083	0.411447024643785
0.041134213031386	0.166777241432428
-0.0648233901844522	0.282216003447992
0.040481834982807	0.162269487903425
-0.125218779291041	0.682465699192076
0.0954934331155288	0.50215559423275
0.0146801855281355	0.0612144200647856
-0.155824701500968	1.23895344092983
0.05928337530426	0.297797932397343
-0.165228872814697	1.27291320916221
-0.0480502891420769	0.209706328651036
-0.177533782036591	1.24960961785473
-0.0240956928883108	0.0862253071976009
0.0152121178280974	0.0522178941918949
-0.00562536213143848	0.0203652379745848
-0.120055887947373	0.603475242280114
-0.0509228114422789	0.175114046894765
-0.0272998647501845	0.0819559131680569
0.0218645050708333	0.0741728672233314
0.0142376575501672	0.0530523782779736
-0.0534032547873513	0.173529183100621
-0.155778277906824	0.571840275134004
0.117221132824628	0.393271276382457
0.0348123530553095	0.0958549862338069
-0.10140174872383	0.424322244377739
-0.185594614928737	0.894570168646402
0.12297720226671	0.510335798502049
-0.130297253921484	0.609494729805588
0.0821807567599088	0.328875469470805
0.0955871500443	0.354245057977818
-0.00793729723562762	0.0243885342753836
-0.0983282253316107	0.372819811415809
-0.169097012156707	0.777955185040189
-0.118656080340508	0.426529590656991
0.305599256650612	1.73804294575498
-0.0817984496970655	0.264802785409596
-0.0638272263424469	0.168059092483808
-0.018050938755617	0.0378814212585378
-0.0246818862914904	0.0567502592882896
-0.0313261245668189	0.0660921742769662
0.120836277540116	0.317340475205812
0.0280436290883002	0.0535216047035517
-0.122422995661066	0.329129903710695
-0.0765934799972511	0.17745383251662
0.057356795655715	0.122305334672889
-0.18378425313766	0.558109377419445
0.334056381161518	1.15463888091575
0.210574707083813	0.53906074508194
0.0445451582548167	0.101728762232683
-0.0136436009661949	0.111026563014016
-0.00149079596830885	0.0101965467415294
0.0648088992969978	0.469756552695233
-0.0987854376104128	0.748215695429571
-0.0172767074275168	0.087589375074237
-0.014442931575455	0.0585414384504821
-0.0919379383562019	0.523056058091835
-0.0765118385069519	0.405677380608692
0.00321068696843976	0.0116435565458214
0.140724778656118	0.754563367208495
0.0292986733828883	0.0986353617756502
0.00620183915390993	0.0196374590202984
-0.0635335717952458	0.261537686341546
0.0442170489108359	0.167560733946763
0.0595295143351754	0.216833547851396
-0.0908163917880142	0.358327930949855
0.0523007467960372	0.198402711746509
0.092971424553895	0.424085055144348
-0.0770473890571118	0.353486046253195
0.0828840071590237	0.422002428878931
-0.0641155366996659	0.292320882001049
0.0809947218024691	0.443528538059407
-0.124458295611513	0.859631730442988
0.00399121888633439	0.0158825183228414
-0.0799295314074683	0.499224979080498
0.0812260376107093	0.479560828410471
0.0506671617723449	0.246998449405292
0.059968699531826	0.287739069001619
-0.0504236336041313	0.214819925092973
-0.173360964313988	1.04661880339921
-0.0596314501897553	0.221640018724771
-0.0574465671513688	0.23270032092502
0.0186804451199285	0.0697559922619575
-0.0917633271082042	0.395926686308515
-0.0331497143664409	0.127086508263745
0.0561810178362543	0.240334082844208
-0.0412348004821271	0.170414217038839
0.00995009781802798	0.0365673252285784
-0.108421092362473	0.628230261294821
0.0253138202707396	0.126692424639981
-0.103690490996226	0.721861624425059
-0.00844899416451445	0.0373985810172553
0.108071803070335	0.560929897635635
0.00848496489608434	0.0328478145510876
-0.0531962984725353	0.213732842452614
-0.219858865734666	1.19680003320255
0.000480414720977041	0.00171385880572705
-0.0557069174766638	0.21144716403579
0.0913901120664163	0.332418055050658
0.157596396388549	0.59087185731998
0.141961057236585	0.659411715538575
0.089840183098291	0.460427358474178
0.0918640719458522	0.330198536342799
0.0482629426218395	0.130774772065461
0.320845993682008	0.187911312550377
0.244402295880366	0.3895523543356
0.24977279662475	0.576365783408462
0.106022593063378	0.365471874040191
0.0353145702682893	0.131393935464413
-0.121885487239329	0.554282363538839
-0.119775073916737	0.505741182587338
0.192409351989733	1.05711695021565
0.0123511424761286	0.0380866398815054
-0.0634808623408415	0.222230845093623
0.0327245197825638	0.115704699637059
-0.108331391338866	0.498349863354778
-0.027234276958234	0.0888857282188726
-0.0648791330770346	0.219590533201308
0.04288591562204	0.138738764491597
-0.298357381292331	1.56501978909436
0.0803705232027074	0.215639335417151
0.0941423591997578	0.216424034291983
-0.0321345290845227	0.0702873267009181
0.19036359156366	0.525188513619259
-0.223782814368585	0.660877446790665
-0.170977874274228	0.399030617359788
-0.62194872344441	2.88172976024465
-0.348159241775865	1.10733433366411
0.105407790210647	0.222266119695463
0.0510040172313129	0.10883367707571
0.161007058529749	0.416242309234273
0.00782985592997435	0.0610346752304404
-0.0336863139102849	0.289176303664717
0.0856723840228318	0.645952192171015
-0.196704713099039	1.72194880640193
-0.329789698606111	1.5665435057588
-0.0728323729008725	0.248750612862829
-0.180219807970353	0.944209695108822
-0.0136855593133614	0.0469683927719981
-0.00901291408497212	0.0232792150149304
0.0862392859267677	0.247124607920518
0.119993950255714	0.408461365256946
0.0678365712863636	0.253055130629141
-0.0201728390758786	0.0738163142786441
0.106452010005379	0.370390836451158
0.308073449525294	1.20020105209422
0.050165919203706	0.152083752104856
0.238813637043732	1.19724957920777
0.110399914800695	0.516634114022962
0.0923704998377884	0.431185568458462
-0.0800784682527233	0.28143063531003
0.030777375850415	0.146875808491605
-0.0131795439467608	0.0619563782725893
-0.0437441190462327	0.231183860799488
0.0818192376801397	0.477232179596902
-0.00801846771925469	0.0334499485135249
0.103604386042271	0.731242291113476
-0.154667355370183	0.595113634100721
0.0787850878572721	0.313342197765238
-0.215273972873441	1.15802449513745
-0.0242373753668426	0.0543091416686031
-0.0079058899119066	0.0248431619227758
-0.00898073788666152	0.0327272308191588
-0.0918112315349035	0.383081591840212
0.00947225695389281	0.026932004351169
0.0274753116725357	0.0920093475899542
-0.0119217122487412	0.033235922508244
-0.0671190833342941	0.195783987964249
0.16597559319083	0.888011837539091
-0.0344711898817497	0.172930299823352
-0.0691722177433707	0.461474104212728
0.0425741231987732	0.176461044276949
-0.107449311192159	0.377258487470814
0.00954708173585864	0.0351506480738823
0.0380174721276179	0.0957256313318821
-0.239906396796252	0.743276061097348
-0.119821872610137	0.508123926695882
-0.0739412161038204	0.207063824920037
-0.043636454393241	0.0828500156880878
0.432704675806972	1.14812125587076
-0.0379786968653098	0.094905838445833
-0.157932265056934	0.834147531321652
0.0484817662093847	0.116124540085051
-0.0229543968619274	0.0339858018457937
-0.136547921186218	0.0827616439916455
-0.631339663011144	0.866452579236867
0.0958400540128449	0.150375851646337
0.228921373190818	0.832308670590651
0.201757355659589	0.819308452618252
-0.14869673724754	0.992812583160257
0.0543691179951249	0.158800692409704
-0.172966493370445	0.431319597294042
0.106038306334984	0.31152587762835
-0.04655592014902	0.119900174985902
0.0977583564644509	0.21238388570454
0.0201412547281386	0.0532014224527203
-0.00305908007716553	0.0124985279034794
-0.0456191041375155	0.231309768208479
0.0963818387566825	0.533883259452881
0.0975729995352945	0.506403968057186
0.238765806920921	1.5295535279449
-0.226710668544332	0.513755966670146
-0.172810597056223	0.309942564674434
0.112325845401194	0.254322257066618
0.243081312429848	0.481124814108975
-0.109320712397696	0.197877625977263
0.114515921647441	0.150405337339718
-0.200823619872594	0.429816281776927
0.0641595634495574	0.0895824617104795
0.339059090278209	0.653522076089756
0.185457915125205	0.48091160378388
0.301473030684918	0.621301060557148
-0.0167111147365909	0.138186591701131
0.0295826428005752	0.243989221304752
0.0463723484838546	0.312323805347956
-0.0973348030876256	0.640147098779489
0.0199992210853959	0.100120464394544
0.0134704660154794	0.0679911806789427
0.0231707167009447	0.119728298849914
-0.135431493358376	0.865825294110756
-0.0730176370273244	0.317347912246901
0.0250898841096873	0.0961076297971374
0.147327210513607	1.11815468370668
0.213896803551808	2.11949653289734
0.0886732363855868	0.447130360386267
-0.0563928112906632	0.213285823900694
-0.0556021440500899	0.245341766014567
0.0322139448032265	0.133020802803369
-0.188534176799273	1.57663474749901
0.0379952608858816	0.200106160873758
0.114825539341934	0.703262166437628
-0.0234005488890671	0.11868709547661
0.0462440159431541	0.263233525761777
-0.025117010285791	0.12918035548273
0.0367608172170968	0.192440431160863
-0.00743231327728357	0.0337236259809858
0.0576623859698321	0.361717716098901
-0.154668987790149	0.780330250484437
-0.102514274059351	0.615925151480129
-0.148061832344045	1.00957475207707
-0.102955798958578	0.398566268199837
0.115517986873381	0.694608021416774
-0.170827479079444	1.42585914791107
-0.0766418726113907	0.395438285647698
0.262637587657661	2.29805967613279
0.0638384318444224	0.336567289158291
0.0937656326562171	0.492602889150815
0.0141146957548141	0.0448528227297246
0.00321807053772879	0.0118125287562208
-0.106628911990834	0.780379314074169
-0.0347658470730924	0.202374160671406
0.0578694610893914	0.306818210918091
-0.121058692577483	0.532537956115494
0.0497348316665747	0.265880306053192
-0.0855504278781078	0.343842750752529
-0.13564170483161	0.517944181793963
-0.067918083271901	0.334611659465731
0.0884475198356077	0.352351301014882
0.0773171265223203	0.211577390697237
-0.130661682181023	0.399935955322688
0.0950425522317006	0.379455521562195
-0.046098877205634	0.233829434545679
-0.0831603919105033	0.316934480347731
-0.20722352581585	0.610152066310994
-0.0648452899245238	0.0354311867942761
0.679114071932543	0.406855213047113
-0.125985223913411	0.131582192321826
-0.051915410501376	0.0702163666904289
-0.128723864719903	0.294022502763592
-0.0509642558956862	0.182110027078698
0.104148398697788	0.456387715275414
0.0235905018731349	0.115942849409626
0.116530911317057	0.49207913076919
0.223708972608338	0.817180947302437
-0.056761310088009	0.167559294597303
-0.135847987790043	0.526608740884459
-0.303891397832329	1.29935057375969
0.0481590792189596	0.168562369625449
-0.115815189370978	0.731596717419051
-0.0917230254032236	0.521399677234662
-0.0339572126390897	0.142875633465482
-0.100239485321832	0.541666239506018
-0.0527013661562709	0.237691105238182
0.0514383424319455	0.119260315150618
0.073988567277056	0.169964969300074
-0.0316190191387979	0.0798712461386883
-0.035611574902389	0.0807142615852324
0.199615739063928	0.549076183547153
-0.0642171556305996	0.116793561313176
0.128885881700475	0.332638404369947
0.546737580120495	2.00386464026254
0.138973160207508	0.303120433647864
0.0099397385007176	0.0251993513665171
0.0641571307834542	0.147198742056856
0.0158381283073141	0.133189278229883
0.0118919339994606	0.0921585115056816
0.0422071191995227	0.28079137995762
-0.0188562989730999	0.115544506262567
0.0311442408993828	0.205878967498533
0.0153831226281456	0.08761160343763
-0.0823229904721618	0.595620677743328
-0.0412227545964845	0.243421801629227
0.0584051702493726	0.371451555013191
-0.0155305143638031	0.0824583126775078
0.0452346239491874	0.279137431314713
-0.00418149519865896	0.0202860267383418
0.140809770673577	1.15705127098072
-0.110254423450608	0.864281713725248
0.112042361960194	0.883718418305551
0.05224206326099	0.322336846820696
-0.0309111260622176	0.172726193982965
-0.0695495377938765	0.456530722674843
0.0801192164405521	0.555605727178256
-0.0642736200157621	0.403952729648705
0.131110143414573	1.04091221996241
-0.0837127634146203	0.54949528106505
0.0392366580036972	0.216485860957939
0.100560498165539	0.767019285109761
0.0192758764810553	0.093875895407163
-0.0943378727811521	0.668020307272294
0.0181030642270636	0.0912824816351628
0.0262921484319312	0.130487379997065
-0.0875751337830223	0.607591297369699
0.0523960944967957	0.319303620307414
0.114168835917109	0.888570503049292
-0.0767810137703401	0.512804681032815
-0.0136686634698146	0.0677851524838675
0.00970798483212063	0.0463554175642287
-0.0558243929468617	0.304681122547443
0.0538408594110174	0.290091144555388
0.0419985866437313	0.238608674430389
-0.0159461463579405	0.0789926780191675
-0.110899804479932	0.805417475470435
0.121614474311748	0.775963801926808
0.0340567434837699	0.181492660769923
-0.0379941948529104	0.197482098010469
0.0454273236640079	0.225092026652137
0.0206257402176301	0.104161966732373
-0.000685499197324892	0.00283924405823132
-0.0105264033081478	0.0390078190351873
0.00080872756960478	0.0027096673292508
-0.0233585544957386	0.104479042510907
0.0351831325304017	0.189349551387475
-0.0297706635436538	0.123326400572699
-0.0433464119427426	0.150534920782372
0.27062985226962	0.254532262236454
0.259215387488794	0.227403762825905
-0.182594757609092	0.348710210076599
0.380141470870443	1.27442986628556
0.0179759041331519	0.0445748195073337
-0.187759888039622	1.19293323130612
-0.0191189656391412	0.0690080601105275
0.093875002902186	0.518871483564973
0.0568644088918409	0.204666188387214
-0.13392153549736	0.489516933879075
-0.15648421691133	0.738954851051385
-0.0360674873956027	0.131298168503528
0.0084152086831731	0.0235133150222789
0.220821370351052	1.24945258066435
-0.164090160702087	0.683243554226308
0.229398025797712	0.891301085270265
-0.0882531498981437	0.256192006663118
-0.0774040567153696	0.28246428394517
0.0755627382375748	0.351357169716108
0.133185024232952	0.540695479279235
0.0298097803295249	0.0868707075979453
-0.0500835084536808	0.155293219823825
0.0554438557801396	0.176161149406208
0.174216285630422	0.690069962747661
0.127200855549386	0.411611502867375
0.0985142716072953	0.318634324623889
0.0203724640794608	0.0646909743587708
0.237929750514563	1.03558922787337
0.211700327663882	0.771527057598586
0.0203792611238912	0.175924617433612
-0.000239191065991829	0.00166038353659761
0.00886817233828976	0.0648571534272758
0.0130750027425915	0.0944608880021788
-0.0395854251437374	0.287255864509105
0.00156717401231321	0.00820452371658556
0.0138160525701362	0.0769011453311944
-0.000731116567719897	0.00368342191958735
-0.000987850333847632	0.00488359731809642
-0.0636438003202602	0.427700954339964
0.0544116317390523	0.352440247327872
-0.0103674398607476	0.05388731237358
-0.0473186817429365	0.292911109424859
-0.0103042311563389	0.0529215439066819
-0.0813633036206464	0.579817034832311
-0.0181179451205418	0.0955757450642342
0.0259047067812546	0.141778413725293
-0.121984166709876	0.92136563840588
-0.0117659029108991	0.0485969672096415
0.0349762859594268	0.157262514491113
-0.0194484909570127	0.0869949937035484
-0.0445337063347007	0.237199279336811
-0.0631800151346271	0.367030931471528
0.0534235486588758	0.333100057902773
0.0723336545377126	0.482034990102067
-0.00418536272584037	0.0201960015926579
0.0126526357465992	0.0652218444340111
0.0188893971567606	0.0975361525426997
0.0125331019139991	0.0628011129867765
-0.141597162956024	1.21510877756603
0.108392354279376	0.853168304158359
-0.00298562709071251	0.0143899801137035
0.035062718456984	0.200445338223256
0.0585066042141525	0.372308956988191
0.137899228840882	1.14395786566585
0.0246221583147384	0.127795288778033
-0.0464080405795036	0.213084481438982
-0.0842093345485776	0.566832992911967
0.121394909500806	0.951895923610086
0.0285841741357932	0.143314007221408
0.040002071745128	0.229691968403861
-0.0038209288489105	0.0185050417144454
-0.018418971983223	0.0942339073527324
0.098343810159291	0.718454979174703
0.00237962444457526	0.0110687324025445
0.122416505869291	0.985544430380798
-0.0785913022629514	0.528237772807775
-0.0664349594902793	0.402708052252975
0.0901799716639115	0.578083500909914
0.0164160950034261	0.0741571094777136
-0.153769078501155	0.264720016214605
0.451597090497244	0.908327884374939
-0.350388131743805	1.29403560531651
-0.287469726902929	1.49905506689665
-0.24294080984397	1.35513945016513
-0.0984090233660439	0.479432462647217
-0.133388382662264	0.618647282459039
-0.0944390287945654	0.355357535122684
0.0329405121222786	0.116886871176959
-0.13555038420714	0.768067719520762
-0.169544522735077	0.921307101810381
-0.0643250928240066	0.263470210888129
0.0271703104198835	0.10586243571888
-0.195462675491839	1.18238949572558
0.0690573782269715	0.15215560849653
0.137231084476857	0.273361299563355
0.373460732695791	0.972248123572696
-0.0440345128191964	0.103201413146249
-0.0488680029128192	0.152543850301981
-0.0331740103068124	0.1277236854773
-0.00383400513122135	0.0125134646697678
-0.0547928272982176	0.212508199040997
-0.0452752628192232	0.162257732933264
0.138441358849924	0.670901922167669
0.0670675588819964	0.215899822156672
0.0282587002998685	0.0876717982461647
0.124363892520045	0.517230827433577
0.0201489287222477	0.0543004336118632
0.25835046920679	1.44096795072697
0.155326218777172	0.638593753062889
0.0128326152925996	0.103978218505121
0.0291014349078117	0.256785173886491
0.062924852658638	0.622169095900246
0.00244059235606306	0.0134016339820613
0.0620481584244679	0.451943459538287
-0.0190548975646357	0.111157660509355
-0.00580465307383524	0.0306992217167679
0.04756184186717	0.295900517944509
0.0858656483325887	0.598744912827972
-0.0383483116581834	0.227978338569978
-0.0312396581929547	0.186292865798362
0.00845051683992663	0.0422759289853614
-0.113270838532749	0.909687310589915
-0.0201438772500571	0.0997471468101823
0.0738092305319005	0.473211916848607
0.0631296497245799	0.401785960025454
0.000866592572266845	0.00318600061282804
-0.0686814999523168	0.270818802300059
-0.189803096919098	0.960531221229807
0.0181698090201515	0.0641185873992216
-0.0657661147550184	0.278049356533553
-0.205128200409581	1.13367991864077
-0.070320781228889	0.467573932428519
0.0118392018758908	0.0555722449094445
-0.0115988493441358	0.0568281590051717
-0.0782139496981483	0.559362010156439
0.0283225031605487	0.143681414317683
0.0893453784560327	0.518570363949482
0.0220498865745175	0.108358448732041
-0.141772129113641	1.1885658323832
-0.00216072045215496	0.00984982310813681
0.00829442623205514	0.0400675149800124
0.00424283121142458	0.0202976336299653
0.0276319816707045	0.143120608891629
-0.0163302241471564	0.0685686617236918
-0.116811788159275	0.408873146892882
-0.00836053438152864	0.0354689906008853
0.0159417374555445	0.081057136523943
-0.0103245397280365	0.0370634499714979
-0.0258027246564438	0.136310811789867
-0.0591033246619974	0.379108274772904
0.072248444134986	0.425102214377123
-0.0344886965707305	0.188509535017576
-0.0622361111777866	0.402183322693531
0.0574654248126497	0.3727421846885
0.0322442061161079	0.178745562504855
-0.0554204163499891	0.243297329628525
0.0032271285398171	0.0148016981576205
0.098587242338672	0.716491296032499
0.0364650942857171	0.0605178064514152
0.519679093218259	1.20343203327701
0.14697214464557	0.52423263269232
-0.0470186782709427	0.174712170742153
0.0599301587184012	0.241117461988451
0.00339717386227518	0.0106373082800618
-0.247396600402695	0.956525231054591
0.0191999302849171	0.0384819578668774
-0.0367849473282769	0.119275448802302
0.0185427199830239	0.0720130141100938
-0.028723722720769	0.0896372164537447
0.172256903194093	0.745661421210916
0.0930912785506942	0.497937790601472
0.0368720813104426	0.126047034840015
-0.421912771445479	0.703222159104101
0.0264725264963963	0.0249385935707371
0.434724194574304	0.689962608411083
-0.293975651799166	0.546423526356951
0.205347992820201	0.614350664116337
-0.157703516464294	0.890226631076908
0.129287291119809	0.732527249028483
0.00788644787021251	0.0251758357581949
0.0173167759989282	0.0590563092872513
-0.0171647591956712	0.0609411157401821
0.114541816861348	0.484869021378468
0.196748672065638	0.878413927261103
0.151199559421724	0.547835462712691
-0.0000221217109898474	0.000161399201136235
0.0196878223475521	0.159830027022988
0.0412756892350039	0.336047388338276
0.0455858310779358	0.323437167345873
0.00385746345464832	0.0209779136401604
-0.0303670994307841	0.185840149111838
0.0371896800764107	0.226015683570441
-0.0272620735132392	0.15181649436142
0.0595602352795048	0.403769983098215
0.0137969884938517	0.0748115690258535
0.000000473294018598445	0.00000224563459959281
0.0330867940265979	0.188959379522736
-0.0709240622323619	0.472498801525496
0.0398274381458779	0.23198175382173
-0.0170957218104863	0.0893266695719432
-0.00444468325965413	0.0188593072352874
0.0322988488078516	0.139135538319045
-0.041761736459433	0.168084457030631
0.150759068189123	1.02777399179397
0.0517152665514443	0.249718376119977
0.0306028756801011	0.126258848632304
0.0329339784838005	0.184683358646685
-0.0617795088295558	0.386978038890093
0.0883146419124778	0.637679790112708
-0.037933503001271	0.224170482311236
0.000208644703522259	0.000956997936069179
0.0084086193500756	0.0386694834013764
0.0768409518543778	0.505578021046332
-0.0790510922055372	0.538274961968329
-0.0677708664365368	0.438741660546714
-0.075278916097078	0.506427933993257
-0.027419116789172	0.148251593166129
-0.00414202119230697	0.0193369611865192
0.136433976349971	1.02120522252458
-0.0197324474537916	0.067201183156581
0.0731821707189469	0.454711208442536
-0.0286098787147804	0.152368117961712
-0.157321470555604	1.14003568509446
0.000163559024583358	0.000759691355519795
0.0200845804016151	0.104874259374788
0.0798433588032089	0.507203249598148
0.023452964944462	0.119561266072454
0.0784522063339292	0.505670462441743
0.0231255449211078	0.123093388618442
0.0563355627703307	0.346099950193603
-0.13969019007357	0.99884295835955
-0.0577468089484972	0.329291744639269
-0.0169651470624546	0.0784962554900947
-0.443399480591144	1.06757303042791
-0.203533569549306	0.311837326893753
0.135194838461288	0.37219401112007
-0.126616283808838	0.490541532919852
0.00596244282397233	0.017906484341767
-0.0410300105430993	0.157515154750936
-0.136582124706299	0.506608679142507
0.0914137503005057	0.284548458913269
0.138047631921257	0.614769851867615
-0.0787661891545391	0.34988739924241
-0.308733104727263	1.91937431554534
-0.0727161588052803	0.259666737506914
-0.0206568127503425	0.0764342835710202
0.149716409149966	0.703639002512693
-0.0868690091109607	0.12523388919321
-0.548384477432911	0.998277646972076
-0.216688498976354	0.304303237368464
0.170357923913639	0.411085800253178
0.00784376426072243	0.0182429835703943
0.146791724920036	0.728569037723918
-0.249708897739461	1.65064463706806
-0.0227983478025771	0.0749392289361735
0.0155130498563892	0.0508151022013295
0.0380000275537638	0.134147565608593
-0.0447523163120517	0.151690795928397
0.0362330642601117	0.115566055788359
0.308472087908904	1.93849978174737
0.133649925272544	0.568183103504205
0.0125046740970002	0.101250844411953
0.00618852238130446	0.0458186738455725
0.0204116380723876	0.150520819168166
0.0324347812683822	0.245340006761347
0.0532001567059639	0.410895437304677
0.00501178570381945	0.0274966353142661
-0.00785125806278004	0.0416174626777839
-0.0442162889754157	0.284810600849759
0.0739713455867955	0.549692180391443
-0.04540018551152	0.288395343546583
0.105709795792425	0.84871509287549
-0.0401418912417792	0.237718233017951
-0.0300079576241949	0.169142269241555
0.074725500972484	0.519017613523366
0.0572123956763519	0.339747759795802
-0.0130099280178905	0.0566295534296577
0.0084897654834199	0.0348269913167787
-0.0675663381052549	0.377240221748712
0.0404234832469654	0.207161307025263
-0.127144286097549	0.91858011736194
0.00694672053817218	0.0344144373943635
-0.111785446838082	0.876962627314704
0.0641035942131861	0.424195801737484
0.0668238457171554	0.447914300599801
0.0374618458859387	0.211009942901496
0.13834468238269	1.15748649253859
-0.0528326845985581	0.314394463002682
-0.0564915229749048	0.35740844913644
-0.0908497420577096	0.66508865079455
-0.0206536575432009	0.108659571851637
-0.0192950447669746	0.100045275348046
-0.0568965671500508	0.342687530793956
0.128875163581809	0.992031432437849
0.0783770381969938	0.369291883223595
0.0291388597043854	0.148314131454893
-0.147209939194676	1.25186942263941
-0.0460662622245668	0.253965211664172
-0.0193684227141356	0.100010535062408
0.130829839847608	1.07210899733444
-0.0212017809778906	0.107430013866071
0.0309477138823154	0.164961831448432
-0.0126447211538121	0.0620476449131938
-0.0128502834453691	0.0622643180063799
0.00925341631374205	0.0437291366982038
-0.0582270996359214	0.318322468068606
0.106920350746351	0.629097040179887
0.0035561492863901	0.0130631755439511
-0.157377788092546	0.200961844845618
0.0855091239643851	0.0890643450894442
-0.309157101267585	0.892252204194377
0.0279706346712133	0.0724757007474598
-0.167413134630561	0.675697320665591
-0.0940166598195168	0.401393484181959
0.0434169390696344	0.135536032100482
0.249019950677784	1.32150454978693
0.111672576344228	0.44355723502958
0.132222634551791	0.576535077586637
0.0755638785505208	0.278763720947311
0.063013655272828	0.216927008887873
0.000436425567552264	0.00126616874419577
0.117056937055304	0.469365083858571
-0.00235375049073143	0.00381481612820592
-0.0875095799777714	0.153418982940996
0.00437817195290449	0.00507478725349223
0.0276379251386144	0.0568600018047959
0.226833394201118	1.05103707306996
0.141625502022059	0.707701130848614
0.132775529579313	0.686289690317066
0.177966078842656	0.953243026962138
-0.152196209575374	0.762531664826263
-0.172767473683072	0.885829124229022
-0.0461977041330851	0.151896769970445
0.0871795069793989	0.311450765451868
0.0356246953086965	0.109779221059375
-0.00541544193337146	0.0416219283874091
0.0143063439057402	0.113129831088794
-0.00405616493138141	0.0281749187066994
0.0604814635105155	0.530708527082551
-0.0270930578392289	0.188010984002031
0.050517341253296	0.356202048229373
0.0209371476680148	0.122092977356384
0.0534151886013996	0.359764585390756
0.0538915774459508	0.359374246864071
0.00466861633692918	0.0236589287273521
-0.056533044854918	0.369943193053834
-0.0612724815170472	0.404851890556628
0.0210203874633585	0.11254645454779
0.0677667088774497	0.43896005542128
0.173690910593417	1.5355184061655
0.0276078688265674	0.137305156710712
0.132297919112591	0.960034133550778
-0.0529509104211668	0.299513012779123
0.0466171058095752	0.260786739144682
-0.128713649444937	1.05000498842649
0.0210938952665742	0.109336194412612
0.101307373868158	0.773885758743825
-0.0490135715694069	0.29524700395021
0.0471607640090142	0.281466616629159
0.0427629824798506	0.249262492826981
0.0130377332797243	0.0650280140924324
-0.0178899134604097	0.0934934236242493
-0.0376918303333687	0.214701933774512
-0.0929585874339534	0.664365542666703
0.0413466705371859	0.23268447497087
-0.0958019160613864	0.644889666230611
0.0272024152780576	0.139708811905225
-0.214991813053749	1.6321491434438
0.0331690561397604	0.163954787380781
0.00111959649777742	0.004855975792044
-0.0891252728484335	0.604916706106391
-0.0935864188335533	0.65615704843137
0.0334719602106189	0.183687219071439
0.0116882702039288	0.0556556349889442
0.161764708863738	1.43545056782591
-0.0656622539146003	0.379808720329945
0.0581227743999168	0.308398663598391
0.105855591052951	0.698317373299886
0.0811537047833825	0.512020256067772
-0.0300837351091239	0.117304413709734
0.00823215866109904	0.0273845707651767
-0.224165820843374	0.242885576501475
0.396670830864481	0.528215777873336
0.12163888579899	0.237219076162126
-0.0228351262862049	0.0452390867508718
-0.0791749968780295	0.229065514530361
-0.0139418679239756	0.045775475359553
-0.0610632430852749	0.214172315718687
0.127582728004522	0.52589052239536
0.0809506491160796	0.264449594351882
0.187137725116304	0.814870837654244
-0.00951373319613649	0.0242231049859151
-0.120522665758162	0.462431294993521
0.106078442010267	0.363634328444994
0.072641362569107	0.237580723765828
-0.0263311767086913	0.0456476806766044
-0.167872130678992	0.303787087481773
0.448398425886046	1.19501912378256
0.256831200860648	0.946643435521469
-0.262074003232369	1.32021545472111
-0.0422420233323349	0.145664103002111
0.152983154461351	0.720085320051326
-0.120668305523271	0.491164895829265
0.0611487812012262	0.213662505996107
-0.0475891624469988	0.152513044637439
-0.180554812573266	0.753396950675227
-0.24958185040839	1.21157144518066
0.0471521430440611	0.136617995693486
0.00597490448002285	0.0459496752642217
0.00902951476367063	0.0699780660346414
0.0184416064939134	0.13735294901047
-0.00915448689270094	0.0580027178259348
0.0356799780273318	0.222966657416313
-0.0121369019606889	0.0671748802302057
0.0202082934332377	0.116535876604514
-0.0532870711683413	0.347408440879016
0.0310986722529383	0.180080775358294
-0.0248028603046558	0.136154195845351
-0.0622524023182107	0.405540429444296
0.0103015662426214	0.051889843329783
-0.0499762352575115	0.277644134754142
0.143901004171199	0.99152524380303
0.149981673569847	0.964421280358286
-0.00665483921224386	0.0267602076465894
0.201479186891764	1.61183563838268
-0.0804096234758682	0.44241458587024
0.0299990157464941	0.166319644324155
0.10009826678891	0.727290302145224
-0.0661734500089062	0.420630307681719
-0.0890357439796239	0.65015521538297
0.079755805105868	0.532078307518582
0.0227732443901989	0.114969710815483
0.0990857062424887	0.697355770358285
0.0683217901978724	0.447285506749814
-0.0227421585263195	0.118632055345425
-0.0360855167734501	0.20049485114017
-0.00320231940701383	0.0149693884111133
-0.0514430124163872	0.29181537117761
-0.0207617600129212	0.0928539189994463
0.102778686550049	0.454663819235292
0.000423292207295291	0.00176790888916817
-0.103488489254618	0.743522016225837
-0.0201358937900455	0.089315336595708
-0.133433083251571	1.11725460110576
-0.0271482283226465	0.145349639533665
0.0145428734871839	0.0667965797674042
-0.056334686971679	0.327770990420036
-0.0112831601918743	0.0533751037294184
-0.0812442164871335	0.534822268293747
-0.0565349487906229	0.322843558760527
-0.182827606311388	1.31876693360645
-0.104503689317782	0.553929598228223
0.0382213910234423	0.152815313903087
0.0775913137883606	0.0953141852202271
-0.147108843355762	0.16144140009866
-0.0211862272298952	0.0345163535626406
-0.024244051413323	0.0590428830775918
-0.122328314757368	0.415727902027247
-0.0244463201084577	0.0729549108936223
0.00896295859363243	0.0229253573554045
0.167030103308621	0.579178254080975
-0.0032876804046245	0.00810600981892032
-0.102125507603707	0.379641374384868
-0.0755687794965804	0.23446830009333
0.0389968965985307	0.113085325489321
-0.205875342832968	0.979803684308546
-0.161383319554923	0.626673071328305
0.0280312234133643	0.041092043869765
-0.0360028913117466	0.0467133624481482
0.5794646169681	1.08692552305312
0.237332350763158	0.62662678196627
-0.0757058494808925	0.211152952079911
-0.0983957789820206	0.433022329838976
-0.132536712347726	0.6555746723089
-0.120056594403372	0.507861075618221
-0.0182444401000092	0.0566100132440556
-0.00627850395696881	0.0190853385874219
-0.0415977523585505	0.136613230497727
0.142267225081474	0.582317128309144
0.190377060105785	0.859939231855638
0.0638770301741271	0.203893300213731
0.00470637912254591	0.0357317957088469
0.00478990456904029	0.0342572844189437
-0.0330228748993441	0.267623946889509
-0.0238833702850234	0.145436052449609
0.0394912074658655	0.267412458837661
0.0422102578632166	0.287955273802866
-0.0224624363813729	0.127822617980396
-0.0110997187283492	0.0581651826170019
-0.0598495482323552	0.388752358979296
0.0525104658288619	0.327274406277045
0.0543975342978762	0.342684127632594
-0.087839825252362	0.543758220829172
-0.108256613848806	0.603864552992824
-0.0372260932761435	0.161640562581753
-0.148122844582898	0.968453399133807
0.072507268683553	0.386684688194972
-0.0914012732789778	0.471449134330672
0.0667211787555849	0.428950034781178
-0.0920232018775343	0.63503151425961
0.0690421891167656	0.453761769703093
-0.01185943150998	0.061310079171402
-0.11851556677463	0.880382452073062
-0.133145391600707	1.01560563300983
0.0405849191742012	0.221590631942207
0.0980209801441425	0.727242241197883
0.0829597612875523	0.56733462480136
-0.0205783978608546	0.10613953447557
0.113016004069805	0.886173010408897
0.0642117522126698	0.39541614933016
0.0299624920815854	0.145415022677577
0.194382508002148	1.0131597340399
-0.0290699829007258	0.135548037703287
-0.0883609564595364	0.6057836036166
0.0516934284926042	0.253451045591671
0.0442135013906576	0.253639383820684
0.000158938245077718	0.000745927206811735
0.00581381983954435	0.0255023859670849
-0.0580657700502494	0.343109526361056
0.0570877649655969	0.349992629076329
0.131165673133947	1.09006960393311
0.0838520695437252	0.561693553175571
-0.00657844572381813	0.0258291364174644
-0.16326303181075	1.10881499438627
0.0407015777705638	0.17837020295488
-0.170922352791435	0.207601587762327
-0.382701793848546	0.507811687355145
0.243713959257415	0.672068487798835
-0.0310842243065653	0.0832337351256697
-0.00501264353416997	0.0128276811052933
-0.0233328781279858	0.0749371627999089
0.00683816114365824	0.0167769102879259
0.0172017121644768	0.0373225227698181
0.0295456837526117	0.0792171624985313
0.173852562482908	0.809101701257024
-0.092864267657943	0.303551083800616
0.185895223760391	0.798229507052349
0.178997494314606	0.88980322341852
-0.0512704856771998	0.14795716876419
0.0604930705507195	0.0946118157553977
-0.577055281261281	1.10808404113178
0.0816307569549198	0.101127954409967
-0.0383732398362944	0.0669493473201894
0.0885449381010172	0.230136292343731
0.0940425961924977	0.409099081242562
-0.0347045983047788	0.129131356768235
-0.170140348127715	0.864671714523331
-0.0546577694119429	0.208169037028649
-0.122840569451729	0.598598346341063
0.0450212428150538	0.1608095963229
-0.182636317052405	0.918958168045198
0.151905174942656	0.638192927359766
0.0201573292667244	0.0609156721825783
0.143432707677774	0.557071804667003
0.0203281433285656	0.176156755893748
0.00308385355531926	0.0222632076593558
0.00257016547889405	0.016047112551282
-0.00487868391600935	0.0302016170535743
0.0675303580941632	0.587569522654259
0.010633371230093	0.0586919383974129
0.0348220478291313	0.209657775960816
-0.00165295207732872	0.00812795012693553
0.000444098533256359	0.0021225316602157
-0.0297060013890313	0.164494136869699
-0.0521848021687871	0.28916444022732
-0.0507355107527551	0.24634425022595
-0.111759802675693	0.661558192669798
-0.00567324314417554	0.0238094296539241
0.0566758905727785	0.302825020336091
0.095041505881279	0.567104674608421
-0.0131095740955037	0.066882252473403
0.00931943413445063	0.0443384952905847
0.000127162258982066	0.000596922993230606
-0.0227449290271246	0.121496145624109
-0.178930113279762	1.64474999807727
-0.0373347250148427	0.19478570312579
0.0964901891142498	0.671915675346431
0.0521111191829768	0.314228483842639
-0.0505184681084883	0.300734665621636
-0.0167619994827588	0.085945297439386
0.0295374721619091	0.160224468046389
0.0764866530624118	0.504763586893678
0.00443218788617244	0.0191835315917364
0.115797012608085	0.488939696062565
-0.00910961099940583	0.0385805184920036
-0.0913432959089555	0.649705018977915
0.159854492297839	1.22128796979924
-0.0572425609451429	0.349567507901313
0.0360368320916529	0.204076626158073
-0.0566791785778813	0.31769516794156
0.0355831651292306	0.192231056274609
-0.0198344789019781	0.101349171526866
-0.00507266971853584	0.0241655287850948
-0.01146133875534	0.0542974929129303
-0.254829684568565	2.28571067984536
0.0049278268657713	0.0180664007345752
0.0200985194130588	0.0782939844802349
0.256153079569861	0.437665794915681
0.0113984267373634	0.0124427462162933
-0.0662221279188315	0.141737309498953
-0.189372756853011	0.687747582344873
-0.0545963144151114	0.160563214899825
-0.0401773312557526	0.134043755039643
0.0926246332400654	0.278513558634305
0.192208442686589	0.739063600483922
-0.0136807250700299	0.0369607366454397
0.0264799781605843	0.0850301946636581
-0.0513994765038796	0.169310477841505
0.0223369354020823	0.0642328296575703
-0.078221116628183	0.301333193984678
0.0666662226285856	0.192790370149867
-0.496147866948718	1.42644914412097
-0.16050875426235	0.264236085326664
-0.246558522365166	0.344747784406178
-0.0285339059057536	0.0526487528544947
0.0590348462844887	0.149703967765661
-0.0439803803917143	0.182628420700783
-0.103545142291733	0.520632567101902
0.170786778173237	0.972396131036311
0.00900675662694934	0.0308386513574999
0.0495553836530085	0.197869431983764
-0.142382282572662	0.747882505856939
0.0287984016300243	0.0995931733019448
0.147459960628281	0.724582989697367
-0.279677675396466	1.59068979068281
0.316557723486448	1.51846432834583
0.134965415710293	0.507269097934614
0.00105341070082434	0.0078067456668474
0.00378448405543634	0.027381113432539
-0.0120593736192847	0.0870314422021046
-0.00888883565595073	0.0562963196193666
-0.0160547821541227	0.0969576394424513
-0.0494629592374454	0.327733912138405
-0.0122512929286371	0.0652902057768702
-0.0175474990286061	0.0947712028696472
-0.0907219011046765	0.683007681699821
0.0201567536428186	0.103785759415255
-0.124454463113795	0.970985681152403
0.0874629021171994	0.596089360547325
-0.0531073144009968	0.300912908854604
0.0504273317749975	0.293693373021454
-0.0998325130302006	0.729155745971209
0.0911668184844306	0.650967466787116
-0.00947943408952154	0.0456968132508996
0.0223214902051693	0.118095630217552
0.0407005027856968	0.237066046629715
-0.0301960197093479	0.164459865570422
0.0601796507184814	0.378271177106255
0.0456287783581119	0.26573004474602
-0.00348382152045933	0.0168191467554949
-0.0988678570848702	0.73863215517911
-0.144412876961604	1.2643921853603
-0.0233082566680114	0.120829564638492
0.140459623536463	1.13790004802801
0.155086751354787	1.3035132645646
0.0999281495215934	0.538549825716326
0.0291230887372053	0.137807963312968
0.0384442677626269	0.193407216921352
0.0658922612783851	0.398483767830927
-0.190190087417008	1.83164651845964
0.0294142860842335	0.153927005317179
0.0261182644062058	0.134815216629412
0.0328676563706975	0.168010059282098
0.0456777390985171	0.238684988037949
-0.173710847643707	1.28947030902658
0.0546252020170845	0.286664662574556
-0.0250868056313735	0.123078953206232
-0.120249176738361	0.594179394806174
0.0861483666341563	0.347946006652355
-0.246798727754642	0.265759498977898
-0.225024218621428	0.243533372117283
-0.0155310048062327	0.0223026832550592
-0.0449012078673934	0.102395978991036
-0.023731512327857	0.0569053366964759
0.0263404308327253	0.0908920657470367
0.257858941749649	1.4129528477708
0.0113230284585952	0.0363232623717175
0.0751991245918942	0.237693784204547
-0.0349012226976548	0.0988883372959748
-0.185219476717648	0.787112260754679
-0.100029854921893	0.403557184612199
-0.0152246566658262	0.0413629044031278
-0.00766130973558967	0.020719943348393
0.0765896246248181	0.173269528885066
0.025035330771506	0.0470446767341054
-0.238119989664613	0.574023400293309
-0.139284795304044	0.410243661271424
-0.114228855518434	0.469046132126998
0.117170885636946	0.496405303190784
0.0683023370933576	0.258830261892947
-0.0269328482641647	0.0875695584819429
-0.294184693717428	1.86076169853416
-0.0596366605111271	0.211160011622977
-0.0629465370620941	0.203277157405623
0.0298523891189091	0.0835357521092798
0.0111443342738264	0.0312040510114373
-0.120654974440608	0.426649395643206
-0.0538169184086906	0.181761597379495
0.0688527736723215	0.216799828172091
0.0124306991382794	0.0305771979426982
0.0741912511140646	0.239915219770256
0.0128417729397014	0.105672585988338
-0.0000932521119250062	0.000657955767702873
0.0332388889808683	0.269694496885173
0.0222199632940996	0.150126002947634
0.0229366936411903	0.135948703269039
0.0577295730145852	0.400755347406055
-0.104529530656838	0.865516575147042
0.0285054541709832	0.159120581402367
0.0834360071766766	0.605324953179298
-0.0861676677594352	0.599264665435087
-0.0684298490948391	0.449005966869436
0.0595355154611515	0.375147018347502
0.0231523645190852	0.119071174041652
-0.0251724979127558	0.13429722483531
0.0913184712062488	0.639859831415101
0.0282286545394548	0.150103585754926
0.00468167193728808	0.0227526768572246
-0.02453974138955	0.127603528352268
-0.0198596901227512	0.103493354723072
0.019464755380419	0.102682667509343
-0.0238504230475346	0.129342491188935
-0.0420353098491953	0.246634583793632
0.0547077520225457	0.335350798536949
0.0254665177160283	0.132853175920308
0.127337296953262	1.0149708824146
-0.06377390336714	0.375399984648013
-0.0606381843819163	0.355946815073325
0.0665461571050086	0.35156915130614
0.0882931598563066	0.529748142219982
-0.100481256674122	0.647732918361582
0.0334798479317652	0.181317562969392
0.135381649761605	1.07978581607565
-0.123864970523589	0.817018515543768
0.0309166946515268	0.16524669708669
-0.0457363729237067	0.233004644570449
-0.0309505432755541	0.135297044888551
-0.049867903508454	0.202680921725584
-0.0128711190174558	0.0528627616544289
0.0623660114528737	0.361261947095129
0.126095965574395	0.63204290200433
0.104004906213498	0.40227215191864
0.0437995588098744	0.0368800999493242
-0.254505620289724	0.236938579904184
-0.103774750120279	0.163338334251388
0.0816917795330808	0.167222996508613
0.265881245073519	0.99172806095276
0.091056671812996	0.398684317651369
-0.121261518797797	0.515899396089123
0.0544429597285397	0.209201399467037
-0.294460420118496	1.49692890135037
-0.163923321207157	0.612415706998194
-0.0848275188039055	0.309378667512758
-0.165333858759383	0.76408982385058
0.227380614951304	1.04255960259262
0.140638873308094	0.560291252505048
0.0997965973749632	0.251802361899137
0.0250087497630843	0.064885284319932
-0.0768515280715784	0.326104723201818
-0.0117376110566289	0.0337714672718885
0.0651104314009191	0.215228298307328
0.064801766022039	0.233699350102599
-0.0857789992336904	0.30724135466384
0.0749065780924966	0.255333671297604
-0.0743449040481725	0.220036170284078
0.0747871016054159	0.232397933054743
0.021490226212174	0.0544919537071919
0.134399557113098	0.43265103418303
-0.124582201291703	0.507723288703232
-0.0125889933959643	0.0328471324097185
-0.366338637675141	1.56119269009405
0.176472073906292	0.713290873434945
0.181604014125635	0.758610433400959
0.0554966071202398	0.190524245682597
0.0144621887542378	0.119995564018418
0.012879757472395	0.10012615420621
-0.0112471107787677	0.0782543693948868
0.0406888447056981	0.286622054929832
0.0621680514688117	0.453272993594972
0.0013387277877569	0.00677843948313403
0.0222915743151923	0.121775727934311
-0.0534671582256214	0.33326839590344
-0.0855287487143837	0.578909745252395
0.106195056488394	0.770288052828881
0.0414400563627894	0.22973114271432
-0.0606516724145924	0.356013737554304
-0.0405157627403002	0.224645616124855
-0.0791559166866492	0.548500866988133
-0.0394833722047107	0.22563988699669
0.0658811385919195	0.438163863648247
-0.0164412470560993	0.0856228165131757
-0.000629044015929709	0.00298004795885028
0.0637002623046365	0.410329699007198
-0.0322955851430318	0.180591508906853
-0.0331676881448107	0.188220587651421
0.0208949385235316	0.109822777014444
-0.0482475175066358	0.287976634978246
-0.0102729486006343	0.0508763213183397
-0.103093118166991	0.749766609554772
-0.0434103591414101	0.237448776169195
0.137729777164044	0.784613008935933
0.0739812436655807	0.443106001120876
-0.130054337157777	1.01896084101796
0.0659716123150796	0.408735060912191
0.0395292450804447	0.220440418708782
-0.0725606023666205	0.465776092374532
0.0226151011679795	0.113213576710107
0.0186702543691759	0.088614308230868
0.0766396896048754	0.48926530659975
0.0496729422993786	0.270115394623191
-0.0867621933294094	0.559517053370642
-0.0012231102983398	0.00507209380716483
-0.0296961170826429	0.12628400141249
-0.159256684754645	0.898728035743802
-0.46978467668122	0.803692220100273
-0.795829183405558	1.17420528902989
-0.131613091399985	0.297467856672201
-0.0227252556821454	0.0533631984960756
0.0200952509323946	0.0524187123972659
0.187075461264054	1.00243014577774
0.0547423516197567	0.176640347531818
0.171468154392287	0.715900354949752
0.0087196359301393	0.0234334859328971
-0.125007538333584	0.521879698302411
0.0130709473848214	0.0389388723118172
-0.0976856306210917	0.356659354022812
-0.0237895931431843	0.0755346879193917
0.158081182696681	0.649452296400512
0.111602519684651	0.208426528947069
-0.174279049306874	0.469689021024869
0.0637248356160752	0.199930197110969
0.0797563702754453	0.32794033058458
0.0354379587924483	0.120294518997824
0.0593441225984964	0.213315476289385
0.02236604492014	0.0725710898903043
0.0266881741832618	0.077709019345583
-0.134890743088915	0.550678396958173
-0.0925262815689545	0.329429230198217
0.0567725742846231	0.1712834064708
-0.0212404289568057	0.060788829845844
0.235382965626407	1.12354203017241
0.0933004877570504	0.307649172282649
0.0243268673021051	0.0696155296389575
-0.0427444767288484	0.129185204533294
0.107695172550142	0.365742876339507
0.107140737065491	0.398051561010542
0.0186820750212514	0.159103964824072
0.0285637047454655	0.252178978327817
-0.0427331243986457	0.368982583530421
-0.00104562588852562	0.00590946734803149
0.0243176288552227	0.145028860493438
0.00103540927416857	0.00525883250586176
0.0114245219041371	0.0571755350830035
0.0357372201768947	0.188505656598071
0.0993445466864375	0.645768998707816
0.0812034250561247	0.532399734919392
-0.0266557133988424	0.135457995218601
-0.00189874527526786	0.00790270128342313
-0.0315499771776182	0.18238636438783
-0.0160845932571792	0.0835408035116387
0.0112446154836979	0.0567244195830634
0.0601242997642963	0.409866093758003
0.0714634163982665	0.470779619828263
0.0101471921833383	0.0494048553798409
0.0418615654359777	0.242191044782318
0.101422640116848	0.792031757050834
-0.0923279783767629	0.683447733602935
-0.00963116642164972	0.0482899559722241
0.0321704167013673	0.182183680787513
-0.154181626408079	1.37721042235349
0.0381516224367272	0.204293175740174
0.144216650305822	0.665419489818487
-0.0556152978864569	0.317321629471572
0.110861812129556	0.857234570518231
-0.0220825177330884	0.102049153811183
0.120731992528152	0.99784687688106
-0.0174945138526456	0.0915043051688587
0.0578804686189324	0.343226220086215
0.103807049269471	0.754440893325971
0.00574273368704744	0.0275080504378441
0.0184802078866551	0.0961642156798825
-0.11115034684659	0.819763642426314
-0.118580232792219	0.78173163656927
-0.0630158174810199	0.362235176192455
-0.0349240178368711	0.170326433883897
-0.224888813986635	0.416451312511292
-0.0195440453975484	0.0235588725675058
0.0333978906154906	0.0745766409816533
0.017143325878909	0.0515313796738631
0.0279804287189047	0.0887754524228125
0.0228066309517439	0.0849979890049505
-0.0727372263518853	0.233814786903199
-0.142902347047749	0.485850168139752
0.064079505590823	0.209707993139569
0.0672748124004622	0.279599287082127
-0.0620257746997054	0.23259154835714
-0.102752405700079	0.378947256828896
0.0115367650499207	0.0398286358127262
0.0789069991913052	0.290141589507538
0.23494891703889	0.354209873051197
0.0996311563467397	0.193473459075965
0.124321332701183	0.581809102684998
0.113963472988294	0.561821204113785
-0.00417427592757722	0.0136226551715376
0.0802131493924921	0.31214651731033
0.189281932248036	1.00175958135718
0.0969179069069967	0.316389731552845
0.00517806115825935	0.0136388915189994
0.116487631065709	0.484446324313364
0.0850102090901733	0.270607993608795
-0.0986108847217933	0.339698562538874
-0.0922113826283891	0.273914857475252
0.0958204219376067	0.316995830770877
0.110015961414041	0.391336682500336
0.0122576012821651	0.0996028675321513
0.0247609587632032	0.210659137369791
-0.026748651783426	0.212270471395662
-0.0414538865363005	0.308317281937616
-0.016522567561866	0.0945654760149218
-0.0193321183198603	0.106058936970186
-0.123458843326522	1.02665969951025
-0.0251724036382895	0.134643443454936
-0.0608649977906787	0.38539192349912
-0.0117276989380864	0.0576444559148016
0.0545607278607155	0.333273922744118
0.0266348960364107	0.151704065412978
-0.105760218404219	0.833463267317135
0.0566702970241101	0.36923993044914
0.00327547697571963	0.016275937308277
0.0458514916041129	0.278211367653418
-0.121077107953281	0.986317116539628
-0.0142129456111385	0.073135937112575
-0.0898296264653562	0.667873751285187
0.0088946557141431	0.0441839913875485
-0.0180577519639865	0.0947882293193316
0.0117495004422319	0.0593953090720485
0.0477460494367092	0.281626154872222
-0.00173119358264618	0.00791894014406012
0.0987936625990547	0.535987736390373
0.00982891019053209	0.0448257853941822
0.0744097126999431	0.482524134258004
-0.0480936408050883	0.274931423553684
0.0365817588971972	0.210114698167587
0.000555098124755034	0.00262981727633423
-0.115877995692425	0.911092477426026
-0.0165298155451544	0.0834102642506874
-0.0466873168009407	0.272097394311502
0.102778245813074	0.728747415696181
0.0059770197174495	0.0282469814213644
0.132923161931296	1.02728982160366
0.0170939903683096	0.0732674602332958
0.0362517693127372	0.161330309246824
-0.330346041290694	0.516174003567934
-0.039324616872616	0.0407298184594911
-0.0462207814225965	0.0846825058524912
0.0141886664735719	0.0342382063589379
0.115878327979702	0.41182643192909
-0.173746526216491	0.977911730933389
-0.0038287124832952	0.0108352274177924
-0.0494823851443336	0.148958242688541
0.0524256936641198	0.171109696220226
-0.0166813865925386	0.0542406064928929
-0.0002406298900008	0.000729765074584231
-0.00945331449125949	0.0289203763200222
0.114130356597116	0.497316059699619
0.0495580096000768	0.159094316882933
0.124286558592091	0.299156397351315
0.0303098344234609	0.0876551874377631
0.0231862660223173	0.0675531642491889
0.0486988031762571	0.160978310257609
-0.0234452391020697	0.0641288862480957
-0.0614372512551481	0.197725487426509
0.144407839371768	0.573127614362764
0.352565454592177	1.14623886459164
0.0131414618889699	0.108518118147947
0.0000522953890392977	0.000366796414266744
0.0269441876875468	0.208169005053558
-0.0016501433049693	0.00931914134377839
0.0325037074071805	0.194574643133003
0.0255934416851596	0.142433926269105
0.0342955437971448	0.192413419509128
-0.00432059916221567	0.0206507833227303
-0.135319702702445	1.15612935073692
-0.0264935420333219	0.144677869368327
0.00712775360522738	0.0365730935044324
-0.0454627793401331	0.281479405251036
-0.0184296479831434	0.0995906365937832
0.0502310532831514	0.320637410860978
0.00286068484174286	0.0140345176352992
-0.132290366781409	1.15449732573347
-0.0642833842043074	0.424190745777377
0.0220655610106736	0.121017860581297
-0.112911852776956	0.921619876008449
0.0171903464631193	0.0889829951928408
-0.0000441932614384392	0.000206290262022187
-0.120324289488175	0.956321363635225
0.109175679941221	0.845028516292813
0.0398194614153094	0.185145100505844
0.0496510990166597	0.287885459274003
-0.0469240748153931	0.26225046909708
-0.108866514608707	0.792913596984149
0.055807027683669	0.344739841536854
0.0228475548241418	0.120085291399315
0.0428257937224732	0.249299556079685
0.00765993042681928	0.0366924515914532
0.00197561055175575	0.00890643771880705
-0.0837990575846281	0.539593738176422
0.0197729182590235	0.0976836694831226
0.023087167723704	0.117806333754278
0.0465184687560529	0.234787106935841
0.144404375534746	0.948106708448541
-0.167170491656826	0.251984334558675
-0.279994270297912	0.394046627806629
-0.133661646072538	0.287036553961724
-0.0980383505067673	0.291988898961509
-0.0791493572012296	0.269447214550301
-0.0225829166511621	0.0849318397257623
-0.0780905338790067	0.314362930886649
0.132400676807332	0.57608958154279
0.11339725686259	0.437759970887691
0.00911185005895017	0.0271050809706008
0.10583321874875	0.441609474664351
-0.0272182370651441	0.0910781564650912
0.172838126533222	0.863616133631736
-0.06179456547304	0.216373630209424
0.092049023289243	0.216434717640341
0.068590994926234	0.233735497190037
0.21250065052013	0.929687241927321
-0.0256889586202674	0.0748999426254231
0.296481156197828	1.58825012016734
0.026336212535826	0.075841421043158
-0.139602568228537	0.532518133408872
0.0758662384342841	0.24495778153356
0.12410848563183	0.513597368186425
0.0728807396802769	0.233903931159464
0.0191749029748175	0.0533944322027961
0.176905307548943	0.560231443414177
0.2376045298196	0.508660933051921
0.0247570065026461	0.0479109438255485
0.059924876202093	0.125776591745372
0.0117894074571334	0.0959469709049597
-0.0167036221200164	0.13162818488701
-0.0355892155238499	0.267070415638604
0.0062435746506138	0.033783304868801
-0.00108741609061031	0.0054070088455351
0.0501999493173007	0.31332438918117
0.00839555546972283	0.0427492775082334
0.0389238586581537	0.231179812046957
0.0524122610105256	0.339496616358359
-0.0215184890532025	0.119822137653609
-0.0113081680289925	0.0588109218510555
0.0193781294791183	0.10506549654886
-0.0875226619500571	0.648621476128806
0.0286639904703488	0.162770259888948
-0.0106464191609004	0.0543118740109087
-0.0504821552800524	0.315975139676065
-0.0300379550592361	0.170961571276302
0.00418836522033569	0.0199022391590603
0.0283030378801711	0.153807551541187
-0.0428418441471737	0.247042850756063
0.132244079186123	1.11676900875565
-0.0404714219007315	0.235119085333406
-0.0862551691427173	0.559759283195931
-0.192647441791315	1.87731169290064
0.0808571148445299	0.526771942856553
-0.0124900099114911	0.0614677159590397
0.0700576468244139	0.455530311266354
0.0129038487555985	0.0634786301686451
0.0452275541364371	0.270793128368069
0.0210378594562217	0.103650068580455
0.169562878145827	1.45363943238937
0.0864029308762938	0.489212888513195
-0.0508153472860937	0.281673689498181
-0.0408487498959965	0.228210646926209
-0.126037029879067	0.782786524733948
-0.0226151330753965	0.0860128629818584
0.590926390588009	1.06778579866889
-0.466410489971825	0.556515826993421
-0.277600310351699	0.710910105447056
-0.274582725742508	1.09216915804474
0.0114712833053749	0.03026356730073
-0.117992711545463	0.614865293732219
-0.157524345385445	0.752778243122087
0.160254139201126	0.906138571672827
0.165052786812917	0.836557939566203
0.0166400387034813	0.0499524112569239
-0.056928536015753	0.21241696296214
-0.245691089225668	1.53937730299994
0.134500903871049	0.605246739212471
-0.156508623341331	0.705769232609694
0.256843960023853	0.948209031777744
-0.0148215515127084	0.0300307175212082
0.380935766083396	1.27183879469351
0.0889110528088783	0.344251731127586
0.0676880630304852	0.260808715113543
0.167099758541087	0.769757097093606
0.0123724169646265	0.0361585659161401
0.0253603862955023	0.0738173980164752
-0.0073100796000653	0.0206822466220351
0.108303986237402	0.424821799211321
0.109010596553017	0.387723686766659
0.119506881687072	0.461571849142336
0.27105158799236	1.45579837405231
-0.0889442040638365	0.316219636587442
-0.145643714691574	0.551830563562771
0.120057402544915	0.463877845920927
0.169006261809224	0.586315171251696
0.0381184711750034	0.0811172651865734
0.0663092066893289	0.165803982327489
0.0111273096257728	0.0893863314101527
0.000974685216483518	0.00688758572057209
-0.0357373869406538	0.279105506841684
0.0173937962590458	0.101657193290858
0.0143379775323244	0.0784436538334594
0.0549914195618302	0.36526064258323
-0.0448672897351154	0.280240054609356
0.0327782917019935	0.197229906363341
0.042824276977503	0.269972000290087
-0.041646396650834	0.259761995143298
-0.0439318405384772	0.275243288939793
-0.0599060328583167	0.399316595484126
-0.0151059416787884	0.0806427838467542
0.0577701635634308	0.37535873811065
-0.0564649780489849	0.357958795235305
-0.0296582287368779	0.168442279633905
-0.00827025089321597	0.0417291269896774
0.0410897094226977	0.239609780589003
0.0624471212622265	0.384699369818705
0.0539158652662102	0.326269298180978
0.0469853993524881	0.280546650747037
0.0372346875210651	0.202710448455947
-0.0653536955740831	0.41169820496207
-0.00271456833595662	0.0119224273059058
0.0389748773497616	0.222024161095145
-0.0254910509604998	0.136110788018849
-0.0459167608985918	0.266073783262409
-0.051110859577427	0.30717655582133
-0.0479111588071956	0.278350287843658
0.0311122382533354	0.157266314623147
0.00518616459445352	0.0226540473268838
-0.065942114957255	0.397497495784978
0.0732139692871544	0.48763919461823
-0.00104023185561545	0.00442629811293491
0.133324518091007	0.795458060817297
-0.175600610989069	0.262667788680908
0.263117481498137	0.325855333004721
0.114131129519875	0.249437642516002
-0.0357154256544891	0.0920005066062401
0.0851581469553403	0.304808952009947
0.100520916288776	0.563083615720168
0.00459578429500193	0.016534367551573
-0.116362762685312	0.66296908583308
0.0649389716872423	0.247988008538481
-0.0355963593349093	0.110646465287195
0.126617469106685	0.596352489319106
0.0893820806868439	0.375845647157612
-0.0619569754819696	0.221848265213462
-0.104946324609956	0.446497159272833
-0.0990663468198729	0.292254154744293
0.301507681283627	1.07116900404591
0.0366988726848205	0.0832442212076622
0.0984664088866464	0.302604944022563
0.110785842125834	0.508363083549554
0.136320325364111	0.616622600104145
0.134877282365896	0.583674440998646
0.0603223090417653	0.193768189319117
-0.00982057746224082	0.0286745045870116
0.0714409361651808	0.234567837187959
0.0180390591193913	0.0512565693802968
0.263279713798977	1.38847583656677
0.0780812689994939	0.249176475734117
0.0754297488992737	0.28914521123016
0.195492746354785	0.912042987554217
0.19169030915672	0.95032055266129
-0.08076668305074	0.270807798192727
0.200040406032853	1.04280638497368
0.0577497319513169	0.174258398059148
0.0522806861516041	0.183795783397484
0.0238092927977927	0.0646519137884286
0.00222825808637293	0.0167120052192268
-0.0335512829631293	0.292087074132652
0.00795621279753812	0.0458662147249702
-0.0689031311525683	0.506037632694906
-0.00581759329474416	0.0306816745692395
0.0441044409144349	0.279425912752034
-0.00457637426876492	0.0231924052208144
-0.0813129612021474	0.638405168372052
0.0370074243195512	0.226591715521429
-0.122432743394537	1.07738316666081
0.0142233989958047	0.0769781927288226
-0.00203020172692473	0.00995804611021732
0.075163526702781	0.525070919131278
0.0188621737559859	0.0998106542003064
-0.0280046674308921	0.155103872573783
0.0132940415492121	0.0683206758636169
-0.00657702653086807	0.0324013303158492
-0.0216670119390042	0.114994359858433
0.0511170494401155	0.306098262259745
0.0997382225135626	0.738332390625264
-0.0442871717523048	0.225090531622799
0.0212552374647821	0.107312948164599
-0.0324197643650875	0.170298619783491
0.123608992083686	0.968679424996098
-0.0104801529399735	0.0518743951513318
0.0820780562356749	0.575755090268916
0.12052561782094	0.974944990142805
-0.0707178249514884	0.463467544444725
0.0113612508078743	0.0556001140069048
0.156245527630609	1.37510784677988
-0.00287978545746579	0.0133833507822578
-0.019633513115478	0.100605271817745
0.0677319847800466	0.391275423712192
0.0322695882068613	0.156571318330625
-0.0221845865427433	0.0317419428520109
0.249887781711805	0.350880688122288
0.0632807195970895	0.138813947072208
-0.203231223909771	0.934236765168404
-0.164859695482126	0.80209015500885
-0.0383703735159437	0.162897601280889
0.184750034093844	1.03143367093175
-0.0151377815149917	0.0495164546774795
-0.149510187349731	0.740527804032213
0.296702832669523	2.03653919914801
0.130390791966311	0.609395668845792
0.0836514517835721	0.36362395122375
-0.0134219814213699	0.044026355639182
0.0288275213865253	0.105658359848582
-0.249139005435731	0.828483415942992
0.123155166108259	0.285320859500928
-0.044959221154367	0.0795434429762577
-0.0580343381741017	0.15303856541576
0.101643276742277	0.408648236358099
0.125937034891346	0.593261718896076
0.00848826863135413	0.0268153016449418
0.170044663296494	0.747943118903296
-0.0217082881907418	0.0668300428061078
0.18450747683084	0.96892136329839
-0.248608326288055	1.37705050446147
-0.0086124471630356	0.0245939053213904
-0.0153356181457344	0.0451627307591448
0.0217176582984202	0.0662700629538294
0.263027608610008	1.36217656265825
0.0525641102079555	0.172392953124761
-0.00354737270888236	0.00978514608546538
-0.0655066569849576	0.222580994522629
0.036363368863353	0.120600736816604
0.0255030578428332	0.0817555484403874
0.0445064388297727	0.144737932552973
0.065529718355387	0.179795013863
0.017763635168025	0.15184383128641
-0.0335158085590013	0.304245797016721
-0.0104681217970596	0.0756621651206703
0.0104576748194911	0.0678060005561816
0.0623620215877823	0.481054802341797
0.0307405126407358	0.191206961493153
0.133284928996673	1.20400880076955
0.0302349723677466	0.172400639810723
-0.0157420207904566	0.082569370549086
-0.00950883842612429	0.0463083396176742
0.0540975380983781	0.339700597928833
-0.031636873629704	0.179050763783598
0.0325843073129495	0.181412613020387
-0.0773674155601527	0.516928553108285
0.0706642020461441	0.463841900344561
-0.0277460068810479	0.144532010839328
-0.0922580262360977	0.61716520318218
0.0675120903428863	0.405752770399212
0.0113035633711407	0.0554192128248766
0.0110654516368043	0.05341950129577
-0.0484386869558223	0.266053708624078
-0.00838844627679181	0.0366359675599628
-0.00547870477466179	0.0264292566684374
-0.0573114607154279	0.324210040791943
0.0122682389191349	0.0519489404271399
-0.0347106569144829	0.187397643244401
0.0358603026163832	0.176612147364852
-0.104614049104691	0.564034905267761
0.108493822542623	0.5064769821927
-0.021287493771474	0.0915754688090019
0.150532084475572	1.29282948769753
0.0710022311799127	0.311227336233673
0.0122525360570431	0.0348838095498735
-0.344447227534062	0.380774052646208
0.0405472654299334	0.0303688213195929
0.13023858437424	0.220169224845247
-0.239781540006698	0.643343296568762
-0.134471286880519	0.392299868644138
0.00818682863722341	0.0260416788716687
0.019753343167784	0.0650882541123367
0.0301663152728083	0.123876244546585
0.00626160289433041	0.0192102590448311
0.0552401862922599	0.174190119290823
0.10827511587932	0.491833176991743
-0.0199909403279637	0.0684404184140309
-0.416036366667978	3.06534053458213
-0.036399589229706	0.10951862254623
0.00587551899586499	0.0161748117188521
-0.104592683593689	0.357638367844347
0.0274697606766063	0.0711174568251523
-0.110244181078108	0.457549182763001
-0.0152477708145268	0.0522693433419045
-0.0472906754637446	0.137808689269443
0.124812792829055	0.429565498555697
0.00397522941133354	0.0112544305447963
0.0560415913871394	0.168161843946489
0.192806740043603	0.829044400624976
-0.228545258257226	0.935331952691345
0.0221350603159344	0.0589007085947437
0.245606188533614	1.08496622757366
0.147517898421999	0.534230441716435
0.0428625172021761	0.141081950348357
0.0364254388497198	0.09978866194395
0.0997986543656633	0.334705126329387
0.247082832467189	1.16492736255327
0.137411262510894	0.527818589438948
0.0151835094749593	0.127760787612626
0.00192845622234133	0.0137648405369293
-0.01047835622842	0.0725338624536397
0.000216226258679682	0.00120710471552776
-0.00970306471711303	0.0532390414457781
0.0391617793504946	0.22716279861747
0.0976147531239595	0.737746421622854
0.0616999241450319	0.390395478811366
-0.0318021519540348	0.162211965619411
-0.0463792532216282	0.269852851166529
-0.00340850672119186	0.0161317573761628
0.00665323944401258	0.0311509978515262
0.062266107883405	0.375078157826557
0.0710679216358371	0.440280760036054
-0.0968382283900203	0.62959477090719
0.112565586990369	0.687140177360139
0.0131100322753972	0.056595570139598
0.0264406698756733	0.133171584969257
-0.0705880606219263	0.444103378748297
-0.0141759340814334	0.0634438231121411
-0.0622308501912953	0.306114406055175
-0.0672959084103267	0.398475705018161
0.116929402727037	0.670622927843126
-0.0499146298808303	0.208383297015519
-0.0362097148883159	0.189305049841419
-0.00664999575567841	0.0251316270008637
0.0359391592922167	0.125224122989134
-0.0086600314336136	0.0239194829625353
0.0540700152615575	0.225522757202181
0.210296616961289	1.92125499403506
0.139502840913156	0.648726931978402
-0.18587716336866	0.721585102349347
0.121952580033014	0.0988977133063957
-0.636812676237714	0.622355425121618
0.177346867697945	0.231537398623733
0.13590639534371	0.260146394617228
-0.22323477403532	0.655127894081834
0.0315642839900736	0.0960702862666229
-0.0687302964521354	0.227417882981415
0.130111714868646	0.730119030941763
0.0542563608503406	0.183175533369836
-0.185104443141792	0.745849470561682
-0.0132742924479602	0.039028708014165
-0.0937831380176442	0.369353862165344
0.0525734449041475	0.146642487305829
-0.0463904426655108	0.135152679179548
-0.260978206203582	1.53755608767422
-0.00314720835221928	0.00910879957027601
0.0199445525272645	0.0544527795193488
0.130441533193199	0.585441981263426
0.111596401761512	0.495110801158608
-0.0486869130355603	0.131242621593859
-0.130183266467755	0.384553839441836
-0.098916205974588	0.320724940474114
0.12354329860019	0.41626333683442
-0.171255356186118	0.606220688381828
0.0278626453119688	0.0630368539957897
-0.0200889865188751	0.0502204473950827
0.0963831284085797	0.28126349332816
0.166902911962592	0.528495011175291
0.214187316257504	0.889221908251965
0.0717562329944083	0.20971819497324
0.0171004361898654	0.0487556646778905
0.0702590087572298	0.186683610744502
0.0108505959613276	0.027811485520516
-0.211618596286809	0.843604285459269
0.06627889977358	0.1998886415749
0.0236583908810551	0.0593625299796813
0.0987670023450293	0.413802391879898
-0.014269334491765	0.118809972615574
0.0060483692640614	0.0440194919230293
-0.0165797032419152	0.112735832362012
0.0143811815090554	0.0851855034485572
-0.0611966484862402	0.392667404319316
-0.0030810408072154	0.0148397394062421
-0.021463820425708	0.112759040973256
0.0163143857891341	0.073394264518698
-0.0208908907239798	0.107629633013674
-0.00902981760195802	0.0444270899604278
0.0893319267632293	0.61380111098719
-0.0781065624143198	0.4995936535378
-0.0453205503563657	0.246730878663238
0.0194223840663848	0.0909090044837766
-0.0855974917895381	0.483506551757328
-0.0772975798741356	0.488340282980315
0.0853288899615029	0.565402865110363
-0.109730009853437	0.798279772111537
0.102972968943594	0.628954315255406
-0.0898890767514671	0.499900536870797
0.104808101853007	0.755627763628029
0.0556006354518767	0.245351476851546
0.144796664292877	0.727723843705513
0.00293957543510001	0.0126588858323725
0.0925467491240468	0.468172018193278
0.198097338861804	1.05044223931024
-0.0793920149557335	0.24048790879013
0.151760634295597	0.780581892854647
0.149560226453242	1.05038551477063
0.0246579050646621	0.072451037286745
-0.0584219695456731	0.137966146383853
-0.438169581059837	0.29245230628166
0.0969796435637018	0.0424669465026666
0.110446459089494	0.124915242012499
0.0380648964214392	0.0509220459961107
0.194826437809685	0.462542071179416
-0.0884416168578658	0.293376278863713
-0.0454132700748217	0.146087758176084
0.0619201363527037	0.286224833508921
0.0410821851302806	0.127376318169254
0.121841040260064	0.394645899078044
-0.0930188602826213	0.366872108678779
-0.0963040860816639	0.386335138937668
0.313668955084776	1.48670735706304
0.0632046225142786	0.197402009426221
0.133231179758415	0.612052574435061
0.0677634973380094	0.233631706599466
0.0934978223768652	0.311705566845159
0.258816724071477	1.58375591470045
-0.0546258315544329	0.223204783846446
-0.144752233408974	0.482874523647437
-0.119741477395695	0.34907326632585
-0.16069310829834	0.628192211179638
0.0467755422655174	0.122729336361515
0.259578627157552	1.11246831099569
-0.289145957814716	1.07546378097224
-0.191889746638481	0.721907188989175
-0.0221818239939653	0.0498879586794531
0.20147334057541	0.649548788364986
0.0100249135094946	0.0245389750607825
-0.25337756225364	1.06033164432498
0.0446718922561819	0.136422293123277
0.139856107066696	0.413540039791681
-0.101580532554465	0.324151879473205
-0.0750135792979432	0.214936842777935
-0.00882283911227541	0.0210905960512788
0.0518325346726886	0.130617692957361
0.133923583715405	0.561291977542638
-0.000548409189345764	0.00407566291549077
-0.0108929922994417	0.0830001187636043
0.0210860392544836	0.14627191985715
0.0243260918979816	0.140222299724991
-0.0584398947892073	0.386484177755783
0.0373107960023031	0.214813463679186
-0.0014339030090105	0.00668105416770705
-0.01680741123893	0.0855134337506432
-0.0978103421381829	0.742346463693452
0.0430889632009242	0.255580588756159
0.0767872440463759	0.50930385697211
0.0597971659230929	0.359299332191937
-0.203965769529888	2.0526631130059
-0.101033655665338	0.711234400170171
-0.0417361329839256	0.235779226795879
-0.107060931506606	0.773564998350936
0.0812717335051682	0.515234076544213
-0.0654009980625141	0.369906420067745
0.017469574757293	0.0810029156242619
0.136660901930872	1.16586000030204
-0.0929101890838352	0.541234172243442
-0.0711012734392511	0.359230311516445
-0.0440847403504814	0.240494707916667
-0.093337436301022	0.523952564780989
-0.0851264214462896	0.370294312373974
-0.0581601774209054	0.207866435482958
0.0866833037922271	0.439689066779959
0.0383752158318714	0.193425696939516
0.0456139363981876	0.164163333821311
0.0627195292209654	0.182050692619031
0.119921041869716	0.0945631076696388
0.105550166130355	0.127262332954994
0.167204874622223	0.348600581940671
0.336046854004321	1.18650409585733
-0.202388026251589	0.892702292468281
-0.173839933655052	0.722195588357908
-0.177951555467005	1.15863814668306
-0.00714384827779721	0.0217910558699038
-0.067972524719889	0.251062950537196
0.0176775114948241	0.0637859814411037
-0.0216284492496182	0.0749709735412678
0.0419272121009156	0.140828275250836
-0.0599394173524625	0.206032452315567
0.125422431246042	0.517365246675895
-0.0554897443905331	0.175434351829731
0.120683878036637	0.446220757664203
0.215119725844583	1.12571259116919
0.0554435978345226	0.210577848900127
-0.125935823944501	0.475423183165399
0.424394791747775	2.50776834987246
0.0244922842124301	0.0732170920449459
0.020766127405132	0.0607044843307654
-0.178743904409086	0.71379893915781
0.360898696891108	1.72182442633856
-0.15147682774528	0.565794607335013
0.0697837625719397	0.208363836615427
0.0405031221067902	0.102161879110577
0.0738957707543764	0.178284513874698
0.0496517345510505	0.146434177640745
0.100358144453318	0.321831920550532
0.255537736830374	1.20880933742755
-0.125546470736714	0.386901759401646
0.10027233156537	0.328665633668523
-0.129182079710144	0.442174446185641
-0.0929056474538253	0.297571335092486
0.00735857814245242	0.018147038937261
0.131138508792338	0.570217602175009
0.0852885065152673	0.293354955684036
0.00360054233990667	0.0273219318865153
-0.0233297304380624	0.191423903667804
-0.00264110763197248	0.0145099554960587
-0.014797204283372	0.080259153228608
0.00382746728705431	0.01918051265477
-0.0408938993763048	0.240235093900134
-0.0693355946829081	0.467798009538201
-0.113318482581915	0.931147491782752
0.00104857361727731	0.00502837167753321
-0.064920694311842	0.41855336438151
-0.0621233381668921	0.39312697901627
-0.103964373541474	0.762978126231418
-0.0847360227018335	0.562611938864076
0.00812198665314658	0.0379830064113235
-0.0432501351939243	0.249283550564764
0.0231832924117682	0.11499764985296
0.139585499426094	1.13728044374654
0.0201036070297232	0.0965000498812439
0.0783095964373537	0.525932610653789
0.074494720193332	0.449087586377253
-0.0154793984323887	0.0659116642385861
0.0378589548868255	0.199357183086784
0.0336609150492964	0.162059050634117
0.0298837545260993	0.122301276104914
0.0745492389264575	0.299727330777122
-0.0860227482783382	0.463797754158047
-0.026359384055371	0.125579365285192
0.0360391936944289	0.132005589675253
-0.0837285971277921	0.296042576809327
-0.244899406709699	0.277103079506469
0.469953742995606	1.05951863001481
0.0879898014466501	0.178789180505625
0.0906952703494937	0.245057112877614
-0.0794265714514918	0.300752212696769
0.016057237417996	0.0485341987883544
0.0132878893355061	0.0496545865396144
-0.0916358017921853	0.402055015792202
0.000356351545160645	0.00109709146703851
-0.039622777406187	0.1563611058432
0.0712563001374748	0.312867579999108
0.034881994270591	0.116502643446737
0.028427479223008	0.0953567384711713
-0.0425864031974545	0.135544751433891
-0.0836920780121616	0.291289063601874
-0.26712277665069	1.21630633792034
-0.0430411007853312	0.147076845046045
0.121845403174195	0.577618539835961
0.0502434918990296	0.158530386925811
-0.0225233814028688	0.0585923972669783
0.118895655254557	0.492702558888756
0.140833280642364	0.574351106704397
0.252953408401672	1.21084213857721
-0.0378133005875681	0.101504989047289
0.174361143014442	0.670076558185409
0.10577219378911	0.333130108282777
0.0451845304332707	0.115764611147241
0.24601824515523	0.836994711267835
0.227323535852801	0.993640709997163
-0.105766799041029	0.346324216265721
0.0343007508541277	0.0964320614941584
-0.022098062936187	0.0548978776889141
-0.17098844757079	0.615243534282667
0.0647696317150546	0.201498678355688
-0.154374049812387	0.645863663470816
-0.112644129905487	0.392452840079979
0.00954846514119646	0.0316317884440011
0.0360002465287176	0.112354467080807
0.0012798632212811	0.00954396629907215
-0.00134940191397521	0.00906940647507893
0.045151298252591	0.353529369395542
0.00705240326677981	0.0380972476893564
-0.0147666749209026	0.0774050967778712
-0.0178845180971139	0.098297568541089
-0.00444774284369712	0.0227535074690258
0.078612810961785	0.561306349086503
-0.0343326338285462	0.196640171605551
-0.0249202094120152	0.135828647512434
-0.0212006504468253	0.108904716357511
-0.0636993598617821	0.381617433385119
-0.0484426453738188	0.287116700733391
-0.0380089216883801	0.216463520526287
0.0362992667509186	0.212630417337764
-0.0593809783466418	0.35903962575275
0.0688275028317885	0.392231757421097
-0.10630096569873	0.831129351169358
0.126388649665745	0.906451936388306
-0.0544265428093079	0.248835672482003
-0.0336469109189166	0.189756833134375
0.0396738118072011	0.200953058708083
0.101795154229338	0.458959318981375
0.0120914299162513	0.0363694747426522
-0.0939694501673239	0.506794913905979
0.00660514615415267	0.0318925652583905
0.0870943486163743	0.419062521955407
-0.160147869029381	0.556910015394516
0.106355739096515	0.0798266512253844
0.307987604187089	0.390893498687635
-0.408095166558138	0.938758020596416
0.0130122175064617	0.0286316660670965
-0.0874084775078305	0.385171876075657
-0.0499874919768848	0.199376531581586
-0.00538177578342052	0.0237682024355229
-0.076051306050376	0.322044168882714
-0.115004744079334	0.424646182413191
0.0560741177211765	0.228900965129252
-0.182423018692344	1.16049915865092
0.0102259875003639	0.0302049268668591
-0.118059404421917	0.515508436108751
-0.0216150332179096	0.0771153073373013
-0.123380610780197	0.533733015989463
0.0590769053508953	0.198578512662499
-0.0621643190444645	0.24825887793631
0.117490621652034	0.672488923464017
0.0365019798887801	0.101666220080949
0.213726549714213	0.829370642777346
0.206655222010689	0.973426823659437
-0.136228503436092	0.4512903089076
0.105545658934533	0.339086806409566
0.242987355263358	0.877529569459023
-0.0028157258451497	0.00657996754328816
-0.0321648852667595	0.0761672138971525
0.145213642701963	0.411257972635236
0.167461142312213	0.777752710393194
0.216213276942504	1.00350333203008
-0.0448291975638815	0.16250961229978
-0.171495375998002	0.584506611171873
-0.118785581330865	0.407223256724326
-0.0654108710545743	0.198308596160232
-0.0942660766093497	0.327483870781561
-0.099769230409434	0.300325563806182
0.116268452414721	0.596985412238979
0.0695410105001691	0.296292120970054
-0.00493835442196359	0.0379214105824476
0.00502300191056608	0.0365444342568013
0.0667914830005258	0.613647183465234
-0.0275539397895031	0.197133070436569
-0.0138823773696173	0.0765227072889025
0.0339910061663774	0.202240622993528
0.0892301275020893	0.688287858449389
-0.00114970070257042	0.00573913146631388
0.00125391603138992	0.0062079592367521
0.00777109446794225	0.0398994371636985
-0.00552039201566125	0.0278325506509208
-0.0157207606917634	0.0826681482295958
-0.0675777644179227	0.442636556338576
-0.0256010125700442	0.109321199121131
0.0652347369068067	0.430828277653343
-0.0707254979662536	0.481581258111608
0.138856635442529	1.21192609989029
0.00442885266343176	0.0219338608092286
-0.00217277677029413	0.0107649015102611
0.0435265325103882	0.258632393756639
-0.0554819036708728	0.352329957064944
-0.12799239881312	1.09131705194935
-0.0217213162628651	0.115478294630485
0.0644708416258014	0.42587627624777
-0.116718131694693	0.909027710187696
-0.0564525537819818	0.333385764088619
-0.0172546374389296	0.0856232310576498
-0.0848420697249591	0.151889489051471
0.398876053451013	1.94617827644108
0.329302650396549	2.27047656774091
-0.0463206695234336	0.181510553318089
0.309474920522905	2.61152172433859
0.0412289053210944	0.133149478757475
-0.144369816459809	0.609126228887809
0.0929537883450808	0.489104590125645
-0.0224642707525211	0.102439541646435
-0.0666379962694235	0.323622302520191
0.026852449930477	0.117670504762602
0.0758863073280632	0.439294436626902
0.0283345664234757	0.116224712173947
-0.523139261159588	1.80252049114063
-0.00466943710182063	0.00684902190370079
0.350863508276912	0.838214723820676
0.160181315426079	0.394636288079154
-0.0563749039862918	0.160322101013418
0.112350547591743	0.616368937330517
0.0697238851724707	0.312358537082886
0.19210887749243	1.25557776321894
0.00705749779864519	0.0250511747766157
-0.0549484781620688	0.232208590618048
0.092727972144545	0.428076450849923
0.129049393778036	0.591596028846892
0.0559626599043392	0.208804467673188
0.023319482969648	0.0741201182334519
-0.0164403304572494	0.046219897225872
0.242059980615134	1.39986041208038
0.247753004150686	1.17719160878385
0.0598394999222312	0.20279825754132
0.022144327252598	0.0554781621806656
0.0628136980953444	0.204903109263679
0.0820155616777306	0.28599113728565
0.0641727572336267	0.220952685247415
0.141347196325523	0.648630421027574
0.0156095600583377	0.0507830501535921
0.0396230314320913	0.125619700166495
-0.0619609289252241	0.15596999703483
0.121968391568887	0.601120287330657
0.090162354054963	0.481516800692518
0.00880575957204916	0.0315519255875989
-0.000525707603049539	0.00179378213615525
-0.148505186052672	0.78025275151842
0.151382795508043	0.871936513880016
0.0199384857679614	0.0724441194541405
-0.118301930434399	0.602188418963927
-0.0876983994376178	0.240970919947468
0.0525248508149725	0.106782477649138
0.162722221776798	0.410671842526983
0.0924741740676363	0.265580754495177
-0.0162082219590835	0.0505750856777896
-0.0134324321316645	0.044093103365059
-0.160677735752327	0.715650127895204
0.0314576596650746	0.102964514260855
0.0126538046059195	0.0379323638472374
-0.0028944787673011	0.00836416618458037
0.0161843128616212	0.0453802279720951
0.0366852431431594	0.111919116116895
-0.0825881845909697	0.267036331978124
0.186426855337765	0.822739453554893
-0.0848610114820595	0.326399677320493
-0.00609105510164481	0.0161113087880422
0.0185101366963536	0.0542169442098541
0.0647741934815036	0.213332533577966
-0.0292249264140538	0.0906502389298011
0.133621511346735	0.606712180298072
0.254486733093315	1.20710995242277
0.0169904184577289	0.0600005196464177
-0.218424715976076	1.65802882616402
-0.0722764346117236	0.324455027474705
-0.0487427127059559	0.192396100825693
0.0335794915368994	0.137177196828179
0.278421239357998	2.37799328280946
0.0661138653255016	0.290942192509507
0.0128754064637375	0.0472165764205286
0.178444681004959	0.585337259354968
-0.134176608349017	0.327512970463785
-0.162935684788726	0.419354479774923
-0.233780200786965	0.860306801553885
0.042309244667393	0.150329860127109
0.0435313625065706	0.178148436120776
-0.1138769397184	0.515897375061321
0.0562230069479193	0.220189262743194
-0.00408098759691643	0.0125327252184676
0.173346375527283	0.887236683263822
0.119349327948355	0.502300098160354
0.131880869942924	0.59973320446554
-0.20860398003948	1.09535415938805
-0.0684629444720342	0.240625245300334
0.0443637857733986	0.162672638277973
0.186021302112228	0.862391804416372
0.0802458708530806	0.294384454363022
-0.0113908934996674	0.0340022685678112
0.295495117326518	1.84391632051706
-0.136154899387736	0.626176277871875
0.0838806301747075	0.309891464013807
0.0363445827416719	0.116472063002084
0.108923400508561	0.457917012402482
-0.0881311699782725	0.289318115374683
-0.0680895186545617	0.304783685496539
-0.0445112612817986	0.205271791339737
-0.0663861243322554	0.290690892618123
0.0370846820081437	0.151511744960612
-0.110872614952999	0.703995820257626
0.070162827741398	0.319532235246604
-0.16783371608785	0.321391385545478
0.0540638637718437	0.0734016763700766
0.39273770701022	0.740128632279674
-0.305829066265848	0.836802859550945
0.249066931286914	0.953171487357766
-0.0868892689093852	0.425132049821059
0.0485516352113989	0.209997158512939
0.0986700702729759	0.429227490991066
-0.141851357133112	0.70573032665214
0.0628652905629807	0.267169098860677
0.00916184877439788	0.0306864587599922
-0.00424731247082714	0.0125803629066172
-0.28328511859105	1.95236148100172
-0.0989826919026602	0.453028533940231
0.00881100672702892	0.0255219150728794
0.0366333333012984	0.123943028167155
0.175394529992713	0.765345253686785
0.12304009026184	0.498085188131599
-0.0861689457193306	0.322729691555691
0.179841133431772	0.880853898209032
-0.00911961829432272	0.0303839164351948
0.0727674227226237	0.326690877275589
-0.162451293176897	0.804208247974126
-0.0773211291958974	0.277285954701761
0.168472754334362	0.967048111359366
-0.0511348456180597	0.201908019062016
-0.197017339390439	1.03024414640611
-0.177077256754088	0.976336547308634
-0.100951642915297	0.31165649835432
0.0258026815914794	0.0477263852162404
-0.513189081241055	2.23127689554707
0.0839074781141294	0.238155155167189
0.0466444875069914	0.171869536856674
0.176373675794423	0.836863367531778
0.10133031356933	0.364605894721058
-0.139855791449348	0.594618450192867
-0.0770843305077745	0.280287363466913
-0.0153314143298349	0.0430390245663508
0.0491777967880353	0.144868957699534
-0.0511923581310483	0.158622762844709
0.10254877110223	0.359376131183985
0.0912785800297926	0.290672717104026
0.183945845279938	0.925663750640665
0.0928572733724691	0.316135628306394
0.0631345838679534	0.216618719776587
-0.0149221627738857	0.0519635973509025
0.0562795509921145	0.257308317254013
-0.0192875254859696	0.0646566020736765
0.0543188288695185	0.178776289712673
0.009128835068254	0.0299921142736562
0.0121080368876173	0.0420922311781882
0.168828888532665	0.737817248479065
-0.147219162065241	0.716875935314925
0.117763511254646	0.446847628175406
-0.195153693643687	0.728165885913379
-0.142116411183939	0.452500397697057
-0.00275513618886121	0.00768967273472582
0.0652963713050405	0.278449324485433
-0.0692270912891049	0.23879676775637
0.311908419371695	1.68775071015101
0.0919054938741328	0.332595714637008
-0.0996764823168457	0.367149386496335
-0.170752409679717	0.710562518461468
0.179548315824382	0.700413906746526
-0.219855120871153	0.967197227777007
-0.14542848355332	0.517947464284676
0.0613335816680851	0.182829340599785
0.00220892539746616	0.00575067156856773
0.135532011236791	0.492624143268789
0.16240236405824	0.619003606575554
-0.140671063612811	0.64560588073546
-0.0657883108286046	0.270918005430685
0.0126071466611269	0.0382507197187384
0.270968418831146	1.67911037551477
0.057106195726135	0.244664184291075
-0.159311102338264	0.827011300669387
-0.104393949024169	0.446150250507481
-0.260089446097937	1.59656846042881
-0.277747303996845	1.28342736339079
-0.315354751499793	1.33004116651419
-0.0858463618309389	0.219294283734996
0.241076648555493	1.08448589378669
0.0855668985179949	0.356687327368951
-0.116882480606898	0.49082465995113
0.167363195642409	0.739429891416375
0.240720223238308	1.34052125879224
-0.318510024516236	1.93596909799892
-0.00365899432961266	0.010132074743564
-0.0362747386460374	0.104795645464162
-0.0150897186051243	0.041034840022215
0.100246195951106	0.340948234098868
-0.0459173832797467	0.129910132151049
0.0117510202465129	0.0331840964548554
0.124732782481853	0.449514387634114
0.110819114684103	0.390306985757492
-0.119682755244615	0.567659635992039
0.116815985311689	0.52814188552073
0.0216531156542712	0.0729098332606601
-0.0190964259957047	0.0594553287810942
0.123862317233194	0.624958841827744
0.0231953384948392	0.0886892174767406
0.133390002801146	0.619225099385995
-0.0607324201880813	0.247201923005768
0.152117953549944	0.44778410630097
0.381588723801841	1.39616885928579
0.0749641490305081	0.159788537156905
0.263795544093936	1.11951604702797
0.202654717632922	1.20386132671936
-0.181383680980209	0.960366353700564
0.0425600303872608	0.146574210459306
-0.0522080194458379	0.180988624784306
0.0536246986512798	0.19915506656531
-0.0546942491267677	0.177997808729346
0.119358318700165	0.503740109138178
0.0668508185017914	0.232950963000468
-0.148084430980925	0.607459429839428
0.0957768322014551	0.416290672565281
-0.209351913274045	1.33216356675803
-0.0226379225474234	0.0923245202586294
0.100343985558658	0.46898882437117
-0.194946973251804	1.06500439443894
0.158515593141717	0.895805369839746
-0.0573809816627742	0.245420293005959
0.0674524142955206	0.285864919610587
0.087958504322159	0.399145314044475
0.210617076253922	0.853813080842367
0.099905579430795	0.432252958031513
0.112867960455434	0.518343008066733
0.0548166015574744	0.194010220481372
0.0742174243255927	0.308430909517226
-0.0917335667354709	0.341770006028201
0.0225371882346306	0.07083144084754
0.218046887786487	1.16955833388344
0.00450901191739855	0.0134576126596163
0.0114431854459419	0.0376743058230912
0.190021387263025	0.874924032327836
0.185891594039912	0.837910365611185
0.0197107293255993	0.0668046663038797
0.0501727490040283	0.207382428797026
0.0926396894925009	0.450614541065263
-0.184082339305273	1.30241668662644
0.0747322551357139	0.350888476561601
-0.171933409897662	1.1451329503994
0.0653497388156666	0.31604194215993
-0.0275746239030517	0.112804529433575
0.258491642620559	0.970296336468555
0.237608082440946	1.31997987990395
0.130336095920382	0.71741830649158
0.106838834994432	0.548602130025358
-0.103357963014142	0.515945015106054
-0.100762926874265	0.517691256981669
0.100890241146967	0.472029248498016
0.030822816421013	0.108879406779684
0.050511158531937	0.183113415823197
-0.037501581478889	0.129675640415224
0.0281462033305885	0.0931897978922719
0.0626896054531732	0.2301230298108
0.139024743577044	0.97585331432428
0.0831078924565979	0.466929329453546
0.0477721007983323	0.218605975004661
0.0534777796497383	0.274978116814983
0.114407769866213	0.665622122025908
0.420433765748688	1.64252897051826
0.167899490942048	0.655327937100614
0.0875465158880644	0.437295468844096
0.0749798880934797	0.355026667425113
-0.0463750615173461	0.197816356486988
0.0738500933377403	0.344292849812933
-0.0617032118301585	0.267247241351554
0.258562489232049	1.89177350038957
0.0051112366909518	0.016251441830092
0.142154404887741	0.585752282366715
0.0588835981007772	0.205314428734442
0.100375088507414	0.417277647551117
0.180632656791761	1.04478611490108
0.101748953209383	0.512755052946057
0.0886420166340686	0.529683066734635
0.0579687135883786	0.273286871051252
0.106686991019541	0.55840355983502
0.105211272712672	0.490236060313486
-0.110297727331643	0.532994291255637
-0.120598579659725	0.55805978696686
0.080672105878267	0.368873567882593
0.0101767866834263	0.0313244333492574
0.248931642819012	1.29119759464897
0.147174516834233	0.604678748504495
0.0311244501465695	0.130885237468436
0.12258053773767	0.903226064960669
0.24446576384609	1.29916316817367
0.0957555764599883	0.351288374202668
0.107413695148456	0.41349288531374
0.0982490346622987	0.318345831110194
0.0192732580652094	0.0548577753795061
0.224494759051131	1.02669371495208
-0.00412990668400993	0.0156333260104929
0.0789175031850796	0.542514717682689
0.227999356443603	1.62441244657905
0.0442915137018259	0.168981660240394
0.0560840978058683	0.222504364214947
0.167647903814704	0.638808327179111
0.232783228610854	1.68443025222068
0.0987526075670562	0.22120511081488
0.155790159336676	0.492765892971776
-0.0936551415286799	0.473717854800794
0.0488542676083074	0.246991826907187
-0.0797133157941722	0.451981268939074
0.154967162097411	1.06346971259387
-0.0326348494658547	0.149898661794542
0.0854228087127198	0.494397430195666
0.00572322034768144	0.023701301755286
0.00483814242504199	0.0198039267421466
0.24154572326923	1.18818051055088
0.17160355867663	0.8337166773189
-0.113433011462572	0.515049665428025
-0.0444570918742684	0.210855995293192
0.151365693285543	1.22529762654176
0.0796717073409581	0.466834178929816
-0.0163042236156574	0.0729908631711783
-0.0212707993859205	0.104687585632138
0.0611387788086616	0.287973221429048
0.118335695321982	0.336816833966028
0.110442150920787	0.586928291468266
-0.0385557611051361	0.15205993759668
-0.0434205793022217	0.221432919406981
-0.190459746249343	1.43302755786764
-0.056232436080079	0.262912868592306
0.0535710064414637	0.284077501078718
-0.150730741647379	1.1125927293392
0.0412358873143391	0.18207979486344
0.0226217948507989	0.0918294460468638
0.182861993311787	0.658468639982025
0.0383191505186092	0.120152232926217
0.114483817871536	0.612925351036363
0.235969889991708	1.51703397190804
0.180881467657227	0.884158913089715
0.00212216529199751	0.00710523164853731
-0.143709683310954	0.737510203644789
-0.0856926677113272	0.454601343072589
-0.00506983037033152	0.0213790259306466
0.0611649651502302	0.304634305747783
-0.0630642064815201	0.318323010491865
0.11096261748347	0.749220472376621
-0.159104421783071	1.08745494065137
0.111412602631819	0.269626395381645
0.260737698645892	0.593780430178282
0.0496539345006065	0.0771321346173489
0.0601066975495958	0.188564772925318
0.033337320538814	0.137671240985399
0.148951365594775	0.885791784088051
0.0124722954584413	0.0443151612437171
0.0587004035233902	0.253629808747641
0.0241828444242568	0.0780477823856748
0.0667698001499474	0.220676858078092
-0.0321853701887084	0.130614906583849
0.0535442424504345	0.289127312967935
-0.0249082505905512	0.105505148032933
-0.081276092461327	0.414771979164566
-0.0658122010243872	0.372556009293406
-0.0678864363926554	0.327319347603913
0.144328871006345	0.25796313852916
0.317711646817634	0.619681211134085
0.130612879855343	0.196885539091485
0.198540389461764	0.77926137715808
0.0675410854210437	0.316593262300213
0.0127394664761463	0.0511811920751453
-0.0886319751264823	0.533998694701095
-0.0380080477356427	0.177284972586444
-0.156781621459203	1.0605965794226
0.0378210449502273	0.186709310511268
-0.0237232488325345	0.112728252878818
-0.094550174886882	0.533495775415558
-0.0723492841169869	0.362224383528636
0.0248400363499783	0.0654367223954565
-0.0738543085875352	0.336600203999872
-0.139948940082654	0.727265948852977
0.102210804919869	0.670122747206345
0.0276275522689699	0.142334121506575
-0.180080358410933	1.42027270496863
0.0839547679559426	0.539802275065398
0.0311410255786999	0.161989237890998
0.158504852761735	1.13245657045319
-0.00595962786142173	0.0186482306018167
0.110748597605199	0.394393173365365
0.0613260963781724	0.306146112850007
-0.0669850248786731	0.416135642541895
0.135427132823323	0.89631906012334
0.045704043635955	0.225484259039938
-0.00349256521886876	0.0163447464612023
0.228856351944908	1.90662073020133
0.071675160793544	0.0821127618851503
0.327497288800666	0.524602751854939
0.107848892935073	0.470017859853359
-0.00620536628910424	0.0149806632666818
-0.0530466356186224	0.259672246685595
0.050276973607726	0.296124115220132
-0.166210501467041	1.18220070656506
-0.0260088762763677	0.106134640439437
0.132402036285057	1.09065455783605
-0.104783112034991	0.595786157814698
0.233620777716461	0.39535570242124
-0.175538355771086	0.246322843347872
0.13297734421431	0.146016913877798
-0.12216540568609	0.791500452756673
-0.107965398954435	0.595958772568502
-0.0730205364768047	0.452936545183071
-0.0633903106091129	0.402554187520366
-0.053555653534397	0.303091957076972
0.0302931307205542	0.154612844935733
0.11689935349264	0.930494696844418
-0.0648037782984073	0.372923928839975
0.0619935368993929	0.14508261983599
-0.0269966889742644	0.0418226373118734
0.18630249437004	0.379440294629078
-0.0524729119932418	0.327709142764503
-0.053797478356332	0.341169646528065
-0.0428438023297107	0.247688630420822
-0.0938262090398433	0.617671797420342
-0.1965379714048	1.93376059711924
0.0830827991771728	0.579171738403018
-0.0788937984127258	0.495055697137807
-0.215601330564053	2.21716888844956
0.059336544205859	0.218088916998453
0.242821068511128	1.12952941646512
0.157294579732993	0.487261901035749
-0.138231519673751	1.1440036118773
-0.0302802187169482	0.147121436972657
0.0436237526228334	0.248133450979919
0.0489211885110641	0.298439931022742
0.189510871842552	1.84109712036852
-0.000884869131667282	0.00394649606279692
-0.0765583050551912	0.537020233339497
0.004372821842803	0.019967611918038
0.144199797539885	0.425806686756844
0.132283502611175	0.250044966677938
0.577640987779751	1.56791715176157
0.103090081612971	0.632481224794597
0.0194146073028477	0.0589365843751248
0.0576570346813797	0.351564942696097
-0.139832261929103	1.26129124723562
0.0318624816927973	0.167032783549508
-0.106130657401693	0.721537088724276
-0.131797841708763	1.16469527242234
0.074875625054402	0.474207090639229
0.0532744358672679	0.0839525270858706
0.000877933353915887	0.000934746138919003
-0.133526296445855	0.19436390019435
-0.108539475177803	0.113577530192242
0.15811962643648	0.362001278110082
0.201778057182431	0.562398980354737
-0.0688900452819611	0.111826001677418
0.0170911860366092	0.0216717870682023
0.130569360085399	0.389282179738367
0.133650165675413	0.274627985237997
0.162135803579714	0.0843314586726641
0.524912351571356	0.105880841231737
-0.849350917156672	0.226582512562431
-0.314387850624616	0.0683840327774643
-0.169541193638785	0.269027518946319
0.0439324377298389	0.0370034748713687
-0.0921412500595542	0.174921203460113
0.148742307572738	0.375463421836826
-0.00802370026831638	0.011123627626787
0.274338773926	0.453811866346004
-0.490944744210676	2.05037144339445
-0.0571423799861143	0.0861683877120967
-0.640367700267806	0.274183976867023
0.220378953035559	0.0804695565095888
0.532029725564252	0.204771642768196
-0.437630904102611	0.297530670485159
0.139097050161101	0.173066165879282
0.42412829674346	0.767071850661252
-0.0105427460901495	0.0108768421000286
-0.00137961784767022	0.0015221710701284
0.449181991349792	0.930975992924541
0.275472345565167	0.457189172485409
0.0000160912339708161	0.0000329044881771131
0.0449590067179246	0.0742581917038817
0.211799107688313	0.951241972022614
-0.0493859253399158	0.18860056915271
-0.0731899358672286	0.209628295930131
0.238992701332533	0.952628391209602
0.00582520785504831	0.020198224353486
-0.0860126765162748	0.27243230074872
-0.230186306930019	0.203793239027088
0.475414536105321	0.292889196083418
-0.287389968031492	0.161586859133918
-0.0234080351440927	0.0173504221999256
0.198189792125553	0.213289149278143
-0.256042199631412	0.836774679580839
0.00555599707745398	0.0106402065012494
0.0562586660537134	0.106270826208253
0.17252272254415	0.449153383851091
-0.0619859541161417	0.328964113944277
0.108392647501597	0.385409737488568
-0.0493437779847041	0.270003757549262
-0.108509910264537	0.819562517542173
0.0143849790768027	0.0592872096439344
0.0553816421289586	0.246923547535642
-0.0228832701612548	0.121209574801903
-0.0186368429412224	0.083235829409511
-0.15284590914071	0.220464469946765
0.663309534214279	0.858403207557202
0.241295257056785	0.266099879438312
-0.125051317137224	0.149317345913168
0.118813765117027	0.234168750010344
-0.064377814216359	0.252873947716448
0.133883796744673	0.645636683473768
0.181795160849747	0.785028328364675
0.176123475631207	0.844031342089026
0.14536032335924	0.738444872050475
-0.0370490412899691	0.227332173560692
0.0460459091285365	0.261294406668509
0.019170287409073	0.102265796065538
0.016970133096845	0.090492744957098
-0.0449499541726196	0.256463121418851
-0.0789406807193038	0.518221227888751
0.00904994839387658	0.0466509971664623
-0.151849130761299	1.35261722914668
0.278312094121208	0.841893325961729
0.342793649854882	0.706632403814209
-0.13902762180795	0.215417248132685
0.304992270809022	0.977405339333485
0.188833008221885	0.788154195987423
-0.04581798303243	0.226153483511513
0.109083079080316	0.673822032582717
-0.0272478394782825	0.102416172071712
-0.0276231107998302	0.110856766780774
-0.0372974999757591	0.172858436758185
0.113838860064211	0.816594611030515
0.107318140338143	0.553710696571096
0.0110981833361462	0.0808423225021618
0.0126387926256737	0.072869834970173
-0.0104274774833758	0.0563542505768354
0.0179971331879412	0.0987393784145222
0.0367870379397864	0.217035560328495
0.0528334403717534	0.33954034378816
-0.026475573042455	0.15397607269114
-0.0628906005591548	0.428073482312418
0.0540641872057366	0.207602693635297
-0.274435528567425	1.01163854603774
0.0371235975964346	0.0911395666988526
0.0929504359321615	0.371433784653769
-0.120068005284916	0.807805231769375
0.0166773303168972	0.0830559548782732
-0.0533485890972887	0.304275264794575
-0.0359992593174651	0.186188127621528
0.0572786128791616	0.318015001664562
0.0486573717752701	0.278283959380535
0.0717797121592871	0.454985010067483
0.0167338660877002	0.134874160440652
0.00972112115171069	0.0710217899638559
-0.00644447191972147	0.0360366291804164
-0.0753062751131966	0.527943054823812
-0.0630713378721287	0.420291067968511
0.0280468806288144	0.161093199519992
-0.0161835563847611	0.0854246899641558
0.00680964907342342	0.0347295186426025
-0.0285141635874626	0.139775300939299
-0.370767474882652	2.69642872279328
-0.10701383890761	0.403507095366876
-0.0539397541286524	0.238173314783683
0.000896777605048618	0.00398497167454233
-0.128239897932818	0.954351690960156
0.0790661802475293	0.444494412242385
-0.0191443402654983	0.0857306049506532
0.128971367639426	0.841462103292155
0.0341280267951976	0.167876429715849
0.0466425767145827	0.239239373960309
0.10062654040442	0.572112393092358
0.173473485595331	1.23270068551987
0.130381747841684	0.572232627265868
0.0880925713358134	0.497812113536313
0.0990388180033852	0.55913678153917
-0.0154108160306198	0.13011747349483
-0.0151584626243796	0.111845562746789
-0.00412785571959063	0.0206805919473897
0.0455393884181964	0.297900394594943
0.0495654447931016	0.344017417534094
-0.0974198823152699	0.7476296351278
-0.00786972098768842	0.0415769989506549
0.0403752289146354	0.253158866607403
-0.106969596469444	0.837534831372664
-0.0853808631144374	0.578449848861022
0.00189489204112969	0.00900390514130083
0.0622926753777927	0.417080670825644
0.00422842943500247	0.0175146819665499
-0.00537282567221662	0.0210722514326111
0.0570052365064182	0.330767726766068
0.130529822279951	0.862425133322869
-0.185098671976489	1.46649033362939
0.0407925687513602	0.190669701776276
0.0255223116903908	0.115427736551159
0.0413193049735787	0.175353122241056
0.0663770709976005	0.31448389317243
0.0481736452108971	0.276956289708879
0.101042478579169	0.411867162173052
0.0262463642158027	0.127231697180482
0.0740129813198157	0.405222341438111
0.0460886397136546	0.264629335850465
0.0912186650855628	0.464994765816055
0.0227107172315725	0.0907911532841367
0.0632941861822357	0.327279918538513
0.0308117496519921	0.142205519388178
0.113838903574765	0.673678847649567
0.135044487733077	1.14480366797472
0.119269130219291	0.903781672210487
-0.0215971155218776	0.185384363082222
-0.00822079205142018	0.061691420735353
0.0355879464782268	0.314470312922543
-0.0265647246018231	0.218198637320035
-0.00866496376819282	0.060834798167124
0.0738081947955534	0.66942810872692
-0.0416095556764021	0.226539504981769
0.234797238049941	1.6367796948746
0.129424281750157	0.615849246012944
0.00897800216505301	0.0360388137311391
0.0395836676277678	0.216002087409537
-0.0719762594204928	0.488289068826457
-0.016130955696279	0.0809969236255092
0.0508341213510768	0.295149453192043
0.118875280970595	0.887221973180017
-0.108538409041664	0.802588709691988
-0.0147954613433185	0.0728603094350761
0.0106105114188389	0.0483833471368185
-0.00481009863747504	0.0220701918863726
0.0515404256217743	0.293992062861623
0.0462875168404596	0.250043422063197
0.0244140579816089	0.116779260209674
-0.0288526671365157	0.135693251491986
0.0372641478775939	0.175463175992039
-0.0394510461085124	0.192068094365855
0.0266047127315598	0.114307747709809
-0.0113752754912669	0.0413572374113588
-0.0498098997932983	0.206164584268186
-0.00158744592042288	0.00598239880858756
0.208971320648043	1.22479724368987
0.132064952651089	0.915482998401353
-0.0555088558124489	0.280401252549135
0.105641714513221	0.541042545831267
-0.00975962135890474	0.0785269144409175
-0.0118187731445953	0.0924398785284007
-0.00557860165535795	0.0397450850021357
-0.0547590094807677	0.53118937287238
-0.0247535398595381	0.162530065525599
-0.0190255061438104	0.074063228622491
-0.122554833102521	0.41070650329167
0.214652270102794	0.84142938970668
-0.0925074778808152	0.378796484524486
0.110003406189768	0.586387746091746
-0.0811056171367685	0.579215091699057
0.0559786843355708	0.353336727960559
-0.0394565540577549	0.222937673444354
0.0421356535631997	0.240286914186267
0.00629533277709618	0.0302789760581507
-0.00395949306790185	0.0191426736236352
-0.0337991746300924	0.185053789324344
-0.028541151443928	0.153968289990238
0.0598102592760868	0.36975987052646
0.098189075665483	0.551837299882654
0.00340323017894606	0.0149682899156758
-0.0843100443308731	0.572347599953222
-0.0690272406271722	0.351910419799356
0.0341577898046738	0.158499076203174
-0.00868493191965808	0.0274920952182473
-0.181022346259645	1.18714767176955
0.030244847312139	0.124833228331345
0.0396552422061092	0.17132229829531
0.00786170271823975	0.0300028661832778
-0.0173419379791431	0.0711891663457101
-0.00785349877789877	0.0333471015295178
0.0110442006504936	0.0897486251430902
-0.0137337485883584	0.106846416999222
-0.00985389550708531	0.0690019452289407
-0.0342665065310162	0.232191152108074
-0.035832279125437	0.18854377903055
-0.0862583463458001	0.355281288575368
-0.398513527089727	2.90226434841205
-0.0850916987785296	0.45473244192703
0.119814864841397	0.897026406404798
0.0813787402371149	0.563554742805516
0.0144474182085517	0.0713299063738711
0.00708664358974447	0.0346140593593231
-0.0387081682238065	0.218240371911932
0.0991325073222436	0.733306313695701
0.0835067868567884	0.556819271057734
0.00811861041819724	0.038339312646281
0.0765111587770896	0.499909280460067
-0.158379686365343	1.32989436002326
0.0805523358076083	0.459001115947532
0.145026258500653	1.01598997440576
0.0991165818678573	0.622335109511497
-0.049790426062566	0.246514884196284
0.170730765510217	1.28989919647252
-0.144156700644535	0.789549587417708
0.0285911108494756	0.116245306554699
-0.0886581660393355	0.460709805927669
0.0132696457164329	0.0562682481560623
0.060640463872578	0.301906610976847
0.0231356645865474	0.0985504967169404
0.0526456026233785	0.173835336176983
0.00606368551032334	0.0222464843501198
-0.0381495277023924	0.176810118551218
-0.025253943223199	0.104743276567255
0.0102003437426074	0.0816720767957605
0.00738572742167061	0.0540875104384917
0.0141120235464409	0.0966755662044001
0.129266217699781	1.07973309172314
-0.0365929697860829	0.140809292305213
0.010773749566589	0.0349510680301374
0.00433146362717744	0.0178358728644805
0.00368089631760808	0.0174743085006757
-0.0250451714097915	0.136818129047307
0.00916902781089378	0.0450580092689262
0.0666707869285657	0.441689323718259
-0.00200998806793136	0.00953254979768078
-0.0701356243679076	0.458882341419826
-0.00829861202024657	0.0403133922018349
0.0248826295127994	0.129532046146801
0.173541436198349	1.61644505435382
0.0388565477504137	0.211137050345942
0.0360573073436873	0.192895196559189
-0.100126266778723	0.676996541849068
-0.0454979553434216	0.230374325689246
0.0161422428275484	0.0749808526684921
-0.00903152848555313	0.0392145062490613
-0.0207949551520599	0.0903586039564235
-0.150402853441266	0.934726889325124
0.0276571648387001	0.114848069678997
0.0287243513601175	0.127341708816778
-0.0878200941070998	0.525429739260347
0.0742404076541969	0.424446930632815
0.0549519942135151	0.309719596368798
-0.0334118928898411	0.150129650678417
-0.0329948878710105	0.160471244135587
0.0885913751298657	0.489633168863999
-0.0421715978799835	0.182471081958571
0.0251369459789485	0.1052182939261
0.0451900857843327	0.232924217177682
0.0195797632744354	0.0717062362818674
0.0042787491229775	0.0328275402245668
-0.0132586668754356	0.101230220108641
-0.0324083149869212	0.15868456106858
0.113036096445266	0.414027009485065
-0.0940955732197228	0.316346066625629
0.0896644877735841	0.418555531304395
-0.0272888803527145	0.126665053055543
0.0697193988571436	0.489072839715074
0.0744420112144162	0.52930549382531
0.0332613915982914	0.189641674112666
-0.095936545950816	0.715211133230607
0.0184502223263162	0.096914539231575
0.0309342682017773	0.177939056631555
0.0047335883632746	0.0225528074467196
-0.0738928958304447	0.505571172958085
-0.0255117342350248	0.13978012805696
-0.0351956537489747	0.178611849859091
-0.0269556318347367	0.136986736057098
-0.0328279275538042	0.180093788443027
0.0370740337333339	0.183724670141744
0.0476322510351257	0.249231449508542
0.0355870859526363	0.134168927829438
0.0664048599477788	0.328808462739593
-0.159360607114196	1.10920931393559
0.0769105472917899	0.435730147440314
0.195054047600947	1.68206479518524
-0.0581777449247217	0.345488608680546
0.0786462811934116	0.265558198746307
0.0642115463797878	0.216418431663342
0.0307310923957218	0.150300446028656
-0.00629617389496561	0.0291437133746094
-0.000614055725025469	0.00196604831984168
-0.0000927783407252771	0.000424559630831671
-0.0027934153434825	0.0206899519647491
0.0083374563254193	0.0463805342275849
-0.163775920235763	1.34852215140564
-0.0433222707477376	0.224528859113739
-0.100013973079181	0.727968102700695
0.0819417171615606	0.570152721940758
-0.00783041680256112	0.0405330207728781
-0.148573012663064	1.38921416903788
0.10931447997303	0.848611744283222
-0.0556176959429016	0.341609023986883
0.0245877100216732	0.131394485753201
0.0351443093889199	0.195889489026092
0.0757092086157846	0.486799137998637
0.0101643702926623	0.0489347794101236
-0.0387227570481407	0.220458925715789
0.0512217288377439	0.297532885543119
-0.0747738142055713	0.478119786429134
-0.0169578641998381	0.0833937955494383
0.188467559563399	1.73781767134341
-0.0533814521980643	0.293061354016662
0.0134127030778913	0.057538120750883
-0.0721612261139142	0.396030162464951
-0.120345399458362	0.738223993167056
0.0564203195248333	0.291875828027452
0.0123455717844106	0.0572540986487921
-0.00119290595783761	0.00546565075236139
0.0363289024849078	0.197392583728921
0.127230535202327	0.815716741622105
-0.0049714273022388	0.0169278199402683
-0.0413597430384309	0.157483407461662
-0.124123119145804	0.940578233690203
-0.0487342942303045	0.272381383947245
0.058661217182173	0.289178933906766
-0.00427795991676782	0.0314501324214101
-0.0293641045407718	0.246729008893071
-0.0394894712539149	0.272923183557564
0.0507679000658435	0.339498969078907
0.03552676193526	0.208147019996106
-0.00373681351042816	0.0114085253185531
-0.108863900845802	0.380639201919606
-0.00152419384315174	0.00490894861547118
-0.0404886195839833	0.124811314281382
0.307159927031653	1.55655773302042
-0.21368302187065	0.795345051929034
-0.137822058630272	0.484122612966614
0.149821309401346	0.458327156584749
-0.302458442816478	1.19561751210682
0.154305225916499	0.741684230879314
0.138397128305713	0.465816029568373
0.358123383088831	1.2177482815274
-0.0467960595032356	0.141737605829252
-0.158387721279301	0.696538347810348
-0.00232742703749053	0.00873682919101432
0.337257945768702	1.68271316567285
-0.0163623170871872	0.0440820808083928
0.0317317702099137	0.0938300895173296
-0.113517138420189	0.41101054965184
-0.146852847215405	0.520693788419943
0.0780386965943332	0.479262781802751
0.0536543114647728	0.333465557492006
-0.0324425781618928	0.178373990235662
0.0192529671185338	0.0881477639381642
-0.0418160805688055	0.150732622825634
0.176725770352703	0.769313184026451
0.169592750207007	0.320550344407704
-0.0133148048787686	0.106570379347604
0.00584844901843861	0.0397953746508933
0.0162311358896963	0.0956311653990914
-0.0628639112122967	0.405428291263912
-0.140680674927355	0.465475467008523
0.305203300350977	1.2282555911455
-0.0702654088775242	0.245509012379551
-0.0177284089377869	0.0431543332748305
-0.0744539556669875	0.191029045010006
0.117321824167257	0.241907166472122
-0.0206033671687503	0.0467186207079528
0.0967552307101183	0.196202896579518
0.174241171233921	0.332759635862942
0.367993368463434	1.99680637117328
0.105348840980912	0.255190370398569
0.155041588368091	0.273282297512595
-0.13368660178543	0.394671326914303
-0.00271030074319005	0.00614506730207425
-0.00590931148674176	0.0174615665580425
-0.241373875668768	0.703008019419539
-0.00393327455727307	0.008588485867518
0.0970448500724589	0.275477353401107
0.0377361796875682	0.0897551438346997
-0.18443666139749	0.508733985448539
-0.153348507297992	0.931222057329986
-0.0421373637733756	0.244596777186538
0.0169350558137253	0.0873722609255964
0.028285857124235	0.152855035220158
-0.0335669458934577	0.161077124428152
0.0648262101340485	0.192504419585361
0.150179833144213	0.502781889242474
0.058183099976147	0.0687912048750795
0.244257811644863	0.497615109407443
-0.0346255041806667	0.319808638911121
-0.0192513283131677	0.147239752005315
-0.0036332203045546	0.017917850900638
-0.0303711948368133	0.0929168805903399
-0.0595436047590356	0.171100758870176
-0.130825318181685	0.550652982082304
-0.187466325558422	0.755395990278021
-0.0404317515493011	0.100135261282282
-0.179998222960016	0.49834520798924
-0.0877087914502267	0.217533519461303
0.0718015509270813	0.144486896347993
0.0785163639791202	0.158596756230491
0.120176728083397	0.408877264588223
-0.128373324945632	0.335681163478322
-0.334846012409037	0.721477715701868
-0.13996687756328	0.415201872012223
0.0405727152259825	0.100063267908584
-0.0374599648105517	0.118944715964301
-0.032560684638246	0.0719972813612938
-0.00123908466289571	0.00254985486279911
0.0851918613083813	0.22564605573894
-0.120944327642037	0.341884434386576
-0.342132735847808	1.08113543778078
-0.126279342480726	0.72114921330955
0.0476178669106779	0.276965095583413
-0.113522377585442	0.86872064914591
0.119570258671681	0.912050277554947
0.0847290948801121	0.498652912744136
-0.0282711834681287	0.0765148036776022
-0.108530396128383	0.306890159675888
0.0370359003196598	0.152015256771791
0.00726940297019827	0.0246929141374656
-0.00506374221880505	0.0374393630429245
-0.00815394751289523	0.0574043443682499
-0.0173527392667758	0.0898901560296232
0.0292533866885032	0.149964057997317
0.0929448541858799	0.662719299515245
-0.0282615006426341	0.133085776578757
0.0659961229032838	0.321018516110323
0.188174153445378	1.07550578356457
-0.0535505528462224	0.206210740378814
-0.127986784674828	0.522746277822445
-0.279544434809518	1.45713455432917
0.142368504211402	0.892346631277286
-0.0355060318621233	0.11267615159494
0.0987290448333471	0.286455828968407
-0.0718709508109612	0.283200027955699
-0.0574118412475791	0.20832213277431
-0.0103283152935281	0.0421089723039626
0.171354814335164	0.777397910310017
-0.0131688076649014	0.040016431119273
0.0449231894319091	0.151302619510681
0.106600877855319	0.40729474981487
-0.0332622412296691	0.0993739620035912
0.026580391720278	0.123842254932333
0.0306929351295518	0.166036008581936
-0.130240321422902	1.0007569673907
0.089500843803489	0.62327793458687
-0.116435690746297	0.793424437426303
-0.063592788025175	0.264505956644828
-0.107333428432662	0.423714493249379
0.0723612638497221	0.410548127019828
-0.0231782502211933	0.100210596742233
0.0849857080664473	0.474584693958628
0.0268387185837012	0.0801606493793857
0.0166236047046839	0.139340140521614
0.016841932016042	0.127336274585889
0.0644448578279927	0.552290699328049
0.042584949866662	0.30326110968943
0.00818359547913647	0.042948978238219
0.0688429170635992	0.477139222151384
-0.0145269464000547	0.0711647398184377
-0.0311479131267151	0.167552498183947
0.00858780173441416	0.0381276918852407
-0.00793019041239676	0.0327974983797641
0.0138147174374911	0.0704182945385639
-0.164911576416899	1.2514506360602
0.037362842662751	0.128749799756866
0.0897485772438721	0.596648343303092
-0.113406803861281	0.786960242301184
0.0256730984853825	0.137882642843407
0.0529189834923872	0.264585171810758
0.184080067881047	1.44590411864675
0.0521834340452698	0.272322277480243
-0.0286414014656568	0.128287553838788
-0.0494816568773881	0.212611687894612
0.0316246361374453	0.161097835056665
-0.0098998237959882	0.0450120223304757
-0.0630297016936503	0.304824580837653
-0.0592588260937032	0.307002115732156
0.0161460474877102	0.0764699291135036
-0.0845946675280178	0.48556650774023
-0.0678292173512069	0.334150142426002
-0.0907887809998119	0.644283975109718
0.0377686514344488	0.204981741958051
0.0250018424999215	0.128815044993017
-0.129313312920587	0.759888778094534
0.0822056913849388	0.236108555206305
-0.0160673425935149	0.13483044402699
-0.00273673826006196	0.0197068502317069
0.0491820494439929	0.440017186415179
-0.00814019747121069	0.0495703458204571
0.0426970907112533	0.311262626870242
-0.021435036347352	0.126333583872133
0.0748566475818407	0.539632394108548
-0.022612676173642	0.125504993600289
0.109485730348836	0.919182494861084
-0.0121254046574989	0.0608689108171329
-0.0384362135209077	0.223415072312575
0.00966872664393608	0.0483252995718668
-0.0324025021564227	0.175238656762035
0.0694140068733632	0.455545750154961
0.0146394479857158	0.0669371959419358
0.013110807751175	0.063761511866084
-0.140385047373363	1.14912350361128
0.115439635201698	0.889867808914837
-0.0940392199747981	0.665615030773517
0.0716193115630087	0.454775393859689
-0.0562218115848858	0.284217648797488
-0.141203133826509	0.60097674968862
-0.0960127699866853	0.209394714755926
-0.0852160191754889	0.241206383998151
0.241558648164752	1.2230410858418
0.0483123536448334	0.273682402181852
0.00955087262523822	0.0452404805233625
0.172774259958456	1.07817569731417
0.0694383327915486	0.302230019793522
0.180033972473644	1.20080089637381
0.0332489997510896	0.167242481851816
0.0830793623407953	0.52797050640013
0.0108601685786175	0.0869695107040452
0.0344837106692439	0.308908442897072
0.0342244243148352	0.282113315471806
-0.029806565151966	0.22156588362974
-0.0392069015169329	0.273398633380183
0.0209104153952749	0.117847533461327
-0.082230858715737	0.629250084729605
-0.0688675782162909	0.476827624363134
0.119381896025989	0.975652698273445
-0.113176680141227	0.914710042859592
-0.0209066994820055	0.112282781411349
-0.0724878190968669	0.47863300440769
-0.00153749152202569	0.00716435151769837
-0.173957962518544	1.43992526498878
-0.0438002761049483	0.249432530958112
0.05849435913251	0.339631685685462
0.0594524529778225	0.351318709774035
-0.140422227869142	1.13081340637348
-0.140563516465886	1.14319856550976
0.069567113658741	0.323548036794618
0.0215143188565133	0.0593570513880069
0.19026636880735	0.506597899093559
-0.179496664203513	0.595286368332651
0.0303168285049098	0.0836154794718862
0.0775955784148541	0.474175519828382
-0.0137342533186545	0.113193549218487
0.000969378801047774	0.00694747042806504
-0.0126557396016159	0.0934588079268224
-0.00992921362380077	0.0601284831621253
0.0614905583434687	0.446816476417513
-0.00727646968408702	0.0381685357702537
-0.0666517286023652	0.452402852573297
-0.0540747416734473	0.346333612935534
-0.042685130432584	0.252469486809181
-0.0713832509622453	0.465030681588436
0.0505724234399154	0.305759794879484
0.00470927400935895	0.0224262523985657
-0.0403574650263	0.229044206831763
0.031501931295872	0.167065177431865
-0.0765010745313833	0.496294564672744
-0.116895023362218	0.908439743183464
0.0951915746808355	0.66595966166831
0.0104538660426674	0.0466116746347377
0.051877281237354	0.256831252263281
0.129998023668895	0.592853082250125
-0.147998804118184	0.505098047067986
0.348866335997848	2.00678580054946
0.342011654550667	2.22030616127508
-0.0525829033696404	0.278689496859397
0.146097121689229	1.13481457139982
0.0920865631119018	0.56965147462575
0.0805567949760792	0.460969164191429
0.020716972902138	0.179856871767821
0.0193526935813389	0.157958820870162
0.0216161570263179	0.158347039206212
-0.019016104315895	0.114065910117044
0.0334810240526101	0.213598687064092
0.101853507585142	0.847761103004167
0.0283779523108144	0.159002523969502
-0.151374763761535	1.42673462136707
0.0488689545114973	0.299907953227685
0.0731105832305072	0.485538731514471
0.0305199790845531	0.168491673557654
0.0174457760590211	0.0863343918789052
0.0223123148502767	0.115036677868151
0.0662541826632804	0.415960576235586
0.0234044744842097	0.120536814581348
-0.111265913901819	0.817752398298536
-0.0000409423958553854	0.000178856522754511
-0.0846120309364496	0.418542128318089
-0.0838390886031727	0.299051810299413
-0.124684170651715	0.337227755045627
0.120017508679979	0.368735702197898
-0.0705590821727764	0.227079612105666
0.0698351617326016	0.400484621859695
-0.0653991249513502	0.385581880712033
0.143261710797657	0.864717616053433
0.0835570921683837	0.451693051475876
0.0484640170529236	0.22825268276759
0.011136184756269	0.08971662779362
0.0366072452747637	0.331151570261313
0.0279185163637252	0.193173022776175
0.0612307322367961	0.493100433711001
0.106541727540339	0.958251522568248
-0.104888622841436	0.864775949682462
-0.059430877299131	0.395955028889086
0.105786017517284	0.867531805447653
0.0288664727594633	0.159499425540431
0.0379335950356093	0.220968936002448
0.134072078350793	1.09750321322947
0.0501396447491748	0.306169366054281
-0.0188230681806545	0.0955173545138926
0.0722088247864186	0.48311808849229
0.000882891453535313	0.00409250471747348
-0.108960533973687	0.818602232049824
-0.015473384871449	0.0628641451246057
-0.105898030907078	0.390762579053364
-0.00383909159783263	0.00729505950603887
0.0221626405525865	0.056249896863222
0.207717722808354	0.965470635793947
0.0562378624574279	0.326944253263751
0.141673934120818	1.13187979161209
0.137014470906474	0.824595090238899
0.0431374351294682	0.437735302334225
0.0379887266857185	0.346243326761281
0.0249442681014508	0.202628318981625
0.0126910276904029	0.0850159785350353
-0.0351341424833748	0.220447937297939
0.0674876787445461	0.486779427374649
0.0482947485761413	0.314847102614557
-0.024905964143613	0.138301101297422
-0.023831119053067	0.130273539677032
-0.0593434884095062	0.367138948340108
0.0244871695487205	0.131636786397715
0.00574203091503563	0.0279848160861989
-0.0801944862519767	0.532732864354631
0.0322173908070907	0.176859364000084
-0.0260621583827155	0.139394347896359
0.0256443887296453	0.11013003062427
0.15992047879449	0.678986540163184
-0.265598621585573	0.799978052958763
-0.181421490976451	0.618589408537143
0.0140692594931888	0.0364983486357815
0.0778537563630728	0.503218484975762
0.00649673117629326	0.0502905116075261
0.032518078912073	0.28922708594591
0.0559767067916803	0.49733048386716
0.0206238574279767	0.122472610522797
0.0192536925559721	0.108092642689956
-0.0636363992910948	0.444912608042195
-0.0430964829632068	0.263893406043329
0.0664423723904438	0.456032095650476
-0.067235122640793	0.434491058209445
0.108837491123438	0.854562248664861
0.0306601171347717	0.170404369683159
0.045394427827404	0.273072322303504
0.0592725485371111	0.365260698838345
-0.0345912798800357	0.188421478374689
0.0253201686182312	0.11180755006191
-0.0438865247796699	0.15158499311622
0.0303444489506281	0.073690249452267
-0.15915490922568	0.62623248293225
0.0350860073785455	0.113368903667858
0.00454546021602997	0.0208664179781948
0.0140587098850159	0.115655829999299
-0.00596089898701297	0.0430965255088709
0.024567801142969	0.169761115869947
0.0412798189575089	0.278602518208476
-0.0127200521281128	0.0717275017977853
0.0308425142282437	0.18338080231147
-0.0140044846711243	0.0749015413685825
-0.0629578792354833	0.40776842034337
-0.0429919138937989	0.261207587219642
0.049079215656545	0.303669792298788
0.0207031717775266	0.110132379269114
-0.103030769205258	0.786123431596901
0.0316709218537551	0.17765622541493
-0.0729015943345141	0.412595925922816
0.026518306998426	0.0796777864154066
-0.269830953138963	0.810905346050049
0.272872487210323	1.18602804864245
-0.00769099905169994	0.0213175380121632
0.0118680537635	0.0956903451667858
0.0195612171560281	0.1565373262057
0.012354129242953	0.083542574952646
0.0143946275996962	0.0927836204481627
-0.00378959999167374	0.0204587855532471
-0.086941947716298	0.692163332267816
0.0481231387501702	0.300694803111946
-0.0417937074440532	0.260070888958408
0.0235779166597876	0.130043968738591
0.04300188804851	0.253301053371987
-0.13068161211584	1.13988967470394
0.112737791875632	0.931722727157423
-0.0000410889556419696	0.000186375047526609
0.00549148288766656	0.0169936308143484
-0.0923396317101574	0.217844230288502
-0.00470122222053927	0.011755144825698
0.0829710787899522	0.303435843031796
-0.00464246271927969	0.0223034569461607
0.0214531711595914	0.188366277072308
0.000452159738367564	0.00315806771555773
0.00544504633070066	0.0342379583852727
-0.018513834387367	0.130143970668358
0.0415644085714858	0.293298257679565
0.0162664168359737	0.0995959649231024
0.0602181569860625	0.430545441646974
0.0668234189482375	0.475509539507855
0.133814318498843	1.22954774462152
0.0222076578896808	0.123074123590319
0.0952236847427735	0.737401020493152
-0.0453921962834083	0.273912610944703
0.106722019641866	0.719474737518007
-0.0877665498205333	0.33420629231277
0.0141323315163275	0.0462416989474165
0.0349761509376803	0.14310766326138
-0.0131712640124708	0.0678895357066805
-0.000329077147742743	0.00157718685168571
0.0469708406416956	0.278432321186841
0.0197268617249051	0.169552724142567
0.00162588419096334	0.011592747133636
0.0221984074359624	0.176093349830839
0.0574282876887875	0.4837068611342
0.029146808895145	0.182410770706468
0.0364702525513699	0.231518891302167
0.023067551937759	0.128736905685218
-0.00150324121662536	0.00753451579942144
0.163627007205003	1.61828904796542
-0.0133071089359049	0.0696543200980609
-0.0726367536668279	0.480487000802689
0.0807953225627505	0.417465962144908
0.114794625733253	0.373652851440103
-0.127025513265383	0.506895473471601
-0.189223571258016	1.06999167036355
0.0364704313861885	0.20931062063918
0.00997519470187932	0.050412396876357
0.0621081060969377	0.360120212360814
0.0631324188426914	0.382407189301306
-0.000804856858820947	0.00594909266477795
0.0121530578080824	0.0912622471336712
0.0337903908584063	0.259435307520445
-0.0324697030982781	0.195486101287061
-0.0519055659364944	0.355643772430623
0.00981307805072713	0.0518513968771089
0.101495557679274	0.832898061372151
-0.00838293918308714	0.0430419757207198
0.0312884866991403	0.182374670427568
-0.0353820103321405	0.189073863437281
-0.022400237023335	0.0758947507445369
-0.22939441186972	0.654683063044323
-0.0169246932004607	0.0407346024688484
-0.106505552320983	0.387494217121794
0.0223947825812227	0.118125947569479
0.00682130228937002	0.0334147333319983
-0.0138518133715518	0.0475221598997503
-0.0582474399945693	0.281262104599781
0.0398996700809307	0.183112520888354
0.0179123969038464	0.152258017953826
0.0260975160389832	0.224071367932983
0.0130274493242744	0.0914400386592656
0.0126084412044129	0.0783429433272411
-0.0511415953866985	0.358523680950061
-0.0337908662890873	0.208397323806948
0.0443276003279824	0.281297566771525
0.00326116372161948	0.016348194262385
-0.058379819861309	0.371295772505146
0.0136079729585503	0.0607434709886406
-0.0388091051712084	0.124133663823803
-0.0674132800529305	0.272452232222906
0.0555012604349393	0.245291446178434
-0.00962454672514319	0.0474402827338827
0.0126936540908278	0.0640008424500271
0.00455334626120505	0.0214504613524841
-0.0137206883493174	0.0679056961413734
0.0360407305954509	0.203474567218754
0.0118814567656774	0.09712902624144
0.0253869078807673	0.211690667198882
0.0587476315082677	0.538362137741829
0.0509123922675271	0.373162753213273
0.0463401117321441	0.318107685213638
0.0153168451667896	0.0841048096574356
0.0131405175797042	0.0701807267148138
0.0651936535575353	0.434411761052035
0.142035165138881	1.10658185465821
-0.0334211766122392	0.106070118315626
0.113769644597802	0.502255375425277
0.0211421798927835	0.0812909036510707
0.0125193875191874	0.0641678445619241
0.0905346218008436	0.672863592348958
0.108028990993688	0.814766927670325
0.014448953674454	0.120057183034213
0.0479543402327471	0.472262982995607
0.0532860101702623	0.447169785047854
0.0369828025230607	0.258739702378161
-0.0210879262604023	0.121160312690171
0.0233850941864575	0.133389603926649
0.00810345270616092	0.0427990454271265
-0.104250591794961	0.82785421496329
0.00389097515533316	0.0159249120562074
-0.000155925782920932	0.000620826654224137
0.24057909989673	2.47275289050168
0.0468218416497154	0.289751545604688
0.0298753803109553	0.275596166676204
0.0376461221753	0.349239212600216
-0.00400864393788981	0.0275973563194742
0.0329325569512113	0.232596647551328
-0.0276854916515435	0.180266333506824
0.0601862784173062	0.40905996038285
0.0489607502783502	0.277115808150726
-0.0481139673184448	0.158289861578208
-0.102189528139302	0.44554039789252
0.0491435595683658	0.216538143618974
0.00842936846886303	0.0664767422662045
0.0186078956008817	0.154723575463469
0.0288581037683455	0.218817143810583
0.0101283045106152	0.0626232417791714
0.070566081650856	0.508613225918928
-0.0542167647931338	0.32170527918051
0.0884322837984095	0.389233941936238
0.00987286714978703	0.0359382818548471
0.0411755822670473	0.181839974924476
0.0582298832045745	0.37835195583482
