x	y
-0.327175872536002	0.97079869979747
-0.281291432774415	0.437194448059846
0.0315488252729376	0.0450150127621642
-0.152708605454305	0.292884758727073
-0.148823280241852	0.265620299006875
-0.0161225276014169	0.0250102333479658
-0.135224095600215	0.466074682465355
-0.0810188503225226	0.364374802788425
0.0443232652374151	0.193490721325885
-0.0592446412506869	0.265640786025366
0.0404038943872629	0.127465791113394
-0.0941379833788783	0.220653240561608
0.0481544926191306	0.0906820166159561
-0.0424750191064633	0.0611877730102541
0.181166024023084	0.213409000697209
-0.346277497973079	0.429319083206329
0.260989929173449	0.386914527336095
0.213976357349073	0.346888952730434
0.126894456884622	0.174417205894885
0.109701527402617	0.161332219029651
0.654675353159653	1.29413925744217
0.0869437549669838	0.0725634355291254
0.167916245255767	0.188082694355009
-0.0187120825663592	0.0358562920156758
0.0486687900722753	0.145100583766689
0.0954618479444288	0.361743412958838
0.073962554277962	0.236572444702012
0.0983740276977233	0.324279964507055
-0.354779873991	1.49989358199099
0.0599624435137775	0.137520024920743
0.298535359991311	1.18754320640293
0.298893572868308	1.14331688039124
0.078602219923086	0.119876271450593
0.0978123509588998	0.187562990208241
-0.306305732539756	0.825842242446097
-0.111033727204608	0.342389555236962
0.0243304079664331	0.0582170041293296
-0.0473927476627094	0.0920290627757594
-0.142184888271591	0.303311728246327
0.568689699667732	2.09429130071482
-0.266413382814676	0.522891712827445
-0.109214844657697	0.101104659526507
0.270824395128764	0.254881481833088
0.523875829532515	0.844345519373239
-0.168045983973814	0.504960176782763
-0.0914835071814262	0.305680676193186
-0.0261228735862911	0.0788684428996941
-0.0329807891519645	0.118125272612973
0.0534492505607851	0.151047413583709
-0.2423664554266	0.604445375584042
-0.194097253080706	0.540986769705265
-0.0206190320973902	0.0567330590316097
-0.111308229144823	0.380935647216621
-0.0697109212051941	0.287797731777005
0.0690124588708567	0.36817113690875
0.0524097096254516	0.194173788853831
-0.029492643094829	0.0382623449304485
-0.131553713618807	0.273049877754363
0.126743078852682	0.174734638393226
0.39241016262818	0.87728859710625
-0.181514281790543	0.307958307612824
0.352444166855947	0.877188176522502
0.178020537819183	0.32283669692967
0.240854700161478	1.15738681156552
-0.00052711563010799	0.00189189651284394
-0.11880140951136	0.716045337763732
0.0485121680311439	0.245854061183478
0.00333457147397836	0.00989198547145184
0.264351376861419	0.82781301056408
-0.045423461190629	0.0833134685133238
-0.0977123160770449	0.297512169305222
-0.152438734325608	0.421437538813369
-0.707412391954673	1.09119870342722
-0.072896058312761	0.11183872664606
-0.320125948988035	0.500520795517553
-0.348736548860397	0.899352079128636
-0.639486432110916	1.68502358501152
-0.141052472015037	0.169660997018719
0.60270782296717	1.06324759669245
-0.10033218627328	0.119753284232527
0.478409797704707	1.00968395915756
-0.597936564863382	1.0299650992256
-0.0443546010602337	0.0553577374074409
-0.094625830002446	0.109104902908459
0.120436825290683	0.112427777738843
-0.279635534581067	0.392944085894311
-0.24656051451457	0.720287317198872
-0.0760567245752731	0.240970861779929
0.0230168726826227	0.073721212166562
0.081944059095203	0.305791412049779
-0.024680047535087	0.065170582629301
-0.170698081573644	0.548999339381286
0.313976699119419	1.08452289339974
0.0673770764800489	0.152786763656657
-0.132131199056334	0.340195063271429
-0.168440458736427	0.265643318736458
0.0991837560618957	0.164652317925925
-0.440044990660672	1.38866303560363
-0.136978546597308	0.458678673455911
0.0886697127238653	0.250728086461261
-0.27730877280104	0.703896728223479
0.0447323826101646	0.0780970234278764
0.205175904329079	0.430790744841145
0.064670834597053	0.0864467871991525
-0.423912820151043	0.635588843320364
0.604322791931399	0.742662536186035
-0.0823054300132647	0.0949757201684893
0.361605238236199	1.39749634844489
0.0610423898877716	0.202314299620492
-0.0874473368061105	0.328007848966012
-0.26893069169243	1.83357809876124
-0.112063111616531	0.368655281094546
0.392017242777899	1.17921289855563
0.250114077441514	0.749080999533647
0.0511302538933557	0.149962011997209
-0.139655557309459	0.499229289513193
-0.159623083292111	0.807019976198698
-0.109749992234642	0.50681298750188
0.13333121660876	0.429290143574681
-0.10703504269637	0.202421585138505
0.0865124869772727	0.15990186207361
-0.0169309985293146	0.0331330273295119
0.135146163084745	0.230246633004061
0.350180465953756	0.808295780395548
-0.0797730357733956	0.157429512833307
-0.139464536628522	0.267180674059913
0.228247180016353	0.526968059771708
0.196263980033613	0.8440252496761
0.057405738796987	0.256516664277863
0.046946038125065	0.22786850688186
0.0441954899248745	0.208340554687514
-0.00726632819295176	0.0219540625893022
0.0731582155950704	0.155725556515849
-0.206845533822937	0.519414000507398
-0.120534532036225	0.434291090409264
-0.374882399872815	0.414556211507769
-0.45022750764972	0.867006624835742
-0.572551828063519	1.60181758680542
-0.0889616937656874	0.114212237044642
0.0464385962266308	0.0770047806121406
-0.219019776244688	0.395036489657355
0.00642406239494887	0.0113588025680581
-0.216260052817512	0.44991976315826
-0.309335541144119	0.529688896522725
0.692259216047252	0.843154053832782
-0.0397243009958134	0.0500639993998481
0.294004277737374	0.572385599374999
0.050859178081999	0.0621470094324477
-0.00890373772370397	0.0119118199991712
-0.623206784887812	1.24200284745713
0.345016812657209	0.414917484906428
0.0565090509733658	0.0588974983007936
-0.181145052936284	0.542258044443138
-0.0709473550441544	0.248475023563411
-0.0746325915799879	0.320883670844244
0.0564237899261192	0.202087837385002
0.162660512126057	0.675407392577441
-0.0830678150523248	0.217336067065002
0.132290939355566	0.370707360960424
0.096656158916087	0.277887629127864
-0.0315208817253014	0.071188966748381
-0.418438895235712	1.01187402602558
0.410041200208691	1.2726994062937
0.0852502687558436	0.184620129531357
-0.00325528745980627	0.00872541453569159
-0.0640264427813845	0.196478893289111
-0.119129335250736	0.262451358402734
-0.216408669633778	0.589308050946802
0.0839353412272858	0.176883725933367
0.00691249446189335	0.0101113034295
0.311414191403228	0.426333731881802
0.0976498963780576	0.0854426840001219
0.0756178636675126	0.0826684667436441
-0.0835597761878878	0.215489305496651
-0.0359286136145828	0.116472129515465
-0.0333261861170388	0.11057409899721
-0.015106912526823	0.0562487436216283
-0.0355734800090857	0.10626241296601
-0.109142649007911	0.217099065105476
0.0202320234737943	0.0406327393305015
-0.00216088755624866	0.00536665493743225
-0.103431713947314	0.332775740213854
-0.197012773623274	1.02129421050742
-0.0700187395967664	0.270010694391264
0.0724260574951386	0.172354779630767
-0.329321198714009	1.24354284182937
0.246236178683753	0.854311712229293
-0.22746720125067	0.721890377005827
-0.136135471004381	0.398634275922104
-0.0872886862074416	0.233349746241811
0.0660282838272263	0.185397729662633
-0.130018787070691	0.39771019109674
-0.0477397166296444	0.166395435627468
0.0649568911491375	0.245250867433715
-0.167852028432705	0.74813868957401
-0.0391669146300015	0.167701075243961
-0.165657337151114	0.672143330283908
-0.199518813139276	0.781279855637295
-0.205048151680879	0.674884377674681
-0.155838714316619	0.316274873924438
-0.188186578006635	0.505187909436402
0.0400965344646307	0.0892459478523093
-0.131156791012813	0.314552209787545
-0.0180851404479438	0.0379878452820097
-0.200770753562147	0.55640823228044
0.363229129316324	1.44399917598276
0.0771143858421025	0.181398226333892
0.071027902714064	0.146290162871725
0.320095101268256	0.945132030905791
-0.0740135742077198	0.158288905287908
0.0916506083369123	0.214989515203775
-0.228565264824631	0.617713377590391
-0.0460059051058386	0.0946937911607707
0.151427962668024	0.331010166011918
-0.0591566835871483	0.107214113074275
0.26726983181826	0.803650839952174
0.222010743268081	0.925810943827219
0.072530770490686	0.229058121607977
-0.164680560764156	0.768977034733642
0.0819464291144978	0.325586601495533
-0.0319098927214857	0.105507166717845
-0.0836832307016615	0.317915196383507
-0.022842022566953	0.0687559656045888
0.00524270746487486	0.0144979012766126
-0.0235237504617371	0.060321293577348
-0.192360136997769	0.57712127288365
-0.289513208203171	1.17439636180419
-0.0641065506843065	0.175921477738553
-0.0356093920547841	0.103007063288987
-0.0671499162021812	0.201017094956428
0.00404413304511243	0.0103205111025375
0.0388344869128371	0.103190728137014
0.206610735263907	0.613544503330421
-0.338506214042064	1.27069743195757
0.0693090018091638	0.142073821158903
0.260859420197178	0.700530084199269
0.233099056264573	0.736158066550433
-0.440577988461019	2.67844627460628
0.0938450577991889	0.327230049968743
0.100499686437177	0.370167307902269
-0.0565277381078814	0.19634739490444
-0.0052534645065961	0.0150843447066424
-0.151468175351089	0.553301024203141
0.223708007211623	0.997459987400383
0.191045928113002	0.918023542960011
0.0926378784322722	0.373244968377134
0.0609166842329509	0.247715442554769
-0.0348495827815596	0.129763330571095
0.0115596174604395	0.027999697225489
-0.348616500609798	1.16164635219592
-0.181871238277671	0.399198931829831
-0.0531382379487827	0.12031421675578
0.148851242430681	0.45732515657267
0.0756429282479085	0.166320412174306
-0.0199503374005911	0.0411401208959075
-0.00303065847723327	0.00627450591674271
-0.110123086318741	0.301755193461726
0.185574541808895	0.651454500062892
-0.0258251012094058	0.0894935351787028
0.0443065564623849	0.178445435005882
-0.0600055328656499	0.244913394642866
-0.0345559328607931	0.157354945491799
-0.0349162336005139	0.101710670566755
-0.0538507850519946	0.150771325912164
-0.180386297262085	0.525329122955505
-0.0690241711180374	0.15480671187586
0.109827285875521	0.232695244061807
-0.221608188513484	0.699173500096605
-0.11848225596344	0.296822606402238
0.00198127686307941	0.00341062056811979
-0.0629947066845333	0.106009006335741
0.0203480400020496	0.0380001353223138
-0.140091111404718	0.30508403108887
0.376473636702755	1.04105372801958
0.21401405961036	0.574570745471603
-0.0393188640856677	0.0720616061757012
0.0802683671008437	0.143366252315796
0.456061440087398	1.52143605877073
-0.212098489020613	0.859288808657178
0.00328557297848813	0.00924375532927003
0.0863035009037854	0.358285501675563
-0.101611733498302	0.43892218230015
0.234718873313905	1.35555481261619
-0.199472919999322	1.0587788568749
0.0512844916094712	0.164542553224237
0.0321700820268097	0.0911370582833014
-0.161607741023961	0.566776899047104
0.0532465421303383	0.135817851307691
-0.0488396350634827	0.131257391897878
-0.0428337902102669	0.124888364455461
0.225218849685704	0.968069156254301
0.141882976073758	0.499784965900334
-0.317799714670572	1.13151041282746
-0.385509219996993	1.27347895970948
0.330044623368343	0.928105766533941
0.145082495252517	0.298797926639001
-0.461327712215842	1.69756851421366
0.144024702950252	0.515140941810727
-0.0977885475654272	0.384220910732415
0.263393430813528	1.44033399313088
0.135944409504456	0.629980139714156
-0.101679300446238	0.402836632120523
0.0833911281332036	0.245633750615913
-0.0351271621057052	0.0996799417686946
-0.0631566589480437	0.21313002515407
-0.0110955613235468	0.0359345173193063
-0.0728315368847699	0.329572340429941
-0.0355214185581178	0.141035996169696
-0.0692447084911106	0.192704538602993
-0.525429113376331	0.954726315705743
-0.124054257583619	0.261364147753338
0.00180082534576674	0.00303894524930747
0.0592118755675156	0.16126262225521
-0.171210296974355	0.401955252351471
0.0825123710500607	0.173568505485424
0.0315837556995053	0.0667912917440039
-0.143495798979823	0.352188132988522
-0.292055377563473	0.78532373223053
0.209103909954641	1.09077325985829
0.0470865178876103	0.236706627295701
-0.0936497841715922	0.583048782342895
-0.13009520340923	0.375354785407811
-0.208073904104381	0.581146284748078
0.0541169853407249	0.109271505341627
0.232760267381608	0.526168165832571
-0.18557418137643	0.549463340359501
-0.00460039477741342	0.00790629130526432
-0.166655941532494	0.241431044827625
-0.0684562048158902	0.0676790314859947
0.0116783840896674	0.0161003812343082
0.305291101525827	0.777762496781379
0.00144070418503073	0.00186232203989049
0.433352783298213	1.04912549465154
0.102248489444627	0.14726254013341
0.296096592417413	0.347947487302207
0.43124958636937	0.714245841249317
0.111677454524243	0.350553828721798
0.040127747837404	0.164294845745648
-0.0428260967141355	0.179509024396462
0.0158991827484978	0.0559603675167716
0.022051930562758	0.0698306660114724
0.0141477579779647	0.0325466233936089
-0.134336133094375	0.439556292839563
-0.141389065053352	0.489658970917979
-0.149274534402758	0.360311679479269
-0.039410806185397	0.128931314586255
0.0660167383470388	0.151482610293954
-0.267014507590473	0.799993595863448
0.150884146941629	0.395119609498919
-0.0592455861198295	0.101786850070113
-0.751878424007437	1.64438431456944
0.349270549277738	0.42314897167889
0.193024612045341	0.269374959362691
0.0278868233440055	0.0686028732520505
-0.0732414788074566	0.31027502175948
-0.00374088719150055	0.0120317313594842
0.00142593117692448	0.00551424101559872
-0.0853400530357832	0.326537171863775
0.260661275443763	0.592669928366044
-0.0939208392345912	0.190115625988173
-0.0343849723164203	0.0949499023399775
-0.0828801840422817	0.243103869963252
0.0231131712348689	0.0668807524424179
0.0620481184604383	0.211193847002279
-0.273179601603071	0.786633963119667
-0.154633251881551	0.278846320097847
0.288680356567837	1.22718683296656
-0.377350348669229	1.70838859180902
0.0932594913067248	0.347841769865184
-0.287533349410651	1.1236619982386
0.0277796491024831	0.0685449629243246
0.113928132109372	0.353253704578432
0.220721951013358	0.877523694003164
-0.0908047555095009	0.260238720612181
-0.0477044696861249	0.198019013179323
-0.056344120742713	0.313532878755829
-0.197062039937176	0.776087602716504
-0.0169454456444804	0.0351426063906487
0.161629074866021	0.40375288988288
0.166588658470415	0.612989683468608
0.0760560125829413	0.192187123697213
-0.228798749091072	0.545833535231197
-0.0977056969193522	0.149154556055922
0.19831086871683	0.478685109928729
-0.221343755302416	0.746783107981526
0.0314370239827014	0.0647968561808538
0.0901186179295265	0.227581807206657
0.352654287428479	1.1370151745632
-0.116106271369973	0.184958710943498
0.0703291768596041	0.122957611610502
-0.0118710908951725	0.0356737955025447
-0.0575009671932139	0.263838667328107
-0.142189027200488	0.961967039434668
-0.0407342496619251	0.166375176232318
0.0306041972563654	0.101344205527158
-0.0607082181616523	0.164462637007086
-0.115117869711522	0.385955407889691
-0.0714724789436183	0.183443395697717
0.0941409502747969	0.309749006957305
0.0150979837857875	0.0348566335150086
-0.268693580236287	1.17262981348966
-0.199512199112014	0.550500951915454
-0.00353026907333278	0.00509927232130138
0.525545093937147	1.40146827839128
-0.126104994846752	0.216115524339832
0.0153318406661518	0.0444133821425259
0.0440496254616	0.179744433598246
0.0893596965891052	0.37583329604025
-0.0849973872039419	0.471338343632404
-0.0319183911498217	0.116479490871368
-0.0550541036989267	0.109433481942392
-0.150080691138166	0.393161608688576
-0.118645735348135	0.441836828889551
-0.0200238240634035	0.0576489131399113
0.071992171403033	0.263138305416679
0.0182318804892973	0.0536742989205323
0.292516290419205	0.816191673071534
-0.113058146554701	0.356555302425483
-0.0389049273950582	0.102810535186705
-0.134318492077832	0.567725079129644
-0.0170567473461686	0.0494721159581221
-0.34730353410496	2.62867708267068
0.103576736448967	0.350886401245777
-0.0774512173315752	0.255909415988463
0.0873932048133359	0.299914199104918
-0.0303318996890827	0.0932264060707018
-0.0591588888185907	0.186419260632476
0.107612198079585	0.493799997075967
-0.101343171754271	0.429736852077444
-0.144697834928005	0.606457975389132
-0.0763166353825133	0.212776829963782
-0.0726303975442614	0.22740319405182
-0.0628072620013469	0.183641215902081
-0.132657876789241	0.541975466904018
-0.037557625304335	0.107572680758979
-0.0166969707622915	0.0405847765184111
0.100076464156533	0.252547182229777
-0.0232335939567182	0.0574979356619326
-0.0564290358810211	0.17184311673866
-0.125071359135457	0.390307161549997
0.068956558470301	0.208826678436234
0.201451026141488	0.737455670141821
0.147121962956167	0.397774076714277
0.292528024161047	1.19611839821379
-0.161587301915173	0.838162077815014
0.25508315964339	1.3713190992671
0.133894269212584	0.574122753562403
0.237603947887445	1.28450576588332
-0.0886961512455573	0.307573108356447
-0.0122390907418955	0.0330484927429369
-0.0821422284162164	0.294315399213
-0.0749844714255446	0.255356241212809
-0.0895070789596837	0.366594624479034
-0.0504803571464313	0.159049784336383
-0.0963667678459721	0.363128569469312
-0.0266095695110786	0.0745729329437524
-0.125999381032254	0.336438300032471
0.0301766737944362	0.0647795613792534
-0.0225780689553896	0.0528507616699147
-0.15233137013985	0.709210949413009
0.0183218452313014	0.0595315900960367
-0.113574349519539	0.417425199830183
0.0422409854516064	0.125787190169509
-0.0542604453231956	0.196453030830718
-0.295313995299666	1.06760736134532
-0.0774678281717117	0.212304247089023
0.0541108059273394	0.18229766505175
0.0867241910367361	0.314667970333058
0.115858027832171	0.427875599268015
0.0130276257652941	0.0322872873492369
0.0600495903152487	0.0907814947121582
-0.13140508192181	0.609598651742128
-0.119439120410687	0.456424328579727
0.162949742050352	0.758527514335653
-0.161735725583465	0.733889913313885
-0.134223555169937	0.48924865228031
0.24368335894717	1.20901108999939
0.0521061623744125	0.164748625932469
0.0561681257579919	0.188614799393431
-0.0683443275664839	0.245016171523954
0.0338867932342258	0.105326544866403
-0.0771406042371106	0.192910223020311
-0.0456404713176898	0.0732878027184801
-0.02365963143651	0.0675104506525303
-0.133424585419162	0.468789503282072
-0.006638017412582	0.0178225146782376
0.20265352668289	0.841686167711771
0.179924281734968	0.849072666570134
0.1002456151818	0.351803820059145
0.0130699674800287	0.0368660719114424
0.168887498364433	0.717144071909857
0.104202933764391	0.358384594520932
0.0197612371077217	0.056186624090023
0.0909971422505489	0.322696040180655
0.182731394212854	0.769940753736532
-0.0924524687762993	0.337302725531593
-0.000834457415728685	0.00237492754411333
-0.182484624743244	0.828364959351274
0.00508866585976729	0.0108249974924029
-0.335204464354915	1.21934594404635
-0.0131050182582665	0.0298347345541253
-0.000989350944419402	0.00242056096684845
0.0121019969378316	0.0330339199225083
0.090373283566166	0.306907287202602
0.0300587003316911	0.0913507480132795
0.119690260546312	0.471087688133111
-0.0246282163710339	0.0791897288583982
-0.037824380441715	0.108229522423004
-0.172294090247194	0.567471681070986
0.0498252693503665	0.120587106921666
0.0373867302142332	0.0788086076058433
0.0495486326836025	0.134209871151223
-0.194313590124387	1.00761382745241
-0.0576630083073026	0.18996828241951
-0.0163038784184613	0.0407031323670797
0.0897482151374712	0.324250743190083
-0.0309550212370906	0.0783477819265955
0.00000376396547677277	0.00000721314165765968
-0.31272023096559	0.649374868139553
-0.361401248059902	3.07267905222312
-0.0293781423494088	0.094576258886195
-0.0651326984657836	0.251798753878447
-0.127221064403583	0.382448981610537
-0.199298313757349	1.12542169218052
-0.0894847922786908	0.258269017418977
-0.110140097052477	0.267928777204044
0.0408690135665538	0.109967066335388
0.000890635202079679	0.00223457609612897
0.0351471352406476	0.0992484214328314
-0.123806693879793	0.426337523848166
0.0163888355053499	0.0433432331133859
-0.196127671887249	0.597549191111389
-0.27254683792696	0.645623876805784
0.0420641920258454	0.0475112504193394
-0.384470357697529	0.740953113287977
-0.410632486346362	1.06812256573299
-0.180264408977243	0.450109398896389
-0.116866886347784	0.384316336285884
0.0114681693757959	0.0328166535137697
-0.0553047016576664	0.158477478778132
0.170604250799095	0.520038938583726
0.0327936565820462	0.089509872331258
-0.111812753312073	0.412876349953317
0.0378497248311881	0.136132771452709
-0.159401229556251	0.739342917540567
0.0774678279823149	0.237088023081077
0.0219088406592274	0.0603834443854966
0.154114071356262	0.56744631346761
0.0175546835046868	0.0514190886945743
0.0571922213220691	0.223389615483684
-0.0301344458445913	0.0967747907680118
0.264307383888803	0.984666277463386
-0.00633985080867408	0.00825115875402708
0.125306204002136	0.17348507003528
-0.107627378737383	0.178949872766226
-0.376519763250138	1.23954977032667
0.182433554596816	0.600023555136726
-0.356035885827743	1.48557107090337
-0.268078514623196	0.900706002122227
-0.22326756716568	1.11167336016464
-0.191288065084188	0.979090472020729
0.152214410277212	0.840761427716652
-0.0289864476413595	0.0963116569976928
-0.072347936324039	0.183303124701637
-0.2577138520062	0.66513495657768
-0.326582188142671	0.814126398193706
0.289228124784054	0.437787961901908
-0.303254794454788	0.887977741781482
-0.0334791272709074	0.109201861106578
-0.00223687660158385	0.00570667146588115
-0.46115145789833	1.85024973682325
0.0312780211116102	0.0779569630939067
-0.38047487991561	1.2663921651151
0.136151029817619	0.315241798250194
0.547698743122968	0.960508100885176
-0.162258911008374	0.58987629036676
-0.143210112351943	0.583223863465722
-0.0221935840589548	0.066077123975882
0.110174979027667	0.363712935252981
0.029407019870555	0.0823058900611103
-0.00946476216826538	0.0224250874811117
0.173993213411281	0.700302825988276
-0.106408396002785	0.393306959106108
0.222287176194628	1.01280075464593
-0.125600231509499	0.485487127074192
-0.0017825761944555	0.00486322646696886
-0.0515149644730585	0.132946459097131
0.382577642515406	1.23147892842443
-0.133884296831036	0.211945948733713
-0.176881014510699	0.693855779657294
0.0199289542548646	0.0535237904115603
-0.167973884775337	0.592602880098017
0.140778491055453	0.541041804569328
-0.0897126893828956	0.294769557317399
0.0205525227155693	0.0598214685077202
0.272584041655877	1.45237029555511
-0.0275019079116718	0.0759179461554452
0.394701555776436	2.44730038552579
0.0963415446502987	0.325797887853601
0.0640057304203593	0.196992100945484
0.160184700536726	0.71524425810046
0.0435558335553402	0.138334249756391
0.0217527625426767	0.0557436083971368
0.00298760720755926	0.00476595596571452
-0.294374974037673	0.681340411738895
0.204956361188339	0.502889465254353
0.145361797517332	0.366829386401607
-0.0983208350964267	0.291146974448851
-0.18050798421801	0.688711597185531
-0.0573653393091703	0.162156062140454
-0.117385673550834	0.463022183036127
0.0654707528948382	0.15353843316587
-0.305172217634093	1.45558145769792
-0.0589970675114531	0.199947671676604
-0.03106371930884	0.0974866079025648
-0.231450799215421	0.88487948040705
-0.430036065116529	1.69104571483838
-0.291377899434657	0.644464330706364
0.0798521281061349	0.186421421042091
0.092283181518304	0.323160358477639
0.248176042997416	1.16318540998411
-0.131782169308205	0.376023881035186
-0.164044867656145	0.596043128964402
0.147253141215298	0.387699012835702
0.00232420894512613	0.00435749114666838
0.190443271225946	0.287897909392499
-0.056031336161998	0.185760588984906
0.109819425435929	0.417413412872252
-0.0361945883770285	0.107646223434682
-0.0713966693955063	0.238783070457251
-0.0529263460842428	0.158055958911663
0.0809085353816671	0.270034776285225
0.0211313932850425	0.0568723594567264
0.0491626456045463	0.145036528078586
0.400580961906574	2.71695919184015
0.125587002211172	0.489791290263071
0.215584209847759	1.01652034039489
0.131847157833355	0.498692824655307
-0.194561744708002	0.668723945255723
0.1927562190474	0.497141275375275
0.0609420971089892	0.0956530677846481
-0.25627660373287	0.558147594653165
-0.583258285729912	2.44730031054407
-0.110916932777926	0.385128043666989
-0.137922764403361	0.501618354198718
-0.139180344976123	0.507722700680217
-0.0818791145597823	0.269016410490103
-0.198035187822222	0.87811667561779
-0.15882745313813	0.636967965373495
-0.0911003029526971	0.294440966383302
0.0502623999876869	0.15729895526306
0.119698812991044	0.427118549703872
-0.113935124208538	0.378462053832941
0.155801887938951	0.642362092478746
0.015744396832042	0.0431380145910838
-0.00968079962813485	0.0265694556490595
0.118849380428347	0.405268341878104
0.0985453241733835	0.337838840234311
-0.0176387822261758	0.0491163898108451
-0.00670054741735296	0.0187467500750027
-0.192840211824597	0.770160646444787
-0.356790232022971	1.17707453696026
-0.0693959097656203	0.143468629249075
-0.116232665050014	0.273497831848553
-0.223521606604405	0.738272328565343
-0.123356828599876	0.410619045804937
0.26252040693683	1.25137563445341
-0.526442465970576	3.50032812099824
-0.0674747308151628	0.195383338893731
-0.0875164663035359	0.3023944806836
0.0206438787839265	0.0579474379665066
-0.0775902046883723	0.194708862392019
-0.133484858265597	0.389162144325675
-0.0501334736068495	0.145044254692083
-0.0706837740800718	0.224536442784907
-0.106899161452848	0.343254147783345
0.0282909640711131	0.0591590332302966
-0.287584275079769	0.689228446084035
-0.0479822624874713	0.116416986288948
0.0501661227624935	0.141824135227278
-0.0962658779762234	0.293237799667379
-0.299942560361644	1.13942488768536
0.0209906854759563	0.0539654852517059
0.0270467600884607	0.0545092962846037
0.235710741331344	0.70934970918787
-0.0268412613127606	0.0304514407529111
-0.0850930251787159	0.280910880757148
-0.0114379272558395	0.0334425815326408
-0.112116927888379	0.417832967905624
0.0762957674419929	0.215882310760062
-0.0648555983908982	0.197227587066303
-0.0849949897773191	0.283960274230267
0.125995571948332	0.486837384071106
-0.276971975295317	1.4212217005376
0.0121215427205658	0.0329186525651646
0.26472508081158	1.22986294620408
0.143890716918986	0.584815248098636
-0.0206634895075069	0.055593612757656
-0.290434349951351	1.28849304813539
0.0911679687567219	0.213947046642893
0.0460654317311715	0.0766353844018539
-0.291386386677096	0.75018204630523
-0.119052019887965	0.392668037164478
0.0160336049373631	0.0360486411324345
-0.046561148821459	0.130252408608505
0.0299888459055033	0.0807357849489283
-0.108358551694882	0.378035272634374
-0.0543183338504252	0.153810801540759
0.15704468026168	0.659322026427149
-0.0764529176958412	0.259957759408981
0.0230020917872652	0.0685131407205021
0.269223909329808	1.39500769047874
-0.020017484542195	0.0502895335206029
0.114425798460403	0.338416120933569
-0.0501334842864815	0.144547590575064
0.0555714646975689	0.174973441352152
-0.102017391820321	0.319834530624278
0.209737436991758	0.886825396228635
-0.061520934735516	0.172417761944779
0.044991962784841	0.117406412374339
0.00583777992057995	0.0141694179915674
-0.190500690116194	0.744813186770071
0.248129481757281	0.705850818530104
0.144458568332905	0.355954306623004
0.0313220278788757	0.0687205347935804
-0.119489391046517	0.332928843475336
0.0773249851730708	0.215450604635223
0.0904048208239003	0.281953168796445
-0.113302648532653	0.395001104170451
-0.162263156521518	0.615024423911547
-0.122435397547125	0.403483426846636
0.0664082136051422	0.18911599901115
-0.101642226334562	0.369920281382454
0.0650435661556477	0.174032677109098
-0.0512875368714453	0.139090336344421
-0.131085266589874	0.476204367972587
-0.0467014092439924	0.127018096087349
0.0159276095424324	0.0336670561381851
0.0173367469249183	0.0318629700824727
-0.152478993093654	0.448661399036335
0.0000793213583856395	0.000170285532452161
-0.229515093586119	0.770518645207652
0.0159809974818065	0.0353689286339247
-0.0241918013817393	0.0579088650982429
0.0221324422852531	0.0462476193652391
-0.500794743583413	2.02651721554174
0.0105362205374095	0.0115341719442124
-0.113432995102742	0.375690895886441
-0.125635422328242	0.458801109533616
-0.180001925247296	0.6908856730193
-0.0342083030830457	0.092136348395816
-0.0147843148583284	0.0390103488618947
-0.145496729593593	0.511819734445146
0.0143719343831346	0.0385036359837711
-0.0464531822187285	0.131292125358795
0.108740800946966	0.365329953832858
0.164452552797702	0.642101694434968
-0.0916365293428139	0.285939992845069
-0.174631396091279	0.540290652828842
-0.260753380507009	0.66587383479856
0.100834502321335	0.158517572337888
-0.159178145753387	0.297397284393206
-0.200388884788509	0.398950553066745
-0.289697570393013	1.15349528289145
-0.138202574575078	0.480280354918684
-0.0215341472903432	0.0573005068419503
0.0582373676659709	0.184207448257425
-0.0988421067664599	0.306573933819497
-0.0349618025826416	0.0838761118461073
-0.0159904178764206	0.0413796813731646
0.274165308067724	1.43628711656829
-0.0713984515551848	0.237862357541646
-0.00525172819106461	0.0130935009056072
-0.094108241781233	0.317032471124933
0.15122241515704	0.613082689641933
-0.130118996307057	0.46705453012779
-0.0787070202849874	0.255274161534914
0.052514102179191	0.156757437618257
-0.108230974052298	0.37879593173553
-0.00934084363308325	0.0240098210879206
-0.252438904823236	1.11721284227055
0.065035479321829	0.200531065471205
0.00250692046406869	0.00636678748970354
0.0197421811985424	0.0466892693060952
-0.300683170113196	0.864196477599781
0.204661194007353	0.482250529883399
0.174768965741114	0.411461778648297
0.0403401745663965	0.0810904880229149
0.0111589390524983	0.0255885057338162
0.128546197307412	0.402876729602887
0.0224574926093629	0.0538762783901412
0.0606589618373035	0.15575464332893
0.255860215126839	1.22681982101368
-0.127188200257858	0.436420996224773
0.138310272954763	0.488657526545086
0.0174241017387421	0.0358388264245286
-0.109951467947591	0.263712192003462
-0.424687715077877	2.45486155978694
-0.0124761065766007	0.0301218784532611
-0.108042712415262	0.374020308374062
-0.0888064007872203	0.209978163472855
-0.152136628564726	0.367779818484555
0.0356263314167467	0.0551909975909288
-0.0707802755429524	0.199322793521206
-0.113602204877164	0.339468981225557
-0.103300735570949	0.250772661346849
-0.150992619571349	0.423963741117611
-0.0456495940902404	0.0917089708948798
0.0123594170598736	0.0227200785298369
0.268045571152539	0.343194210391748
-0.0604476785148008	0.16440855732073
-0.0137170367317549	0.0389567212785758
-0.211381799532961	0.842346946362693
0.0220439294969859	0.0547994443544317
-0.00291107436635183	0.00657132981120621
-0.0747275490588629	0.235901787737306
-0.00266389676184007	0.00698188439417338
-0.0690466995084055	0.213319909259986
0.0426956337101951	0.123178111680054
-0.163988217510387	0.604311482331592
-0.209606241921534	0.633031044891327
0.115786749196964	0.230091341027931
0.157118947839009	0.208605503873731
-0.300592171890673	0.617089002331527
0.12610088778328	0.22112535000402
-0.106349143764558	0.333807114563707
-0.115597340466705	0.382230348701202
-0.0143177944602418	0.0308359016066549
-0.0296457290502105	0.0640542782719396
0.084646346689309	0.243375196355035
-0.140991009966428	0.531065913840131
0.140460560836803	0.541945258190816
0.132871746858366	0.473039118554709
0.167200152037359	0.592053551032002
0.152764759501582	0.571987160276412
0.0349566633366084	0.103337661465787
-0.0487049000513444	0.146748694604242
-0.0652245460314947	0.180536083781446
0.023959788944114	0.0657965272885775
-0.158772187923001	0.624503711216443
-0.107700112872876	0.418502896875485
-0.00653166459683327	0.0184702757385015
0.0459978394857406	0.135090956459475
0.157584873496799	0.657319684564151
-0.154976014428895	0.569669820014669
0.234823550683955	1.09730113936209
-0.0779877928360174	0.269462967553038
-0.131714502790741	0.508195314684514
-0.0588364165373862	0.149006829621611
-0.205704036560492	0.434139378746895
-0.265188424891232	0.571412508875738
0.185281618209558	0.419434817732217
0.145405521608869	0.356326485851476
0.100379807433716	0.278436398047619
-0.223805006934293	0.787910911352746
-0.331957464072707	1.32365371017144
0.091996417675385	0.243155819092885
-0.12625925606792	0.480805814423712
0.144304595242147	0.522193389869229
-0.020539473368445	0.0521912613507896
-0.00905020473488186	0.0173661143203178
-0.271660878449734	0.753626251343145
-0.169757589013707	0.462625338789888
0.215714608562951	0.748423841914194
-0.0583531623841444	0.191958556292009
-0.102189408756601	0.375637712912294
0.0825657266933114	0.154685961364568
0.352844868726064	1.13485368474988
-0.138889104019783	0.166345106171109
-0.0684413386670282	0.23116289577698
-0.0552708937810064	0.16038796496777
0.139005019606678	0.496525826527463
-0.110751607734247	0.316829982280655
-0.0755658936799094	0.223654581424842
0.185401871966751	0.783840105469484
0.0229781334027489	0.0627041594228561
-0.146129970252125	0.498591422283417
-0.144752233408974	0.482874523647437
0.0244116913356939	0.0513104982644749
-0.070258814191114	0.138400431779087
0.347433155405145	0.761945826642372
-0.168277316486598	0.314018096703804
0.0597127200046983	0.09882669343983
0.103196511928166	0.320144466830598
-0.158876622904951	0.576850510698853
-0.342411967029423	1.3308652369663
-0.0536513911430878	0.125877503280313
0.25149939391609	1.10994808970769
-0.109803943838526	0.406678165408198
-0.0616310739369956	0.194545639260794
0.0590680979678032	0.17466508868003
0.176050989357055	0.639855765113252
0.0565176283722285	0.171620293809139
-0.126541672034684	0.502158610032349
0.0566505047229322	0.176419068527726
0.0741957234662834	0.206815918553762
-0.168835549576589	0.711923177153523
-0.00992645948901716	0.0276072120565854
-0.229055536037834	1.19661327157033
-0.0734491861647092	0.251220042537075
-0.194863558062127	0.775345153868586
-0.0388417682796661	0.11651941128367
-0.0915528474936744	0.300499077203358
-0.140561698284227	0.534450995367693
0.0659366849535248	0.230697050945517
-0.0215133781780702	0.0620994935593295
-0.263561461233121	1.05148911497553
-0.346645726569484	0.956286019012422
0.0739026579752885	0.130699055310287
-0.186676145610741	0.47076005447211
0.157207093382812	0.413182389020639
0.0835406220382079	0.231631181115728
-0.0220722192561306	0.0524159288491605
-0.0230097038414571	0.0558845624338969
-0.0243042101367824	0.0551542395379705
-0.0985157574416343	0.363440303732389
-0.101635207541468	0.364395677442964
-0.0385020598677874	0.0956434162537023
-0.0214127602784783	0.0434457248668245
-0.0920253784856049	0.21835767183737
-0.106995224210128	0.310497168664928
0.0953133541680254	0.268815478663843
-0.179332680371992	0.464960254387091
-0.19049567953174	0.609728710680503
0.0806260852384273	0.291938153566965
-0.225329808328357	1.14159202830632
-0.211625352793886	0.875889690232115
-0.202225663563768	0.739185984209843
0.020446163927875	0.0318938360252593
0.226059743559683	0.564523557091639
0.161102270167473	0.216959610704425
-0.182617901570186	0.730913534751927
-0.0650011786867209	0.215915037347823
-0.0965387646499371	0.325151984323784
-0.129634137722323	0.46575228458921
-0.0458904048636869	0.137207069609626
-0.171287230047736	0.751025644502358
-0.126768289598802	0.44180142175693
-0.0598361760366476	0.162211654418996
0.124590427815594	0.349375165305616
-0.0211792138669735	0.0361105221334063
0.0435041186838879	0.0866471079076267
-0.0446279374975323	0.0880882872093892
-0.143004931444633	0.4929116549921
-0.436031754061645	2.57892885477815
-0.230577571146874	1.01526599833962
-0.0469163400708426	0.138299522090428
0.101982185681182	0.303542199828759
0.102782999225016	0.295074658490571
-0.0590627520469225	0.167692962046543
-0.142604463182134	0.545782526082505
-0.179201615367634	0.775630776626248
-0.290498979476832	1.2856006192896
0.00746509716402074	0.0206681792017308
-0.152584111903222	0.541084510642888
-0.187712180322692	0.835316553709541
0.046819403022425	0.151767702457871
-0.101616091775073	0.3430108788051
0.0827816613098203	0.224033663829491
0.00457785349121629	0.0114326559734627
-0.0880647045804764	0.261778065855198
0.28389448763589	1.29139388012036
0.248711368597967	1.21486349862533
0.16400453099967	0.477551936281471
0.0864914543316971	0.211153531326769
-0.323172129957914	1.33718820851031
-0.126434303040832	0.375037402801904
0.229838077892411	0.956952376440509
-0.0278705922183316	0.0715107444647449
0.0507149334521277	0.139589473302022
0.0338292294043589	0.0917320662051821
-0.106888284565718	0.325677304471781
-0.0582187682386795	0.16550054514753
-0.40229415660193	2.49600780766525
0.0259171762222094	0.0670547187608653
0.0412715870960282	0.113947099041161
0.0125239398332602	0.0317943601964431
0.0624349700669591	0.179737749783171
0.163240360411591	0.542736779292106
0.15045382667896	0.545984540752692
-0.106398880990121	0.318765796405784
0.0313938324566052	0.0713590976500584
-0.109568935313702	0.274715144253956
0.0444576039216315	0.0936478011835371
0.187774986008377	0.514112558486088
0.655446754844832	1.30670880448148
-0.387136009222885	1.76008468291109
-0.261337071189737	0.949930477788486
-0.0213343579746765	0.0568002667502827
-0.00131737509013035	0.00344126702145426
0.0412338889846416	0.120570405063404
-0.00987320160942803	0.0253820428476367
-0.0396528541416541	0.0963720916537172
0.154768325632129	0.552640593542088
-0.116032537802735	0.332127144629889
-0.0783078092310868	0.1840875688108
-0.346511034972552	1.21601206070244
-0.111348740026838	0.364411059299111
-0.132279404111428	0.542768480527262
-0.0374321569275282	0.100368859373514
-0.0934352559620818	0.220789576312645
0.248793812716243	1.02725133665999
-0.293347741875525	1.51057066450579
-0.200885670703816	0.920753662291988
-0.17107634422186	0.586015354860423
-0.277877148877587	1.39828319168318
0.0231385758940261	0.0658161985130979
0.115558936470393	0.451620710996286
0.000586955390127936	0.00148817417212712
-0.0927923299334941	0.280354185687459
-0.0165326803594719	0.0363495842899073
-0.0365226960762624	0.097008310398936
-0.13457822163774	0.488650781635297
-0.306435246797575	1.13820139643383
0.0230724717742965	0.0548426564362648
-0.116589797600499	0.411144188698031
0.00498905318351859	0.0113657271845509
0.0594597039383345	0.161091143771695
0.109126251857395	0.322035536715272
0.12993372180788	0.448832865638455
-0.164901800026892	0.573565626382511
0.0395265707946571	0.107859014615171
0.0685979102318733	0.212723450377173
0.108973324124425	0.372583595578266
-0.127614930506196	0.366142621529153
-0.0102386864386426	0.0248114307440393
-0.2804369352599	1.39187239532743
0.203019561478076	0.935026482461652
0.043824853859906	0.128085740536975
-0.239345613775353	1.02864385117835
-0.0618768567719756	0.174513956187146
0.153956821777469	0.525337011296029
-0.320046683112984	1.57658720054117
0.100224218331292	0.265297347177516
-0.0364302276234335	0.0935287127837492
-0.0695084839090122	0.143849922532977
0.0935980029485098	0.26447025733576
-0.00291489063129517	0.00676893756724323
-0.122215048623499	0.322252709293095
0.0363621980774843	0.0796164782703367
-0.595718169820211	0.946743502032433
-0.348826953625834	1.03976306332319
-0.162171437272541	0.331332298918297
-0.0748661061136779	0.294324823716464
0.00393598484284225	0.0105049638705448
-0.24172015515603	1.13062531972227
0.0578886509938087	0.162271558659535
-0.0807657236427591	0.244910338930156
-0.0515996811633745	0.130949081312208
-0.144090406682585	0.385377928503638
-0.0717353887900149	0.141235677533842
-0.0316402385932331	0.0554663949102012
-0.215278011710569	0.816123709299777
-0.0669860216350654	0.19910771309295
-0.1702632827032	0.705047914743041
-0.126525688400775	0.476144357578065
-0.37484350593308	2.31301707140258
-0.0481265873288511	0.138487302979976
-0.213904630722919	0.877597709996308
-0.0495623939048854	0.135611965695561
-0.164356830250802	0.599696609331425
-0.139198873760348	0.478384149847484
0.349469108910144	1.28492724167593
0.197754893987944	0.509596278678352
-0.144862560102876	0.411698494241906
-0.0256575527378704	0.0594598368021215
0.0894100995730567	0.249751062839797
0.186681670662066	0.685287079519955
-0.0585869165666683	0.160314519300353
-0.0125088540503732	0.0309846495355091
0.0947042794063559	0.283067943576916
-0.0261871666948018	0.0733317945187963
-0.0185721411847984	0.0490333677058093
0.0259918153383699	0.0623835982428708
0.164910253110979	0.52982857387134
0.164796984454678	0.605054872259541
0.0247760618000939	0.0630093046672499
0.377079573714043	1.68117830580205
-0.13920346539315	0.467068838353094
0.17247881698683	0.665626048800729
-0.00268357048247103	0.00657231175477014
-0.0211359612318417	0.0486107701599615
-0.152884566725533	0.483401326376902
0.00453118875830653	0.00942781928884106
0.0988432359032479	0.236293206661099
0.0151945264384362	0.0334987307226613
-0.138778349739126	0.306925027880651
0.129140821248945	0.290800214950876
0.198949814303734	0.250803584342355
-0.280689017456748	0.579858297367056
-0.187129707463322	0.250264794292895
-0.0634511076049036	0.156555745389636
-0.0954246276205276	0.436863156730918
-0.103075161106799	0.476204527627423
-0.110736617918619	0.43573542248563
-0.245383415048252	1.39258073566528
-0.117082867544839	0.407044191405393
-0.198499323465531	0.847702011691074
0.0921664578130332	0.308041253911407
-0.087365304033586	0.225545493202211
0.199719762944358	0.435153484740819
0.308044794304971	0.550995420142769
0.0838254869752886	0.131119806923118
-0.0839592051892503	0.150919945641121
-0.168178415778043	0.632989686590577
-0.235995399814531	1.11588642545266
-0.128805871402397	0.477615687020743
-0.0193032334526575	0.0531304505849757
-0.124550532462569	0.404705603818196
-0.0273403427308407	0.0830522232278474
-0.0099533948246926	0.0290352511158053
0.0187233779868534	0.0544990214189664
-0.206628535580463	0.92496168081477
0.0125809852928562	0.0368890599368539
-0.0744850271907385	0.25200138807553
0.150514564201364	0.526133783117902
-0.1825085958739	0.358087076688623
-0.0744752906470259	0.123447114385285
0.257756539147496	0.667865870609609
0.20492707564444	0.578143669248333
0.09259514908912	0.248571869744782
-0.142703706035802	0.484615282132944
0.249393520972613	0.979973262791104
0.107818911051419	0.310019017048701
0.108244974588143	0.394655534688248
-0.0482576595989338	0.141382421854214
-0.117390671613896	0.389565943688861
0.141536007538127	0.362862209964838
0.0687513318973597	0.15409466860319
-0.062873911361366	0.180225363365479
0.00672621443497013	0.0165922810656756
0.214476326499227	0.673343285511737
0.0495125165904684	0.136706476950356
-0.0282082905327152	0.0853100521498822
-0.12073371318892	0.473012982212759
0.0246500837417083	0.0722693233097975
0.0250744307073331	0.0664803434230887
-0.109672833907424	0.322519162107481
0.22963355076049	0.689272882363233
0.195249498993703	0.63751799129265
0.240646173134252	0.56555792381899
0.182267093878764	0.421375521456146
0.212277714298241	0.285091971932522
-0.122002255673068	0.240404805182305
-0.00423842517435269	0.00607490371973625
-0.138500744614817	0.25766200919509
-0.0155743717498423	0.0424594868240762
-0.0467082284401273	0.169917739562973
-0.00436959313740714	0.0141930477059179
-0.12335145278425	0.56777415740421
-0.132106111998084	0.638849487394022
-0.202197232174954	1.10151902850371
-0.0568951758302095	0.197617475811461
-0.133124852786643	0.552056971627522
0.00595218177465816	0.0174677575503332
-0.12703581554265	0.506773591789738
-0.291566529806938	1.53646263634284
-0.222064195607442	1.04888653172108
-0.179232250686001	0.730801406270571
-0.0120069171823423	0.0327695476159477
-0.0436768254077036	0.124269630774551
-0.115941357508038	0.376657451265852
0.036969506221878	0.0789493803893774
-0.161467856942792	0.318038633045242
-0.32748481111691	1.03373485884
-0.0570978964936349	0.170916715178829
-0.209759149832377	0.983174811882119
-0.317951567236202	1.4519599111355
-0.131697807032248	0.501101240690049
-0.0638257601610424	0.213069903362455
0.000200828341297366	0.000540861135467389
-0.08412722641199	0.269630263591258
0.175278544911724	0.731031852565234
0.0291980715944918	0.0786261250903442
0.108170839494555	0.249118168385637
0.277560316124331	0.837892751422892
-0.149190809200279	0.374770053243937
0.0424048175980962	0.105398839561269
-0.168472465119286	0.581305815352728
-0.116829025643049	0.371822354225255
-0.00527373331371716	0.0130482282308855
0.271018339440669	1.2112219260035
0.0074155277613704	0.0189225263226697
0.0255976511182239	0.0733491928659881
0.209602278816104	0.961671043386493
0.176563819652063	0.584722427654653
0.286525682486269	1.22109017352935
0.0493523770639218	0.143433988405198
-0.0168943321115458	0.0437895371594135
-0.206907982230536	0.759349288849934
0.0163917860170541	0.0433030911542798
-0.0287380278716762	0.0809881148969124
0.164495430103854	0.625488486447495
-0.163113528666966	0.654759082877195
-0.139457557242272	0.403745851950731
0.0356087041481398	0.0779036087902878
-0.110588752186616	0.254811400668042
-0.0206161735156415	0.0475602380979994
-0.0461549234031764	0.119112858046929
-0.266942255689913	1.00510092208401
0.304343407780401	1.40099394680643
0.120483638264996	0.309967938986118
-0.335161194044626	1.20018481194407
-0.330239303885298	0.506071349416227
-0.550147725888015	1.6995264366053
-0.129988340056713	0.242283225840711
-0.164050673430418	0.473843441110827
0.0253913163073852	0.0738800197907084
0.0103362872446816	0.0336689823217018
0.126438896765635	0.552373118068824
-0.155394212245345	0.660012244057957
-0.0928327975171476	0.342687111756162
0.0200651534637694	0.0616605062941957
-0.18010420896043	0.759611386062515
-0.109729387423103	0.401293737486533
0.00831684844772202	0.0231611561356834
-0.101364018967966	0.396765320617807
-0.220771326071772	1.07462197352747
-0.236295533955307	1.17746409588329
-0.0263054461297157	0.0737926187854925
-0.178566322018336	0.845589565357252
-0.00213896111072744	0.00569035423601506
-0.136651127451639	0.570153210236371
-0.0561681681300526	0.178991601140111
-0.0762311040657962	0.234289766932681
0.012041106172227	0.0331205999369673
0.0918922388597257	0.338059363795137
0.0898189415303566	0.217858802666661
0.0394596716055786	0.0852666125394634
0.255062119479746	1.00362696541068
-0.216871110355874	0.813268082300067
-0.380868005302741	1.96237518826471
0.147714168651058	0.553343377493363
0.110157700107213	0.368504749385569
-0.232815881950909	1.08763041093422
0.131897979395007	0.451147955028168
-0.148559606457677	0.559358627008233
-0.0124501356010089	0.0364898619002874
-0.0535404238481353	0.145553235690271
-0.255198120762792	1.11274387044424
-0.00217147312312364	0.00603855064080822
-0.113510638646655	0.435499256906166
-0.0649705327905711	0.187959776704141
0.0359022427967257	0.102268438260903
0.227480728424864	1.02002930231675
0.0156474622865718	0.0388465339807048
-0.239429284821408	1.05482517955694
-0.136671005146401	0.429262279866456
-0.340978224264189	1.33149924515377
-0.246192768598399	0.702523536235532
0.0240596307283012	0.0603102112419045
-0.130955967447868	0.435542770688417
-0.232905554210137	0.983890576008859
-0.101452363422265	0.319640228710842
0.270033577350474	1.09589903726001
0.0149335280567578	0.033502536911725
0.0202987376701356	0.0228037456986561
-0.116649334572697	0.340573468938426
-0.0398760092369237	0.127787117386877
-0.100015550509089	0.367144833574245
-0.0572322243840748	0.175572328095876
-0.174397180533387	0.71533577467502
-0.0792612951658165	0.264463103657059
0.0508915382956326	0.168681057456113
-0.0283961503298083	0.0818032129017507
-0.0793414763017337	0.235984808599504
-0.208813289997355	1.12668828671485
-0.217051369519063	0.692815165313974
-0.0314443426772809	0.0951146092362944
-0.0810246175015973	0.271719553979899
-0.214686863004784	0.9338853628167
-0.0705951241916058	0.233070508725034
0.0979623600717472	0.313865036649082
-0.0473513967170117	0.123690927357831
-0.197116627883368	0.755404186540638
-0.0512898031607044	0.171731793300646
-0.218780991726569	0.818957911896139
-0.102500880053752	0.286110193848012
0.185737547668157	0.660005656705376
0.0915733914564113	0.277847942287838
0.177489226815502	0.731908435672569
-0.183900817969498	0.755054691519354
-0.0170877268160762	0.0492955146360973
-0.0226135453114243	0.0643759943701281
0.16865032934155	0.555992369663897
-0.0610805950084873	0.184008231758926
-0.0213134048654091	0.0619773674408178
0.0811115859960004	0.265231305914158
-0.0177842457768176	0.0487593318693843
0.0178514843520534	0.0503176496997342
-0.105892489623174	0.366702917901961
0.0625585293420669	0.179322484217503
0.0725049225551619	0.224297560451092
-0.077051507459338	0.219838915157208
-0.152884566725533	0.483401326376902
-0.0298543747452906	0.0755014754606995
-0.0827072143662111	0.272145713988882
-0.163966363820858	0.569418764739332
-0.0998146424068925	0.296350881059797
-0.103790565149458	0.30382238924622
-0.0900769523095211	0.264395579724598
-0.135859169355157	0.46914861755548
0.188552301328626	0.731532927210475
-0.091347778673848	0.247954429587879
0.0624703903084538	0.0974966470548126
-0.165375877625253	0.777206766726475
-0.0414479425779511	0.15218759727221
0.0996661224507602	0.356877961364051
0.0965770384627063	0.314711567062344
0.086748207537511	0.318186613264103
-0.11946214401375	0.477093463501748
-0.0596910726809066	0.14004189415705
-0.227776055079618	0.80834673634415
0.218027544942885	0.815989363039212
0.00513489084879516	0.0158019836544688
-0.0675376412753233	0.235681810097824
-0.16055741770872	0.73233893431964
-0.355332931720916	2.2081273206531
-0.286593999111728	1.66338468948078
0.220584887296591	1.02204887013692
-0.0542314960433685	0.149111480118607
-0.160386650404154	0.6064540331526
0.0275690023530195	0.0911014589984219
-0.0873925092439364	0.26713379337395
-0.435231665046224	2.47007625142209
-0.327647948173853	1.67283995027477
-0.0746453279718632	0.230229042314074
0.089433529061209	0.294214924147826
-0.0606244789459892	0.190790563959485
-0.202458039509288	0.93309527442293
-0.0427347587477213	0.138861350910236
0.0927543226833208	0.280326764919063
0.145768602936306	0.558609211225144
0.0507034252545608	0.160018492755015
0.0277371056473745	0.0843737250409032
0.0453588217442385	0.143790077319975
-0.167411844839015	0.757015117199348
-0.184646099967967	0.877120068221363
0.0111278258986951	0.0289818340966101
-0.0361748377559044	0.103878800248708
0.130192738528286	0.434675703428307
-0.112923315812441	0.331599785208559
-0.0580789022625675	0.160256467349929
0.101864715730229	0.388906082117922
0.00690083322285231	0.0187106881440815
0.0285494521417113	0.0696913777947673
-0.034507559210372	0.0906102290124314
-0.027617368854328	0.0782986721145696
-0.0763172149787089	0.224185895520816
-0.183054912441433	0.667710229377094
0.213953744593534	0.391580044483423
-0.0342566531496897	0.112256168807676
0.0349103262895816	0.110579918694444
-0.127654839814799	0.48978377402647
-0.421102362063931	3.0306159534837
-0.223653906862521	1.10375948796207
-0.127551825584618	0.307301908290817
0.193700276491455	0.597885871552179
-0.109427817290704	0.294819413259976
-0.0431626181403793	0.148407818931136
-0.0478187888532454	0.150908708987741
-0.0182195041903053	0.055806828442538
-0.175372949137566	0.749950857923667
-0.235890007290984	1.32563593690676
-0.177620600486789	0.635840676600183
0.0262563489596657	0.0632520295834732
-0.0803345184328935	0.233117707049271
0.210965658791387	0.865051677202467
0.0838327259941287	0.294255019918658
0.109807826201783	0.398008197806751
-0.0163681518191692	0.0455067745689549
-0.010957040341572	0.028918216995323
0.186527200098595	0.732612337236448
-0.135189899877906	0.525182428320325
-0.100803009325106	0.378392351749353
-0.120842851248867	0.427683504823603
-0.107628721185307	0.37968607512986
-0.0263084761594275	0.082740640461618
-0.130711033962159	0.585401241455025
0.25383242870799	1.04842680292235
0.00159747880607128	0.0041408005383691
0.016436230364497	0.045084271570969
-0.0874738425066342	0.277785116478163
0.0315011044100013	0.0910194732451443
-0.042885181313978	0.137524819361419
-0.120739784014722	0.387975361679994
-0.0373508642786046	0.0949751366063322
-0.0678549932317588	0.158225186401437
-0.205409084207988	0.96927316580719
-0.282047247820657	1.2857924883337
-0.433432613369613	0.986285202320919
-0.151585628899688	0.512641220853641
0.0711789079912567	0.247881614025622
-0.231059480104852	0.957077098092847
-0.00136090882603774	0.00302348047980407
-0.184949912528086	0.807000589813155
-0.146841029000424	0.521186329190308
-0.0209447027762084	0.0670125857237094
-0.0588296132753767	0.201248138494603
-0.0893351477722239	0.311115293976578
-0.0379625597282745	0.121968294830258
-0.0258645961424822	0.0750596424838275
-0.160519181948129	0.633990978378437
-0.0518731144570986	0.158036919744835
-0.265366127839648	1.69888568798949
-0.0908372374181656	0.26838426445497
-0.191210874940177	0.585037712131787
0.217163971793654	0.742133581607808
-0.000388730071051212	0.00107031928625335
-0.030072010606661	0.0940227154971488
-0.139153148146946	0.630194507743028
-0.153959314947662	0.715080988156379
-0.0262418337912199	0.0833375010151905
-0.0593232392626234	0.193925365813596
-0.23355739012786	1.167131180563
0.257256889799428	1.38397484234235
-0.044596517208778	0.139112392984413
0.018978228443791	0.0472448742115249
0.145015532638318	0.518994882563993
-0.198660299106797	0.815799205216036
0.0758928645788673	0.294506630441113
0.00313604715479331	0.00923320468674993
0.115418600103033	0.411071050167814
0.11783082548757	0.418787587767816
-0.0469815910953601	0.135450171958443
0.0674560293405981	0.188861405503711
-0.0438925704749266	0.103498346522261
0.249317074217445	0.760871008228249
0.0149869698127285	0.0313795922724979
0.140514034632597	0.582428011777196
-0.066386540324534	0.221164158833451
0.0384879144722776	0.109560605983484
-0.0951941878996473	0.340267899287415
-0.110861458889399	0.299769319986467
-0.0418951749219203	0.108526149430192
-0.019106576938332	0.0569693245089656
-0.0878731315778089	0.296430281215119
-0.144396078095847	0.528105132494853
-0.192734077927855	0.414794386002755
0.0198667482211986	0.0579230613775105
-0.146924852475089	0.502936884839442
0.000719989706917968	0.00143784372560389
-0.0183679855927794	0.0591321345954858
-0.0311651374352924	0.0923331007019172
-0.0422937536603201	0.154873700196511
-0.03398445147721	0.104376357631743
0.123330987591121	0.42933582475053
0.178310880503097	0.71691900651983
-0.301722275224766	2.00486039380751
-0.118043648210857	0.297637455656823
0.401975164115608	2.58640499569704
-0.0929774988794942	0.335079955157381
-0.130294667789724	0.639348181677539
0.0420842499738775	0.154465259295039
-0.0443526309213148	0.155440923692531
-0.154002820760254	0.631867002863476
0.0933241612311507	0.332390754272693
0.0989001612138941	0.345144167867862
-0.216804617103659	0.998542861034916
-0.144808639674944	0.376437860705685
-0.15936961696617	0.514411085125023
-0.163753391681884	0.642471913409338
0.0072756382799037	0.0216371156631699
-0.0114337141786572	0.0339037167541261
0.373562922183853	2.24325203818806
-0.199031658502826	0.753340024786169
-0.0040173074889771	0.00970276472447899
-0.0828767748995544	0.218824501425429
0.0171860164379946	0.0335539399527458
0.247950504823507	0.65356872668342
-0.146776746094206	0.348054938900047
0.180911156344661	0.703693487526526
0.155249629589414	0.621164484015854
-0.0460060596394253	0.146078527087543
-0.0770228734305916	0.287480263066994
-0.0324719922075917	0.0701631240016011
-0.225141097930202	0.930708838733938
-0.0646055182238957	0.210704313112726
0.0570023577347075	0.145399623125347
-0.132916099439857	0.300681780236653
0.0298394477783488	0.0965887502390322
-0.065455313304001	0.227980804377812
-0.00213282010147968	0.00652552635225428
-0.275004941692289	1.37984804203673
0.0135191366366919	0.0363587428477076
0.0438564513755152	0.122433510543335
-0.126503077022965	0.598363188797109
-0.0370316236258201	0.0830115944579026
-0.262730092691017	0.698216642758206
-0.0721937460572384	0.147955501912312
0.0854427316402996	0.281790081632772
-0.135539960462475	0.591179300466207
0.0631773900411386	0.246015718853637
-0.0865429103227674	0.361145426837598
0.00162557729194845	0.00493972010826985
-0.0238525042802416	0.0694767135099808
-0.00509895485479275	0.0142145035308762
-0.13828315652552	0.566390779857635
-0.192396370126011	0.816020890473043
0.0584758667134309	0.145102519610748
0.15442274404817	0.505932223921577
-0.0210550309012577	0.0525720627966748
0.254284859034485	1.5168321843749
0.0186444343458348	0.0559549817631245
0.319954690840415	1.52504418383668
0.0329901191281716	0.0835541718407224
-0.00549391707059988	0.0125766649977161
-0.258674684202201	0.932708713046877
0.128101991202094	0.305803181865261
-0.231036396458645	0.520467367483457
0.119500203781513	0.244185662074704
0.427058159523581	2.72987229429945
0.127545004370122	0.481857246837433
0.201093279985403	0.88098101541516
-0.0768019900986886	0.302173585199908
-0.11466278402969	0.423204218773394
-0.0679227753497141	0.145129959419879
0.00800333582699231	0.0167951629721679
-0.126936150201373	0.464523625286767
-0.125651692526322	0.423835888551305
-0.21934762128329	0.769718368357946
-0.0922898473529578	0.312925068020014
-0.0282980530424938	0.0933115079231511
0.0113123231969241	0.0308702576663004
0.247603793125751	1.20701971804617
0.203620301808318	0.88977830660199
-0.000616951771913285	0.00186894025296691
-0.112679617643114	0.320449241949336
-0.00203034029992067	0.00399269850331567
0.19486896841013	0.573201324677402
-0.0884136486966508	0.292018914126336
-0.00409252460752356	0.0117227767887835
-0.0117039269905042	0.0383363118054822
-0.0601277427807832	0.229557931775946
0.105892272126293	0.498889915754603
0.164561813275427	0.840493234298655
0.031633991282103	0.100116075779908
-0.0313933714351954	0.101496327109518
0.0407388564832507	0.127306410131321
0.0728266909382707	0.195405912224835
0.0585656496016559	0.165041318105876
-0.202682853291096	0.839648921371999
-0.0354637607260682	0.112185986705622
-0.0535369854205056	0.170888532040097
-0.198219853823888	0.730679526011718
-0.055474293074586	0.157573124230232
-0.0736929156586811	0.207512015054819
0.241881233998052	0.922749202766413
0.190915641074378	0.546987487123682
-0.582855982319354	2.36676930369681
-0.350416058183893	1.25664439300057
0.101474734828327	0.3431881018418
0.0115989881812299	0.0309894195829356
-0.00163737539698195	0.00434616281618595
0.0943718142705149	0.37536253577501
-0.00414342404390444	0.0115361870263497
-0.0168097325589714	0.0428744391413299
-0.0509575836039497	0.15912260866989
-0.0335918042526702	0.093182692725583
-0.104232758068352	0.332230675734118
-0.0761572541423653	0.243438749051687
-0.134114884551909	0.626271831951888
-0.170820419475212	0.702105778546553
0.0696818931814917	0.236570403366487
0.0743929347596185	0.295711532670107
-0.16136965549086	0.799218123359641
-0.108222135541298	0.353802631900132
-0.139482521585108	0.467711674449608
-0.0833126556533264	0.284734522066039
-0.165660588867163	0.712563701558264
0.048496465731151	0.177719119132585
0.0893013188049726	0.383271905398732
0.0234838338681188	0.0811010574523427
0.0355607493548062	0.126576164117017
-0.167117530028193	0.793963812793695
0.154914639039601	0.723396770293339
-0.225970276256774	1.10556329978865
0.0500178269144685	0.139192230023075
0.341813746602494	1.86183225374134
-0.0430605744960382	0.129513706241358
0.0294827718825463	0.0977792782580073
-0.0931194154922996	0.339618037681221
0.0863648099434308	0.300288034954089
-0.240701895608688	1.10569617753297
0.0388971025413518	0.0989216254357628
-0.102006946637815	0.308656197026138
0.175969850618195	0.582119905551248
-0.0282907699052847	0.0605422959392321
-0.155875256597556	0.524855511257065
0.101683794477074	0.364391340247979
0.238112548059175	1.1546924786685
0.146772067948744	0.596147244692963
0.227582267379849	1.21800859395948
-0.179531783636813	0.834765578078204
-0.0371870552493116	0.117361862662057
-0.181421486991342	0.861035802002672
0.0601151332641077	0.162692584708774
-0.012608824513894	0.0221564336110194
-0.15310574446271	0.60038218049726
-0.0712865050995417	0.261377199158704
-0.0118485299074334	0.040572173018383
-0.0698252084721373	0.228095854448537
-0.0406543120450526	0.122943615409667
0.0176330293045965	0.0684876289016697
-0.0143608452246176	0.0505691785658441
-0.152926250989401	0.503405213067586
-0.0756884230631013	0.239531891596834
-0.0265203434457826	0.0686025297518957
-0.0397254135329323	0.096889518007962
0.0244614137397038	0.0900347835784061
-0.0235960244289439	0.086509641138394
0.0464059444133012	0.178917856010632
0.0902718758474797	0.405663999281771
-0.0294555403456373	0.0916652238092546
0.0498045337370753	0.171764713427255
0.0990956751023381	0.416726840124929
0.057656232850461	0.227718795329086
0.164999815301501	0.516517254101855
0.105437374271844	0.356365534566464
-0.182564711064638	0.833997772877391
-0.0176370273720717	0.0655311542788277
-0.0970971850969421	0.462429216176716
0.289770699841392	1.71976596207604
0.189897251971827	0.841608692684349
0.212992089757721	0.893689244413252
-0.124143063915306	0.416902418060713
0.0575961933720264	0.109774898628177
-0.118041020565206	0.23347516434011
0.141416795034633	0.347052582100379
-0.0669641058785917	0.249987840342808
-0.0502897612926487	0.185206810494684
-0.159062749848007	0.711484054668021
0.117264117879138	0.603848323433854
0.00314355127261208	0.010362104294857
-0.267961235069648	0.932489378034199
-0.112439069306314	0.439329400218999
-0.212812100599157	1.07364302286348
-0.324369857096965	0.79787136259351
-0.113528069556529	0.446423215868958
-0.112484914794215	0.509932140966447
-0.266784419312648	1.62012672538181
-0.140069911753407	0.642656644102586
-0.020918487951209	0.0615220473807258
-0.132947761631681	0.605878007785391
-0.0555679831270496	0.202278897746441
0.0794107159524648	0.325659049384722
-0.0361240647113083	0.130208745679373
-0.121283371269963	0.488677962954412
-0.0233021631431342	0.0472856240767259
-0.0797127905714669	0.16155932159136
-0.0226891862301606	0.0490884630502596
-0.0134954404219718	0.0355995020244406
-0.0017686994539737	0.00545043606831365
0.0337080971940606	0.100818637556453
0.125217307508434	0.458413173255449
-0.116572956350106	0.381182166711359
-0.134093811594758	0.598137085896149
0.0973620562713586	0.401552144698951
0.202193199532091	1.02374517831349
-0.0461468698869923	0.113404371419448
-0.186197523835695	0.619265281024972
0.0149039183302404	0.0472186590232506
0.00403376076587734	0.0125639598337616
-0.36973333344889	1.81227739910779
-0.076066032574998	0.246003042773549
0.0882759619647732	0.341923965730516
0.00745334101482796	0.0244357601108041
-0.128189367384526	0.684712767597018
-0.0268972839822066	0.0831843423508388
-0.385896973933198	1.60685879728079
0.0123390948098601	0.0289233851315227
-0.11934948951234	0.259074873767714
-0.171273508051901	0.724341235599223
-0.210302911380585	0.862040820085328
-0.125559519436265	0.483316666076996
-0.137902861000235	0.505877237988856
-0.17920066604579	0.744917131406792
-0.184224283245047	0.78819772671063
0.0771990840090404	0.181674095578929
-0.175586309719707	0.583837214153823
0.0797606651620617	0.258388018099186
-0.142005919896035	0.533342667094443
0.0342250119344456	0.104914879177779
0.261644352487546	1.37504120069062
0.00378332502689514	0.0113536463709766
-0.0707850141584569	0.235800128719834
-0.163435236085701	0.65251583936669
-0.0486335623991448	0.143549522849854
-0.122415506013811	0.531226873488215
0.101608567654752	0.334503174732896
0.052474989402421	0.135563552778802
0.132860540238787	0.4406310382173
-0.00536505560416121	0.0140057503069368
0.0529036261736948	0.171814136392412
-0.151973845728465	0.631977814359267
-0.0363213751673771	0.107733461287517
0.144111990525135	0.590798038948356
-0.044069484038333	0.126210231224328
-0.083591346073969	0.295153448717715
-0.0445244822227674	0.145802398319306
0.235706184081726	1.18063043365069
0.0490081782637848	0.153401804329529
0.151203519377406	0.754726053388163
-0.00260645096385007	0.00744343846662934
0.213854925693664	0.882253858340486
-0.179554639803867	0.788943635193882
-0.136288587716975	0.486609043205687
-0.12259820165803	0.410425835684763
-0.0351662001657682	0.101686010300275
0.107305839914914	0.437208202649037
0.093955334536536	0.309255700261083
-0.120020684822156	0.38865910931151
-0.0011384720855099	0.00305112306335175
-0.0527552681196734	0.18635238935993
-0.0607701249891989	0.214168001896969
-0.270252662561382	1.36715114126343
-0.0866625000545834	0.253050260907856
0.0431320805929834	0.0943007767526163
-0.210265472883821	0.739391545256008
-0.0534601398000351	0.164262988096268
0.0318253149942251	0.08739250580677
0.025868071350812	0.0774765269884861
-0.096081027126467	0.370406633163143
0.00564207070801	0.0165277758416383
-0.0051391695615162	0.0150834137869269
0.0743799223542215	0.271644329143951
-0.0100998515632505	0.0268538574324208
-0.0314737688612549	0.0946905925819331
0.143988229166689	0.658465774675785
0.00897877039201738	0.0227579088627964
0.102944474057167	0.301257656921018
-0.0331126554387425	0.0848326815321355
-0.0057071937126128	0.0143488046658593
-0.0899892033363953	0.324948940065802
0.171227077841182	0.797056947850982
-0.018506685275526	0.0556214709948803
0.0171082042039042	0.0511732437629913
0.169136331971916	0.716732425790227
0.03144211947479	0.0994201596764684
-0.0303814086026451	0.0949268178903706
-0.263811854502204	1.31538746198564
0.156678009279742	0.681248011754593
0.0720694095313957	0.274847610027025
-0.109155240915535	0.438931904393811
0.302680700305447	1.53047653070266
-0.343053339664439	2.20386850521665
0.166081053828809	0.685683658121969
-0.0324595898829813	0.0888525683429564
0.0352936589037159	0.102344840081545
-0.155408059775075	0.68044310563225
-0.0230667949529252	0.0604507053027275
-0.145360626866861	0.442707736027166
-0.26699872282716	1.32177489281729
-0.0620375006058816	0.244941719546178
-0.10767280621407	0.397748190213259
-0.0269577661876923	0.0828417107235395
-0.065354214626197	0.184570663483875
0.0191790880852126	0.0520570767814258
-0.0523243648025359	0.160576827819279
-0.203016977801638	0.555664741949921
-0.371157751252771	0.710525879794547
-0.221064730194645	0.478024572487276
-0.0665586150048839	0.138905454634741
-0.289235888515388	1.76430698634838
0.0286482253396811	0.0803889107601774
0.0156538456229179	0.0435476864953626
-0.0365602226720936	0.0952090450999427
-0.0507764458405721	0.188333910453464
-0.0407785424869024	0.147802359841992
0.00950248035126405	0.0295752952337879
0.271039037767327	1.5127440119421
-0.00918150299722478	0.0293705769140818
0.0434608955699536	0.155009428414177
0.166600077429648	0.884371620043992
0.0201096277442936	0.0708367005608684
0.0533281575613062	0.211559886406309
0.00579508873458128	0.0167307181328473
0.27432955325937	0.785345776042725
-0.0288206572667288	0.0513741898026316
0.030223323764565	0.0527306475261966
-0.0600151194623266	0.150469133979537
0.062669380733048	0.198217263258192
0.163153819863331	0.617353909147114
-0.0470958482392077	0.123657667462203
0.170635752538576	0.564222417161674
-0.221309693982501	1.13956126180903
-0.132137946904601	0.576050414926618
-0.0905056876509485	0.336018581118908
0.142594876206441	0.372764943127027
-0.205542306954405	0.628551471421412
0.0716001780785691	0.268588427334105
-0.150539251991034	0.709388470326422
-0.126149953406185	0.393107002014107
-0.0429404559679614	0.132045561952437
-0.0211809463012103	0.0709931771556292
-0.036953318600494	0.13098601731904
0.0465276273095911	0.181188891134644
0.0387821746620665	0.114968330353315
-0.0297367347442039	0.0629227040709214
-0.0764905805209851	0.162290490688652
-0.188967174487459	0.642546489377489
-0.0191477601618259	0.0655364042795787
-0.100618207570567	0.285647103413832
-0.0410944518615763	0.127333396490862
-0.135395245960188	0.497205215408681
0.00640817133544793	0.0158283319783177
0.101676382012637	0.390843618614
0.293318237311736	1.5350321282164
0.154140809060037	0.693387018226714
-0.126399303237259	0.460454687501301
-0.166946233295692	0.676586314134109
-0.0443159854774658	0.130136734681493
0.000543520702717535	0.00155215440846774
-0.148061935386992	0.494352923643078
-0.0279822847627119	0.0664282402042068
-0.0353410365755418	0.0915772173540472
0.0264818940790827	0.0737561120666082
-0.0345683869129457	0.10220219509284
-0.0296210436053154	0.0734022696455724
-0.0610393046188445	0.17517885401111
0.197768207004926	0.805100378877752
-0.139131966916152	0.557833306139192
-0.0400909542668547	0.116440897855625
-0.18902995835745	0.736005621623982
0.159530653783295	0.538991684095338
0.126007255407229	0.469013869111688
-0.0369855235394962	0.110944629064179
-0.00783291299347551	0.0208553252189469
0.0638665625190313	0.214964435143639
0.182843816416787	0.721847423536066
-0.312129531672157	1.42068070565166
-0.0273925838841791	0.0712098788070727
0.0999037571187383	0.404527230856573
0.0953426980306834	0.313635406566368
-0.432887421992412	2.43154794106742
0.0280881760667421	0.0705624350852158
-0.00658423293926725	0.0172642232924263
-0.0254127909685386	0.0713423937262785
-0.249814562143011	1.24076030436055
0.134305435260763	0.502100767311436
0.0831586475191899	0.297279578393642
0.0155649198576422	0.03749450511669
0.162694349164936	0.622127133589845
-0.162552828816461	0.692520172797132
0.0377102017112286	0.116366331033719
0.205658586141679	1.01454800681849
-0.030593876136336	0.0964675530980805
-0.0537270327779001	0.179090055064281
-0.00459116511588973	0.0120057700469728
-0.116833711166464	0.396197484700885
0.0450363165772085	0.126154576253624
-0.00588600888574431	0.0132771488428706
0.130993865572538	0.444441697275451
0.135948972559874	0.547797170880125
-0.0386845335351721	0.107923913613802
0.229067328298531	0.928047059101198
-0.0817867068298453	0.231104209314937
-0.132527891637636	0.502843796831194
-0.148791342930993	0.532213852185863
-0.0340360170882564	0.0922783905613616
0.084945401291424	0.293677745752105
-0.0350149116524881	0.101214126233194
-0.0884206239442584	0.275421884873151
0.000868317579318374	0.00205401326570733
-0.159716873728627	0.25611328909322
-0.109542953117035	0.441936313881222
-0.0807096797530036	0.264064118374326
-0.144579571068048	0.435802648773343
-0.00533923482778421	0.0141988346985763
0.121070100673156	0.439483020516695
-0.21005348627664	1.03729490999206
-0.0379934804309975	0.118597284636747
-0.0199759929052805	0.0529351467718377
-0.0713189678378719	0.263106977523768
-0.0165686591040236	0.0443340883681138
-0.183027806663102	0.551504330860479
0.0671630239916627	0.199307654261298
-0.0158882962095133	0.0425057520564609
-0.0473483383441125	0.15019434026354
-0.0492136615565583	0.124493924923558
0.0760903003196807	0.240638938091106
0.122919534283788	0.424345881366322
-0.0313840868375186	0.101661230789313
-0.17365844632708	0.7564537876
0.237007234415254	1.03497549139118
-0.338457231271961	1.47201156352455
0.103229674831129	0.340975068756409
-0.213190338842694	0.961331968495909
0.00931286107470083	0.023680992589722
-0.0954078879816696	0.3211212656791
-0.0116189290062024	0.0298317230633546
-0.123376842408163	0.370938540088095
0.170644872754249	0.58998180311036
-0.0853246244611095	0.337867037316349
0.0422406750546496	0.131454431486451
-0.197157881511108	0.857065508389234
-0.0998973136304149	0.371044367898534
0.00893685404816133	0.0260024526615672
0.0471539227586256	0.143597543118156
0.0824405010793151	0.285096040659102
-0.272646284677225	1.50306875310496
0.0742801905664361	0.252139023488693
-0.113092852975002	0.333550974622033
-0.162712331788804	0.624279077225833
0.0762697931804902	0.273161232377717
-0.135756589222866	0.590903298983524
0.154666353289514	0.744735491353736
-0.0568192355432707	0.179925361515029
-0.1484654832232	0.65051359967524
0.116443076274389	0.435349267663809
-0.108072818218767	0.349273355832244
-0.12686852142861	0.374140309207892
-0.354511149598806	1.33172609051353
-0.306700059315404	1.17454855077501
-0.0298450493396172	0.0948439117633307
0.210831509243548	1.00049574334768
0.0533700092680009	0.162142378510508
0.134799239150378	0.52261720705075
-0.00183083895147944	0.00500566180652888
0.15616358505443	0.473179607332845
-0.271474504631503	1.15477246415149
0.146744295364835	0.581057195588835
-0.0238253560279036	0.0655118950643604
0.00149861083347259	0.00370040157663378
-0.055697604347205	0.154716284349336
-0.429308054910754	1.03312181502127
-0.0928420765611669	0.281714943993739
-0.0973130491594276	0.311472020662369
0.228907433142651	1.05991516603172
-0.0856668381950263	0.286824400118773
-0.168065338312441	0.660702563105628
-0.0437482616161181	0.123165381869157
-0.0057524503820245	0.0157572875596106
0.272479811005545	1.3208825367507
-0.0729855676073815	0.244573975062686
-0.206518445725445	0.818028966589165
-0.241939410022549	0.892884643337236
-0.143287086500855	0.488117184349465
-0.120940617017735	0.429931375807337
-0.0463285607131886	0.141644861262202
0.283240072421802	1.27269251669839
0.0440777605954811	0.124210824548166
0.0889988317136759	0.28475956430715
-0.0448237502456746	0.142314280584312
0.0640206597881642	0.208018114605385
-0.0321725034827115	0.0885321435169369
-0.185215373900348	0.674310289631256
0.190705589128565	0.758463704134402
-0.187784342398637	0.793383680654248
0.231739866382361	1.04142012627134
0.0297896127885817	0.0817628105427632
-0.103028569125246	0.340832933117066
-0.164716288910039	0.586789027918891
-0.0699204912858544	0.219464492741788
-0.082680880958371	0.296207400553914
0.0516747645229268	0.153857821175726
-0.170456454426545	0.658310398504287
0.230624509589926	1.02174516396457
-0.0417967458482447	0.121571506282816
0.30011902563312	1.68031437904614
0.0170690315964197	0.0462641109285178
0.0280147076319903	0.0806377336708245
0.24133447097904	1.2264647478304
0.0460659085703248	0.11977402942237
0.0478940126332788	0.144617115109425
0.0241218853417764	0.070543784856589
0.00744837282247762	0.0211792366397793
-0.276530204159487	1.54534724031313
0.0179677099270118	0.0492831680216566
0.00813594785453346	0.0228545088131697
-0.109198439187376	0.341734070435355
0.0638743182510124	0.191685918134694
0.0707544780303533	0.205396235182605
0.14640534754787	0.48760412624139
0.139769367791877	0.47189309638686
0.128887138908587	0.482882046651741
0.0159773158795901	0.0411318124849512
-0.0718413752627903	0.222576384741167
0.0631482918919083	0.187204454893929
0.289001887296644	1.54050622422046
-0.0085077808481216	0.0203567016297649
-0.0930896456781176	0.274568127040269
-0.023730917553373	0.0639577013301547
-0.0547011770514446	0.153356113090521
0.209058160005445	0.838320674658658
-0.000471000193828144	0.000982419493245205
-0.107523790742434	0.160742632414725
-0.0594840844591271	0.217090906935506
-0.0759445126315685	0.270677039752138
-0.0655637870494949	0.195003140091366
-0.0539073986910022	0.179237465899097
-0.173383920467067	0.801203222617923
0.0119255187787943	0.0371682305890416
0.00724835446321764	0.0213721143611707
-0.0219018601136547	0.0627223176118701
-0.135175313439269	0.578912171097223
0.0274330438180758	0.0978104996312472
-0.156921311621486	0.715475835166147
-0.00884616924480672	0.0252585012966316
0.0741264103628149	0.222752397822594
-0.144251909039156	0.378175657989074
-0.120060089688439	0.481689889644339
-0.314773908198353	1.62537499294164
-0.00521365009310097	0.013862355181999
-0.155376581104956	0.627804672931917
0.00336022774369725	0.00981848652106188
-0.052095251583183	0.167829389862977
-0.0315772679949111	0.0971157279510413
0.00211148385640307	0.00540897605393433
0.0209711128006154	0.0640388235424696
-0.00383685950050269	0.0115593986397134
0.0592898704829556	0.190081705225641
0.0539511092329495	0.184032298793273
-0.109906261856883	0.39698658295845
-0.110742036189549	0.398488725539358
-0.0398459780947548	0.141816265231553
0.078370142194972	0.22256258372851
-0.0929569656931891	0.265149130454785
0.174803224270719	0.636629026271931
0.191871923264824	0.814609445585694
0.140293491613977	0.540481085471599
-0.0842344345102837	0.302477590290905
0.166536690563358	0.696962458610616
-0.0397544389973839	0.131830517609729
-0.127499184398825	0.417969604824577
0.283643011667193	1.53565267587247
0.114135817354081	0.48190872655578
0.144178586092832	0.591460327650134
0.0289791429623168	0.08563796400344
-0.327818770027193	2.22009893915791
-0.0271404486335327	0.0928803707735374
-0.0313245382558466	0.0910364175778659
0.05950628500585	0.201771449207341
0.0631711764650983	0.185544207377464
-0.0891048761836987	0.273386036487544
-0.103469635369454	0.337765550205558
-0.0841235496149826	0.306198258496449
0.174724477798073	0.654303466466056
-0.0798511820894865	0.23183823202814
-0.151894493184227	0.454442992429136
0.0383076581106803	0.110468376625311
0.100474043927064	0.295199509176969
-0.0407010447983291	0.11591660631431
-0.0791734910284997	0.252567117856932
-0.0838458723735544	0.274309472466356
-0.012297705990466	0.0322422361297498
-0.138617756101217	0.445207158562235
0.196179970203612	0.366225453882306
-0.231670228321866	0.748849621447128
-0.0957139912527359	0.215597293546762
-0.0549606773930242	0.160345141972049
0.0286118691346181	0.0999553250926399
-0.13758822123225	0.723256152035336
-0.0620403793105254	0.22772796049321
0.12477485855784	0.523310906226599
0.127478680125251	0.57391049757782
-0.00479277563649879	0.0142012947364432
-0.0969215094956912	0.364493267289678
-0.0243451048947642	0.0769745672695442
0.0694142637160532	0.271915368129636
-0.129501682495269	0.571813736863496
0.16606850864967	0.854775540514137
-0.00509813599932288	0.0133811816577633
-0.313184034147248	1.1857706636438
-0.140784428549623	0.478524034135016
-0.248425769640897	1.35286569944069
-0.23889981415593	1.34686967210187
0.0122386325216003	0.0371643750144492
-0.0329635138084643	0.0938755727653962
-0.021290399923622	0.0626804566022098
0.0684313150373168	0.213976436448416
0.0532832765992011	0.18410427115001
-0.105394764995268	0.449090591610564
0.0978145118750088	0.355250529695685
-0.0606031608060487	0.187523812556332
0.169887229441611	0.81062532340638
-0.122146529915181	0.494252776613603
-0.0228272074251466	0.0662857450134363
-0.0764049993150109	0.285231568884651
-0.155621559089768	0.76077603794375
-0.105814901910402	0.341049876027347
0.0811146915434322	0.249053271816078
-0.181319651273679	0.687628424730852
-0.0480885137441182	0.142462578002246
0.126502268770707	0.518159514294723
-0.00320414720837253	0.00886018356873468
-0.0167860184103984	0.0493673528596241
0.0581165815154771	0.204043333919252
0.00617548510881212	0.0166990220954437
0.130148569993238	0.539751796888897
0.00556194652509506	0.0168469129322808
-0.00688016234475755	0.0191384370796535
0.0911986024694924	0.33001231453547
0.163417644521968	0.783284014489484
-0.10368913270629	0.414165915084214
-0.0793888535788744	0.255076710919893
0.0660227362319443	0.216870705490801
-0.0138040470338133	0.0362336089839044
-0.255326273652018	1.19232932303414
-0.164743348013962	0.677898718237813
-0.0545278371974173	0.190851278502304
-0.0487709547725355	0.148671465694947
0.0801207382090563	0.239028592295451
0.00172076707723468	0.00420442064890121
0.0236596793315393	0.0676477119494073
-0.130953243592013	0.443134205101109
0.0776634191883996	0.250933533964454
-0.154594236704094	0.624827997765528
-0.136499933213525	0.546350546477427
-0.0941592123549171	0.319204674288443
-0.120231097473712	0.378586202052795
-0.0124908926587003	0.0198012087231504
0.0575505753987721	0.120762962086973
-0.0218428437396466	0.0386767059103208
-0.0626398782013231	0.17218223246786
-0.0604086336865152	0.270068127744268
-0.0588909009235778	0.226555775555411
-0.274505377698211	1.55354079741634
-0.0973644500593144	0.400860571753486
-0.0105260985811381	0.0317599099735075
0.0690821802536547	0.241835559256541
0.2519723177825	1.26166389449766
-0.0368326745128577	0.115187943399081
0.162410252548801	0.745995403748032
-0.00588381703362791	0.0183843643846536
-0.0570155755740906	0.202082586748775
0.0993181404401568	0.39584295931321
-0.167708113368961	0.613059474258825
-0.101709498119497	0.22140700142258
-0.183078387998528	0.907788355708372
-0.112212897116026	0.485443051577437
-0.043330783610129	0.131890111440459
-0.044841219809382	0.130282108256879
-0.00418698278867039	0.0111823933540602
-0.0954689195323847	0.323544342674637
0.0242283034313534	0.0696577273035165
0.0186014836647192	0.0521920395651914
0.0425598721680294	0.144507489833758
0.0673323986256196	0.257476889986969
-0.0215310221164732	0.0634582398018406
-0.00657900882272097	0.0195303238435317
-0.0115777548241491	0.0339149167566371
-0.210971138258331	1.12408507785368
-0.0915727177334067	0.354094339016064
0.141076170407664	0.439216198638773
0.276447859051084	1.0657756988525
0.0856535438783612	0.247158066571833
0.0801862394912773	0.250949362135298
-0.145011485714434	0.635827406457269
0.0138688571071774	0.0407221330887747
-0.227761291251776	1.18255485846231
-0.0179704004700428	0.0509953532571597
0.0191101719140476	0.0575063734510799
0.0857784427233184	0.320746201620299
-0.0976809392122796	0.37673983769068
-0.102330493883236	0.339561896037155
0.139273750250774	0.516401332610246
-0.180790395645827	0.877562275578434
0.132293921233964	0.594940869090802
0.0934347513998707	0.2836019172185
-0.0480044607694202	0.154271786953516
0.00535171636724548	0.01612090322468
-0.0377904360103996	0.120658894703426
0.129335120346574	0.570946519563149
0.106608327101827	0.422181931355909
0.0227002477390476	0.0570184450478471
-0.0396126106522178	0.0997206161704458
0.0699890840680949	0.172162868021025
-0.180824649452564	0.687329904108817
-0.0755761156702953	0.276804303350223
0.252614920010789	1.4832172874579
-0.0535795787864009	0.158375135942992
-0.02892440540734	0.0865759669476566
-0.0627397781588515	0.183697029646971
-0.187593969946166	0.759576768969588
0.157142650321438	0.280547788303447
-0.045274749103003	0.163653432527818
-0.0808854297889138	0.39322715402486
-0.19037081892424	0.407903874671506
-0.0945624960462675	0.177970736065368
-0.109619883624443	0.278257772979194
-0.0505066893678195	0.191206739203855
-0.0519379645196456	0.190123973983932
-0.0971666073653054	0.354728870897295
-0.0937785803333728	0.342322229220593
-0.00551934433237586	0.0141741103877231
-0.1604348446514	0.677713128874394
0.0430276484891381	0.135832322314537
-0.0977958567103181	0.36551297605219
0.0303481525338473	0.100948056771732
0.299073923329503	2.04614407818537
0.0406601433063861	0.127029826596752
0.0239704998306791	0.0575124914539861
-0.078858409127292	0.309086063433064
0.052856360341366	0.186041569677882
0.019382064937806	0.0478188059411815
-0.0885832476827008	0.28240448063046
-0.118119026052446	0.391360149766597
-0.0552224837583708	0.172179404713887
-0.234013640046254	1.1770044119601
-0.13829184769162	0.51586480794176
-0.183282835050238	0.751018836170901
0.188852535334452	0.823405870225398
0.0851036544638057	0.324213658250018
-0.0350305583059463	0.119508860237367
0.0172285945040558	0.055016035620404
-0.0781903709901558	0.256687667919628
-0.10573004549695	0.421988847888169
-0.123202959634527	0.51313160406763
-0.0463988654521465	0.148672672917907
0.211338085836233	0.698354482547611
-0.0535300571960213	0.127527825119465
-0.113357523943148	0.336075316158635
-0.270901338389536	1.23171137340055
-0.032396457996225	0.104663528740319
0.0328077561957169	0.105615817790365
-0.000957032221391556	0.00254017268063139
0.0327360083268758	0.0923153115578381
-0.07277071366696	0.268327889196506
-0.0732065171942608	0.281084184612935
-0.064752034508709	0.226946571803012
0.0296455930417241	0.0750032702476617
0.0778581305652147	0.209410585590992
0.13574344397843	0.604300692052517
0.0202015714160929	0.0640758296788898
-0.224982449250757	0.838897722804984
0.217301178355282	1.01648695861709
-0.199220341825444	1.02598123165071
0.031509756112393	0.103617142782777
-0.00403699177720979	0.0135706292584903
0.096904567567702	0.352320296710061
0.0605352250343649	0.150455291847798
-0.144564038220194	0.430098218260653
-0.388902165010497	1.42877060490227
-0.208204799731455	0.858328367559106
0.334744742577639	2.74482581008908
0.0840353472750653	0.356273888563276
-0.121387539391144	0.433247153743921
-0.436175858167131	3.2246423363924
0.167692877656052	0.607199915305888
-0.221619065083003	0.942701849551949
0.295795575454867	0.693281798733515
-0.0390591422988073	0.180126134646285
-0.0289883570512693	0.123696775282283
-0.0426612027298204	0.212582713953079
-0.0207926167210107	0.0887430314271651
-0.0805780542117436	0.236108471543608
0.232394814045897	0.867935205533209
-0.00035070594617023	0.00070207308905035
-0.185630622841353	0.713747273327886
-0.0412179345253656	0.13369809493571
-0.120675689367399	0.535453032381994
-0.107641135719498	0.438367071405996
-0.127757419350286	0.514325503002682
-0.191708428404333	0.876371168977975
-0.0683437339804788	0.230766010163116
0.0132678656908797	0.0387864838137722
0.205711812010444	0.945210829133898
-0.158620954468586	0.608224407357888
-0.0919492156793071	0.332101395654552
0.319216908453889	2.13927671806976
-0.0603961051006251	0.22106255957717
-0.0760958370443348	0.296043341430879
-0.124407483090654	0.561448260291573
-0.0155386777716677	0.0439373931962762
0.0365347199455901	0.128010557270915
0.177332751708291	0.826783744286334
-0.215899334617531	1.02909869764869
-0.0615257764412935	0.194011399680088
-0.0811092495051206	0.248342460484165
-0.0548619803549255	0.17689893802938
-0.236432994699842	1.2042990943693
-0.0307898368277094	0.0910140371092426
0.0752704877412238	0.231673630198237
0.0282302281447559	0.0843108586605725
-0.179566102362191	0.773970043529053
-0.0773029183757934	0.253292311104154
-0.172503848255448	0.782272512193882
-0.221148239825218	0.896885009680666
0.206924310288897	0.836649952147257
0.397180945715724	2.35856091950715
-0.0311894574971528	0.0993242281677392
-0.10349136317107	0.447163181628475
-0.015087234209011	0.0438282618618407
-0.125997910664094	0.537529401580088
-0.0325711537861616	0.104983945224782
0.189505744546799	1.00064860009191
-0.0159630845957976	0.0511801568919215
0.144294706972833	0.577190499732586
-0.363628455862214	1.90057875438893
0.114487670496861	0.428386942796005
0.160184060850028	0.727134150546138
-0.0616587636165898	0.206575043579311
-0.336939193859424	1.64567173138151
-0.12374700243495	0.415818114165577
-0.121950770746115	0.426164942657871
-0.198736972669208	0.840896945522007
0.172157563430429	0.79143440653259
-0.007529836786458	0.0228575137044678
0.367692186344383	2.04399946043171
0.180295266941817	0.592988777060393
0.0194128495693142	0.0518810721206449
-0.125582342758282	0.511741047961925
-0.068723991198872	0.292084218317022
0.039350158169597	0.148001077178246
0.17621822584225	0.779405338684497
0.096017704988103	0.36142998557363
-0.0153993267798433	0.0428223788750808
0.266392207939688	1.41448368286039
0.100010628783968	0.212262031865887
-0.143595850258739	0.919676964675276
-0.0820057895376272	0.375467529062016
0.00391092251766366	0.0153172639673773
-0.0460154260146966	0.220339671096093
0.00740060568061499	0.0267090828583136
-0.093971859198513	0.538084548475988
0.00503951765530183	0.0159449966600221
-0.0911396612221198	0.324209726153771
0.0879046497863957	0.29647645138639
-0.012908907722887	0.0402975442709261
0.119287508950844	0.61275938469595
-0.073851194266482	0.288777700954014
-0.147195736856497	0.590050356460703
-0.0560838758171839	0.168465821015662
-0.0929371710154608	0.357591719257106
0.0635508181914744	0.202071334658582
-0.0529487608855816	0.142805749292966
0.00235404069283645	0.00674711226135843
-0.0543959518870808	0.179306034774822
0.0296265139458797	0.0973252864404152
-0.0952050897948	0.332030027619583
-0.00656333619493501	0.0186338710507596
-0.0298706193040723	0.0950503796577513
0.241230006854858	1.4567470727221
0.0110574707111156	0.034171824664522
0.123409455782471	0.714241036588128
-0.0373963514832325	0.146396874002662
-0.0106578537932614	0.0308601535616694
-0.0249749125672707	0.0859609730955503
-0.0187450971269671	0.0589761225175214
-0.0615251186376324	0.257658918913496
-0.0987910582561715	0.26027792762363
-0.176478257597315	0.636930162564309
-0.0771277483445823	0.25297984917101
-0.354787877038663	2.19746842249264
-0.100749757944974	0.2818567942215
-0.188616163963274	0.608906925095076
-0.248622681165978	1.01069068826115
0.0988269960218431	0.435360479389808
-0.0784958439290832	0.317771743954295
-0.122407655958318	0.528546976119359
-0.00325070560450565	0.0101287082201049
0.161255781940914	0.808421780323099
0.00390621395280355	0.0115693847698681
-0.161119285355151	0.744294404572725
-0.122606348897294	0.529915862705128
-0.00883583566483972	0.0280843332426959
0.0510772263388713	0.13408026957009
0.114893562575224	0.417859126582264
-0.0737780117175486	0.277052416231707
-0.244092068215646	1.52582660944481
0.0318261491174307	0.11458667452318
-0.0602071033187331	0.213952930837579
-0.100544589167947	0.419502736348283
-0.0712149041875686	0.238251452170457
0.0333732902746667	0.0930716635947132
0.00380910974096735	0.00860636225375437
-0.0893677891162918	0.238842836627588
-0.0620132031329447	0.176368060346715
0.0926225486627452	0.429062334560735
0.061076180354439	0.245502137598563
0.00959299893249491	0.0280057783856809
0.0305633423697983	0.107960175656716
-0.00388369338587956	0.0129118069837854
0.0187565876664168	0.0518213493035335
0.0455813687348436	0.144942889281772
-0.194634442042611	1.18945034832385
0.142317493408244	0.681851768208714
-0.0156977234426974	0.0524624863145563
-0.0887616402726858	0.341287065309912
-0.0292554814441729	0.0541224174018433
-0.0910409071431039	0.288855846936161
-0.0158512480916674	0.0724327918291924
-0.116666725611347	0.713472542480643
0.0441240585152774	0.192539672873565
-0.197515341888432	1.40653517830772
-0.00778419189719393	0.0294721783853848
0.0333923485629104	0.0828788237572907
-0.147621411549604	0.419066343582683
0.040029958779818	0.108317751802211
-0.126498923462313	0.354318809562811
0.00917741273075765	0.0188322826631256
-0.0495377778739066	0.106738493290142
0.292539571679221	0.91504280192027
-0.0609008962459196	0.19049492488772
0.032015782836914	0.0745340551933346
-0.28086595705343	0.791341064681632
-0.179310046484091	0.720013711907295
-0.190430357558376	0.702113205679452
0.032521347778522	0.106795184760651
-0.459565558591009	2.5323351348875
-0.0470601837959669	0.127007185989838
0.180345600491399	0.760251246724203
0.0130981164161009	0.0345181960754444
0.246997209626291	1.02463734265137
0.00578444944143868	0.0232713273872315
-0.0628973252827952	0.371013737389544
-0.164607091873106	1.35255650091808
-0.0649901200859174	0.361391564752542
-0.141387642336385	0.839107973248805
-0.0548516763834019	0.239834008901587
-0.204436133301727	1.21327810501439
-0.261188447176756	0.584665170787713
0.0540604192639747	0.106124007943871
-0.11392740132195	0.386425233852973
-0.27103209008248	0.920657352639704
-0.154533487672193	0.52374641565388
-0.319169021189278	0.997612638419903
-0.183806922566632	0.376695827279467
0.213930087711099	0.554719208322816
-0.0619678144096792	0.232803508170486
0.0696817528457091	0.350339083499041
0.00423979678386943	0.0160923569015599
0.0221571662714232	0.0806525515615913
0.169993248868219	0.911598076753211
-0.0881477430894357	0.285716378794846
0.00719022967638703	0.0191801538400581
-0.0538024543144033	0.183041839696782
0.0403593045735807	0.137456496814187
0.116643406613849	0.277525230300613
-0.190404473131077	0.628202657563005
-0.192920024181076	0.78452612146058
-0.0963931963165674	0.47585362288721
0.107089366890514	0.589864034922276
-0.0222806468309124	0.0615024460228237
-0.119480123426166	0.458181992437106
-0.190503665760553	0.773584867181867
0.0383999538000424	0.0879302152568208
-0.270268288063459	0.6413605734139
-0.174806593563559	0.336984153851691
0.215522246708152	0.508923391700503
0.133142059627274	0.631660833337602
0.00488543816206708	0.0192290900204385
0.0301877587772304	0.115122056040843
-0.107974694275543	0.673126068082391
-0.160246979641868	1.00833498765713
0.230846028919689	0.615168830150927
-0.102461668091319	0.296404316313596
-0.0214920829267428	0.0726884557505588
-0.400648110986369	2.77252302381413
0.0707939631099717	0.282591048638603
0.0185255318955747	0.060256503527545
0.138387845939131	0.334925744357512
-0.135683037280662	0.574097026911193
0.000914634958452051	0.00220262483895549
-0.147387751140717	0.496441603916342
0.0731988456204584	0.231299151679623
-0.0737640160800828	0.251989483467721
-0.0671834732982719	0.267908779794419
-0.00953044385831806	0.027039623122417
-0.160632308381501	0.686799491252693
-0.0257690543206305	0.07789575770277
0.0325789484180761	0.0956137595451744
-0.205601212923244	0.899055602418643
-0.0770536444174814	0.260790673337357
-0.197328804460915	0.887349311332482
-0.231581214438868	1.20993489719322
-0.114166441829136	0.422768449394319
0.0832055422196841	0.2668609184432
-0.0850908746858521	0.303435218250608
0.0260012013816627	0.0775635582919188
-0.252013255776483	1.21422041632053
0.158122081713959	0.6214821903005
-0.0532777476676278	0.161122748514582
-0.145844356692699	0.581079312840703
0.0600555405825211	0.243186345475216
-0.164977199123951	0.858720034485905
-0.0315114696230644	0.130483585417485
-0.0978707954041519	0.42385423321139
-0.0260003313108862	0.0680523260439148
-0.180385337414996	0.879025841967046
0.0922247808641613	0.319488877082104
-0.125282579613733	0.584383502150443
0.0953549731630882	0.382990073515284
-0.0659680850623016	0.201535601471731
-0.0298579624078218	0.0908315757950725
-0.133540587035113	0.503494249856911
-0.0755711071469001	0.202085169088409
-0.0901865933598994	0.290703636394752
-0.150285962699811	0.562448291766976
-0.214169818053274	0.947200201277983
-0.155848508553141	0.618352167007327
-0.0441644413637408	0.118433504992053
0.0602726867403821	0.181855906693024
-0.18731741432099	0.956424543170009
-0.204819993434801	0.887197912186896
-0.122674668613676	0.441356225733985
-0.119707078839375	0.401636174102517
-0.181640735546491	0.847225952737023
0.240230400249229	1.40829019599544
0.164112674343088	0.743702851854554
-0.255093249959543	1.3905190113051
0.0969170997790868	0.347310103324636
-0.0464869214881438	0.129227663583722
0.186628025349427	0.860688730454113
-0.0583375886564086	0.197708342631506
-0.0469537711388067	0.149934986995454
0.101570139330958	0.38592666868615
-0.0044839873287969	0.0143638647207749
-0.0841446964569187	0.334427895548443
0.082675412222767	0.266670745701933
0.103098801103396	0.358111857346831
-0.0570839461524354	0.156461645959111
0.344406110242542	1.68394500955485
-0.0308970215245317	0.0841751025433
0.141580379868872	0.701245744862442
-0.0735155237068905	0.254504810759747
0.12579956604189	0.467548191939162
0.220969757392956	1.00260571028969
0.174221939265208	0.833745421386437
-0.0893674644007925	0.349184965299677
-0.178962603642023	0.976055606114117
-0.0573159888802266	0.221488811213173
0.0264527032182405	0.0933874727224588
-0.047145374237105	0.177380136880183
0.00157884079201866	0.00461256077726641
0.253853908671644	0.734996797741608
-0.213825932611426	0.599162345310997
-0.119627931714794	0.272992524647247
-0.0810905264185108	0.201469576802094
-0.136577428099261	0.501989882949633
-0.115282445144497	0.63713164053754
0.16738911308471	1.08430603551044
-0.00858404793307909	0.0317024941299587
-0.047805162963611	0.214473785150848
0.0378471514448604	0.154351248213973
-0.0271966607335097	0.100915201508166
-0.101905994895683	0.472860478411132
-0.0270495588025401	0.0949715119552375
0.045991565371195	0.140889149349935
0.216722246004589	1.13489137551267
0.171642047710666	0.950680305323059
0.0045626639559951	0.0132481993969196
-0.126897681461931	0.551670392054236
0.232647110069139	0.967832968723464
0.0884063728378497	0.289735178327331
-0.144170723928261	0.596091898594569
0.0233430859903176	0.0795727004535461
-0.0857246496918498	0.344901100146644
0.00487848236537564	0.0146550894742937
-0.036079070351339	0.111407647181062
-0.0439329729121867	0.116559211590368
-0.21537642445281	0.617768326080402
0.0350533485978171	0.0875777599450177
0.372259257320249	1.70879173955973
0.0660307759254943	0.23888198204784
0.277075997503417	1.7839063225729
-0.337945123255513	1.72109406669952
0.0666924962981671	0.208062996509149
-0.126879913052266	0.44690024224344
-0.0545614476316511	0.184133759837796
-0.20651170753566	1.15752385903127
-0.138394336119089	0.557252186078407
-0.0731982582608406	0.277182493642842
-0.145453811934049	0.674814646522608
-0.060204447360297	0.214122164517689
0.0397107090998109	0.121237931858079
-0.19078300603165	0.615052578306735
-0.469847559201499	2.13030702693922
-0.133573475733252	0.428127212056927
-0.0781888903097635	0.268933913184789
0.166611223521819	0.809259843293601
0.0781198399036084	0.25517574902751
0.0576355405925158	0.186461977938367
0.107997934291264	0.375431882268446
-0.113814386588872	0.467503263917923
0.114940189115873	0.490457871005216
-0.0108598634256136	0.0296833915241064
-0.091786106708575	0.265042769647837
0.0160281953861862	0.0390830159554498
-0.0451518957430451	0.15339343390759
0.0353287445638061	0.109083329427579
-0.140993908642602	0.465734144450691
0.178815032123907	0.745927878828307
0.16169884538634	0.769000890504051
-0.0905703657781041	0.350946922182679
0.0767997068419352	0.338066454975081
-0.145813905496279	0.604907162673369
-0.201159402524476	0.686138149805638
-0.0343636786944402	0.0792345786279706
-0.130267856550601	0.379800767879907
0.156808365020872	0.570566127154961
-0.116718396743667	0.580319486737995
0.0216521407361731	0.07850258509507
-0.129901201540563	0.481035712353812
0.224600931719266	1.22355909310151
-0.185599171863521	0.701935994972155
-0.0838924336143277	0.27779277779763
-0.111609086406711	0.206802078727559
-0.12874041152554	0.520998980127525
-0.0135625528035971	0.0367388605882979
-0.0403473659438649	0.128310714094271
-0.0351046717262811	0.135956439485915
-0.139417247266219	0.616706328664725
0.0337879649662125	0.0998259506928038
0.22630545336355	1.20204708226486
0.0613175566404959	0.187940574197051
-0.313430844395225	1.57132103396516
-0.0320135483274859	0.0994348534482471
0.171849002727651	0.752484058186177
-0.308043950707406	1.42893504175265
0.0590704563026741	0.214982047692569
0.0407861763247737	0.136328891441736
-0.143275805067654	0.691508586678738
-0.105459659104675	0.383428268815984
0.0220470503797841	0.0663891843616008
0.196313955069898	1.07318560558581
-0.136291037593408	0.631595610392964
-0.164459579050122	0.745771822289342
-0.186950961346533	1.19881527001434
-0.226943444991234	1.20719012544335
0.0952270954924702	0.314513254165004
0.0352991599986046	0.104475229998384
-0.0251152717086275	0.0696893340229668
0.0369973697629224	0.118751466793575
-0.0765597250437853	0.286471585490709
0.0913590734802505	0.392971153440179
-0.153818324933302	0.741821938867311
-0.104421933302725	0.443757629003819
-0.0517225053917434	0.16186723965637
-0.0105901968081877	0.0285655641338139
-0.206868383425122	0.834907906599111
-0.262438361452191	0.938582940560041
-0.123916669128467	0.391514911560156
-0.0143405704544642	0.0451543337101787
-0.0117600546461314	0.034845515532612
0.0987253245290155	0.338430239358046
0.0306748197950399	0.0948887030583334
-0.0984503714633804	0.422676816961563
0.11466294497514	0.531757918089229
-0.0650685139604482	0.234273034448103
0.232117028108966	1.3446210244963
0.0485758670239334	0.173680558954967
0.18632682882242	0.784933885163385
-0.0928943635907635	0.333765700517064
0.133610187518532	0.528093003547451
0.384439712154543	3.25506218117595
-0.045557191520183	0.170622832018768
0.0669437414134751	0.2384368806725
0.122906009446246	0.516204611490451
-0.204884979599936	0.943368877892696
0.297993150840039	1.52083669825679
0.104752931378748	0.309151528679981
-0.0821542514773503	0.214573421374798
-0.131880972176114	0.421943164247386
0.138390581772946	0.647113953153672
-0.0773910928238835	0.271235254445401
0.00604458086400562	0.0155355480882341
0.00392756246291354	0.012088290349066
-0.00806262496289804	0.0235699279329568
0.0721358505080389	0.259486362269149
-0.0477756044545323	0.172196531353701
-0.122304475317046	0.567303799184852
-0.00707725377974499	0.0214298189379015
0.0116017948861312	0.0349983088031456
-0.180297532780103	0.780145428199936
-0.0307674544963529	0.0547652729101412
-0.153927315333824	0.422967355031636
-0.250041785970139	1.91803799849518
0.00765770538861124	0.0271813631706641
0.143361409902053	0.729290914033592
0.102857379708771	0.48678091054206
-0.122930261794912	0.593044350913494
-0.195907122505499	1.06315193837575
-0.0904620058232709	0.380325223499742
0.0502604383853589	0.181680631250922
0.110122260421396	0.44277202878649
-0.0280391815201235	0.0898485367711411
0.0800718146951785	0.259222033503992
-0.119597903812704	0.477856872726822
-0.146547452902562	0.595256364562244
0.0280339700098934	0.0926658541913135
0.0658276155123414	0.272382788052834
-0.0538635185997986	0.224071885414741
0.162129581405577	0.828694921891645
-0.326701600582236	1.40665919527756
0.125893897766976	0.251897188705102
-0.177693544959358	0.4637520831237
0.201142870328212	0.63128196224184
-0.0675995707250245	0.260451064224595
-0.0253254432367758	0.0848959068672099
-0.0233500959037795	0.0595113778295289
0.177828566830631	0.678996511960053
-0.236315998936559	0.994136979093324
-0.174558761954107	0.790293008364935
-0.158825528672331	0.648137757427036
-0.197109074362474	0.991809109882686
-0.0217460517798074	0.0669224615838857
-0.0502490720343823	0.170766875118313
-0.0296695386130187	0.0943105652377334
-0.0936670316754658	0.4079987847012
-0.253521619093737	1.41267561020358
0.0613165445302444	0.141121420249862
-0.294485167476323	0.818634190039546
-0.522425790397592	2.2238720171325
0.0376725648938613	0.0939088466649666
0.0898635641660674	0.331039792835769
-0.0839076578519581	0.280943779134484
-0.0158587216300073	0.0408915183777105
0.16110085293787	0.652715078975352
0.0150741975516022	0.0452620872576629
0.276883626433406	1.78325040599536
-0.00484320755361395	0.0147466646850689
0.0474570144537951	0.125792448159684
0.287976622381421	1.27828448840262
0.0140240710867431	0.0452694971834329
-0.0092858584165623	0.0310596382377216
-0.101391141573482	0.313033301522116
0.151735556942732	0.585567884778249
0.00737401271540641	0.0228150602134933
0.0933802965242105	0.393455729055836
-0.056257266831429	0.226969929663137
0.0239230323524134	0.0700843484967418
-0.0620831722179858	0.165660564696078
0.198947234085858	0.675458224712526
-0.101236604388494	0.222880257968405
-0.161972385177784	0.591844815045566
-0.0964957389410131	0.407077215535921
-0.00446465465221435	0.0149248347106245
-0.0943948717157602	0.349290249435166
-0.0583736954081588	0.221701461236166
-0.01023699391328	0.0245312976774849
-0.32971249510143	0.714975242512319
-0.0111828743873666	0.0189135561425552
-0.00941234552353481	0.0374628477027675
-0.0886469071378932	0.472083260203228
-0.118113001008427	0.71301591910404
-0.0369294309182224	0.159772226341702
0.107872448091689	0.632562036620981
0.124654387918801	0.65397580698011
0.169665078643889	1.0125528009505
0.0411056782909426	0.161095873720107
-0.179273528651138	0.902369950933905
0.251360027301905	1.62011353774129
-0.120820562239291	0.598266702495171
0.0135308917184312	0.0425653363407218
0.0522711242743013	0.184638516518593
-0.196587860806355	0.73649946693303
-0.0710090272411782	0.253269092372165
0.12340764558421	0.512470288412953
0.0356799285857163	0.116105865641635
0.0732404709381754	0.297345588918621
0.0133402557597734	0.0468269050350725
0.0336987609509468	0.107065693635543
0.0766878667100065	0.177087378866938
-0.0299314594545156	0.0387911002347914
0.244879616742574	0.675502336549536
0.160408296925777	0.376947150784739
-0.172206018049264	0.856890309982191
-0.00778517035043726	0.0244979407603327
-0.105632177317505	0.302709655226851
-0.000258749793508603	0.000579693296508845
-0.134470405748303	0.576720910490491
-0.0567229246875423	0.193458844424787
-0.179685266980705	0.744312747587569
-0.0358450193243848	0.110202860278471
0.0186220576214614	0.0501080951274133
-0.107471931582612	0.464114816705144
0.0608722777146177	0.237336848511228
-0.122050159376754	0.627626182109885
-0.0290563728655949	0.104008893113433
-0.051904567870385	0.18395427917727
0.0347372294847845	0.115028030192402
-0.0572743443743359	0.227042911173341
0.0121625218963345	0.0411837661504273
-0.102524611158938	0.350511084619395
0.0921527500826301	0.190403770982932
-0.0927946907653745	0.147303940531869
0.200038319039475	0.483745751759066
0.2258839315678	0.778010042621659
-0.0670998422087477	0.215146356022682
-0.150439985729181	0.555840224580332
0.165618742109086	0.559484161879855
0.0565082693023636	0.153835942556121
0.0611224208222751	0.230553865023751
0.0751255095186079	0.290076718692834
0.086170662767328	0.320240141693246
0.269160887002629	0.854817052959944
0.180548864742133	0.52655928804618
-0.186896755348532	0.982849715600772
-0.0103920626201779	0.0328208771566258
-0.0209053004278985	0.0513816915827237
-0.367672635478795	2.1413629847219
0.0934004236505404	0.391259851942374
0.149918421665026	0.824715801341443
-0.0734380325254913	0.33669538040667
-0.0159019972814509	0.0432010183780986
0.054630570079142	0.124537796144446
0.044834693525451	0.102754989361497
0.259824907606362	0.524858491794727
-0.0306945249688292	0.0715958420270899
-0.0569239120892831	0.170008089642514
-0.105986501760247	0.293696253971137
-0.0987996193895388	0.231381422266707
-0.0665082749392888	0.201854509817993
0.0171045698913003	0.0622180710472304
-0.0156028648380991	0.0528222933670069
0.00164153003004646	0.00505210167147781
-0.0281340510890922	0.0972018780620145
-0.199539915571554	1.10035294212629
-0.0821400325038722	0.340087369821797
-0.00411362265395487	0.0121593149518443
0.036169120952818	0.117615616412082
-0.0947049542058783	0.355252416763866
0.0359052293629336	0.116426962433827
-0.0231378949016293	0.0804407756098106
-0.106617233231072	0.418596961631073
0.130337968751597	0.455110702231269
0.0369773464084368	0.116607778302323
0.0320662791194092	0.104537247182264
-0.169219597364601	0.802954949844226
0.0129374638457077	0.0375286553775012
0.108540249489151	0.440578617937714
-0.112479064360622	0.482029388150831
-0.0510365904696568	0.198477263612397
0.0490758921065754	0.172816401496516
-0.0212596132160422	0.0757903387492356
-0.0754434234893634	0.255172863744569
-0.198158086944632	0.667184310971741
0.335891460304953	1.79013343331429
0.454304498831857	2.75162200385133
-0.0809488402067212	0.323181451066077
0.0112712655897115	0.038903081026085
0.144787170088254	0.693742347389391
-0.00910652537037776	0.0274294963942105
-0.0967846948885759	0.371242918838374
-0.071273613384653	0.222603596755219
0.0412564344374536	0.12834963266377
-0.319814603130334	1.72730982604339
0.0305539111002099	0.0944383337193746
-0.104027117375143	0.421482949938243
-0.150592467826663	0.593360329381396
-0.148643172572878	0.514752641168657
-0.122678209876921	0.484656105316593
-0.0368019438884601	0.11450264813729
-0.0607204779910144	0.18504625088811
0.0465071381824325	0.133654071098175
-0.0736972743676353	0.231084064618617
-0.0494821729839538	0.186495462454866
-0.0221717400544758	0.0618394861076487
0.262948764484715	1.19420785567407
-0.116817120810059	0.385040740414162
-0.2458649686064	1.22690894745575
0.039224238750587	0.130671715266688
0.162503402962261	0.800464217415303
-0.0056841409086533	0.0170716920290261
-0.173394799526973	0.916615629543685
0.115054379916732	0.407524687996934
0.0197214892067122	0.0608797190996438
-0.0157801871768793	0.0547442410265924
0.0943905643127772	0.380621815506257
0.0746230135260527	0.29123856845003
-0.221660037232314	1.2118965338913
0.115274664096633	0.544753486254474
-0.0494211736912695	0.159266844516017
0.134555589089866	0.57756732373712
0.0828699450828433	0.252453221462954
0.0412161393436687	0.110252856826935
0.0702142198011961	0.222425835021545
-0.147738266294259	0.726684793633515
-0.25178079633565	1.29556306431397
0.00670784362850161	0.017838117420468
0.184890018789358	0.745329639180808
-0.0926220153181058	0.362644724749396
-0.0579977709870638	0.186032513990531
-0.209950410522228	0.679863641650165
-0.208247564122479	0.44748073643979
0.0698956898591447	0.113828001666218
-0.417935829578388	1.77820230448935
0.149084382552909	0.579177430292467
-0.0270516002485644	0.109586555570484
-0.0953903548569984	0.513564942569603
-0.171675678109505	1.0105905888456
-0.109926102751519	0.544363188015449
0.040931080473331	0.166242001075125
-0.136763067223591	0.814943604112654
-0.119617262732589	0.566952119220551
0.0102831631241072	0.0342177077816505
-0.0558551530768957	0.220903065120913
0.225941536618026	1.1597481361345
0.152884152724425	0.703578391305101
0.0681138684524363	0.26390420511766
-0.196807342872749	0.96606909423701
0.171973697747214	0.81090141575374
0.062716199008189	0.184738134329923
-0.193003737325632	0.90693255858255
0.0462378403819402	0.153551013565439
-0.0559028772571545	0.198320076833907
0.0951744572382461	0.407983492445364
-0.0207367701304345	0.0737961814477356
-0.0983870355515586	0.434475142827623
-0.025893793728552	0.0637692283574964
-0.33724836377265	0.860640928482525
-0.107146359710844	0.248470046722494
-0.0188570006917738	0.0376713420085149
-0.0949229326257208	0.391684333391581
-0.0722301715052391	0.304796799877045
0.138633677451768	0.509886474003005
-0.200179837898147	0.762296226966519
-0.388042213108467	2.50883022691086
-0.155060592789027	0.603864048853137
-0.0277762005064754	0.0795843492581138
-0.062143140635779	0.199591442528991
-0.035646338695659	0.0997263793377415
-0.0196430051733108	0.0517074231450338
0.0165938706745135	0.0518645516635416
-0.194106056746168	0.94567925399326
0.0791389405226749	0.316362392446575
-0.167640671377913	0.805279798610563
0.0254795070509011	0.0817566184751147
0.019978681210531	0.0612101832491983
0.156860604223831	0.722605843137433
-0.250054700107175	1.56616398840148
0.247666495243988	1.57404404583429
-0.045032670341077	0.146644101131249
-0.0410556982373379	0.0920503194353261
0.208796855286033	0.59408272518893
-0.0453836377647854	0.0926066842579515
-0.228276213623681	0.932233996028398
0.164923001265414	0.813618608041207
0.116585338659515	0.442119957461072
-0.0925681655292952	0.323750619653037
0.176319940277942	0.706788358453883
0.0101509402205558	0.0304813278760285
-0.0215303881902332	0.0672819067695091
-0.179594369960257	0.892987929085289
-0.0512012342345225	0.146126836953697
0.0451550834970769	0.124025010813248
0.0470882353683061	0.164850967944865
-0.216545893230169	1.20838191902773
-0.278491071435826	1.19884812704193
0.110796762874274	0.391818468498823
0.00242067858772546	0.00728716710657189
0.0227332589451144	0.0759190650902386
-0.0479777757341564	0.183266395403157
-0.223557757181318	1.16278341166364
-0.046321615907023	0.118038615352855
0.122163411283899	0.387897276166084
-0.146580251188704	0.437602075176184
-0.463262846137401	1.24713581107273
-0.311981216520491	0.722995456361397
0.0179425236404344	0.040733857999185
0.0999046635926872	0.570023614785267
0.0683752800372364	0.36607679211666
0.0201991400234543	0.0817060427931207
0.0587556496613064	0.302273092684325
-0.0764933831151214	0.426056255657027
0.0687289637000361	0.374966814789323
0.171081620641545	1.20435119734417
-0.0188033665602546	0.0767799372492279
-0.0393365420016752	0.175597807330216
0.0354497452960575	0.108040853194194
-0.0312722883350194	0.111002596179211
0.110997771913788	0.614595196614406
0.170167932490025	0.789542005595147
-0.0144809286616685	0.0445485645055985
0.0784555782147863	0.22605837277831
0.0556086221571926	0.180378815449629
0.0173829148765785	0.0501402790119974
0.0877664261355312	0.340157911429228
-0.0410082100517824	0.143101638723063
-0.0305767184006046	0.110910603866135
0.0761382128137304	0.258127891179509
0.0606952898315883	0.120654926787471
-0.443979064569555	0.902934277734608
0.376050128862881	1.12790569348625
0.199746203037743	0.495889926028325
0.076965813644214	0.296275240671793
-0.193806835084838	0.992006868647209
-0.275214940342685	0.94981373550189
-0.0774844154169283	0.204576323044668
-0.252846154014377	0.95281636903637
-0.0715067374075207	0.239849610435834
-0.0160079628445773	0.0415469959538168
0.171044467165898	0.801194521903753
-0.0578218204068007	0.19207838639414
-0.0392473521612054	0.122360104732555
0.0711201385494059	0.206820119922221
0.106310991851801	0.416170925627245
-0.0879824807729424	0.375356517557576
-0.0255238755952936	0.0981778837365215
-0.132308909366821	0.647985905537627
0.0323845203064279	0.104631769247369
0.0916558548255051	0.377159723019844
0.20759119494795	1.54124927771937
0.0735990636311608	0.338632720068617
0.133672110844922	0.497200260490589
-0.236244883041651	0.579591694534941
-0.0466780932214195	0.0693264677668512
0.237680757943021	0.588883114643453
0.460385410125582	2.04464841634535
-0.0906987287721275	0.294249815277636
0.120234089558631	0.38855035956737
0.299293009936472	1.22742563040189
-0.0136201829261202	0.0322559096505952
-0.0361919065237992	0.138192731143276
0.101322116189788	0.443328748310535
0.0344532747665301	0.104904892249527
-0.168090214239836	0.445766946779441
0.156068843354681	0.405597440826372
-0.0318240833947845	0.0946766711472042
-0.0592933609140809	0.192003068890214
0.0251173416449098	0.0556807090812939
-0.181595784714125	0.696678421914534
-0.0850588334470928	0.367059383279709
0.0189321727737059	0.073595137939108
-0.0922022001469796	0.476881641550531
-0.0700972023319483	0.207470800475249
0.123278123175403	0.332824097801917
-0.170130231806151	0.477006894254215
-0.175793782365967	0.309977698231282
-0.169127235996205	0.562786438831622
-0.228358206860882	0.423828680875778
0.183543658864926	0.495454205898656
-0.0116037027057626	0.0474207813742491
-0.0101785965397433	0.0425306988999167
-0.130077381865347	0.754116852315446
0.0226955452009347	0.101768299681808
0.0980484808169907	0.589690398076521
0.0277610724208396	0.134261666262155
0.0534216397220378	0.243899775970381
-0.0274669805837786	0.116826564160875
-0.00292239238775038	0.011241909857309
0.237047920710179	1.1494440460861
-0.101382725859256	0.432455218153523
0.0184219791793387	0.0752394007411587
-0.0621998163664464	0.203018465710741
0.293479377138034	1.64257643023856
0.0191768621165347	0.0427016663708033
-0.0780402848663688	0.267146397199963
0.149218355548461	0.602574220338284
0.115760814041703	0.466513935697725
-0.0190544805760249	0.0588509396578582
0.052163614476687	0.193611351173918
0.00229514555088479	0.00597763653905604
-0.326093307689228	0.969262799976552
-0.643265882305674	1.56046980516781
0.174908349314848	0.339206587057008
-0.155889860503341	0.276560290653107
-0.11830052069505	0.485974002871365
-0.139734845020199	0.526103508428085
-0.0342199781824906	0.117303553985802
-0.0707712224879874	0.233938140742268
-0.0545195239592855	0.174888789004806
-0.097762950451302	0.292144896327557
-0.110196968802926	0.419430367718808
0.0216872451271644	0.0736576955494233
0.157446940410162	1.0362913922879
0.0345164445902133	0.124661150465978
-0.0142618124023097	0.0417966933495809
0.00759559141261993	0.02478045500486
0.0813350033925476	0.305698862471471
-0.214796689427301	1.26429173965249
-0.0264827397373889	0.113411809365149
0.142167549928534	0.836587637682179
0.132173620285432	0.479895725062781
-0.0525307919425897	0.0909278687222072
-0.0142849008040566	0.0198383305952109
0.173754967524298	0.329207846855989
-0.0126347883079597	0.0230861631066526
0.00371946091759969	0.00863322642447576
0.121195266759636	0.362593429278189
0.173948517416665	0.540184817768122
-0.119183254268069	0.336583535720351
0.0855205279626014	0.403764622453178
0.0236683014266742	0.079958599374088
-0.208879705945506	0.893397687213327
0.275538682607178	0.755607580032259
-0.207282086982685	0.519607991141464
0.0175300135102894	0.0508209243783651
0.0411717031911366	0.122708746867046
0.16052150889481	0.440764122334953
-0.0120525048524222	0.0315648968376812
-0.152096368925479	0.831308371473439
0.109643894089986	0.649851606548474
-0.176028144763737	1.18196086597708
-0.290392503389113	0.922572576510231
-0.275981526196585	0.869157643442704
-0.0972617637019728	0.537977132340239
-0.106724135856185	0.257117651350937
0.0520773129099136	0.15768713643934
-0.0992916177535128	0.563707764549938
0.0221025809488427	0.0961205665878467
-0.122140634522504	0.714113347630559
-0.058220641814125	0.272851935339078
-0.0498000161601215	0.255225727654656
0.111212023136547	0.717890656060166
-0.0852626197045763	0.41436896333408
0.163671804321405	1.1185667018229
0.0660412290117626	0.320523087855165
-0.0129369289462121	0.0430640177525934
-0.0694381763654364	0.297624091874178
-0.0418838603329343	0.178958575374294
-0.227370638645095	1.348389616318
-0.0992480558990192	0.405939909994313
-0.0920803486807695	0.317506557651864
-0.054725051552403	0.194904258692125
0.0271970494820118	0.0924283834747041
-0.0431629513167609	0.153640693689887
-0.0451215321307168	0.16710603311375
-0.0111987165767536	0.0426457064417068
-0.154705156656254	0.823490585694756
-0.255324516386067	0.839980091512662
-0.160182999993597	0.455087624775382
-0.126338023330207	0.60344336955364
-0.18823616565467	1.12158588611618
-0.063347410022876	0.236303118458161
-0.163923603026336	0.763137461626679
-0.115648902128487	0.459194138464126
-0.128458349822701	0.480401436376659
-0.0678103679857115	0.261214908835436
-0.0227793083984686	0.0788595303121793
-0.0262171203800194	0.103168121740429
-0.0560237570987118	0.229576068579148
0.0713023223400332	0.275684311775535
-0.0645104179382533	0.265384217949243
-0.0994915659104984	0.436973024551599
0.241595494581485	1.53675912292676
-0.0133353900884164	0.0484271828321954
-0.0873525139513164	0.404915457300374
0.126663274278433	0.560081187288521
-0.218516935988621	0.693382300110763
0.0550442385927081	0.11532109146939
-0.0359343002317505	0.076595549586474
-0.00704004806096489	0.0168636700646758
-0.0609634218989663	0.207019453268699
0.101973408903362	0.361302143614145
-0.085269086214519	0.284280976180612
-0.144780845292725	0.546979821134124
-0.0181995889771455	0.0620853784412437
0.101607335463062	0.473954220896391
0.214762211582572	1.20086248784036
0.049540429351054	0.143150516503321
0.0924695011724767	0.282923965116389
0.0644029776675412	0.238785832264281
0.10952301855685	0.479565231736255
-0.0248663153385651	0.0644063228419103
-0.0864278141419706	0.310604827487208
0.143233818949939	0.75334691025337
0.235230888773567	1.68216363373183
-0.105360513934446	0.554945576487996
-0.052535442156116	0.168418747196204
-0.0378330086037193	0.159742653506024
-0.0760116021964271	0.350892003595666
-0.126916887507094	0.627421467290074
-0.0990111209346419	0.497363232615775
0.0291668257559442	0.102638459592873
-0.0171721598634004	0.0591290008510045
-0.0584435575198716	0.226478001304724
0.0438754125660718	0.164547529081011
0.0726828604745557	0.284359360218686
0.187523202793397	1.03758096344484
0.0201075101862292	0.0822097676689523
0.0813996378288739	0.358389315742804
-0.0863220517854624	0.317838590505125
-0.0890056980695691	0.435292028301555
0.00175923199510179	0.00579495847966859
0.156724596448603	0.957357732398206
0.0246882055656774	0.0859901428023616
-0.0763355800615974	0.319831034355118
-0.0817801803420226	0.366255761263756
0.0436894149615452	0.188106850519644
-0.140955817007378	0.835033973173588
-0.0903031116664909	0.335989992669692
-0.0531454759631257	0.169283499512189
0.115657885682401	0.409693546567561
0.0980429510339261	0.401302811790318
-0.06075211423084	0.237119363810808
0.153523669549351	0.733057438775583
-0.0866955543485102	0.370780483115711
-0.126144731732354	0.51943041987098
-0.130418807714094	0.47430872323699
-0.00944735320143734	0.0269062214155625
-0.0925114172312201	0.461342405024398
0.105592270641428	0.435157649434636
0.0784470397325968	0.258334177805516
0.0570158080570414	0.176126658312315
0.215840113536791	1.0706951011218
-0.0713783939170086	0.270708895167894
0.0382018286491601	0.132852104756433
0.0602775302005354	0.235906184366437
-0.0114647147373262	0.0422170097382416
-0.0455830140424095	0.139834243517089
-0.143850193024507	0.686762406099629
-0.0137421233401134	0.0508065099038277
0.0123948610731174	0.044342586011973
0.0893273038647391	0.457679414966716
0.185800830187785	1.2757264073799
-0.016408519671919	0.0599258553842516
-0.0792999640250474	0.304292749833252
-0.0732006918805116	0.292588677830043
0.00740754278350092	0.0196308546057694
-0.12376042464502	0.428093621448703
0.069506842080552	0.236734525536029
-0.186497782282358	1.27967676445377
-0.242286095450349	0.696768319333251
-0.0705823835954613	0.215036047951649
0.144078949486359	0.844032550590571
0.162794516132951	0.888751278429371
-0.0400437862864073	0.140595366909901
-0.0899382479035066	0.362677302915065
0.0893159296751239	0.389207891284234
-0.131878869982793	0.700667732299664
-0.0558144483185299	0.203097185442168
0.0616265974585277	0.238925391251836
0.11790746892114	0.660384005610632
0.00728957181253473	0.0237659128016315
-0.104804780486298	0.456775264554783
-0.111809864388219	0.561936064069264
0.160308130971437	0.75014756163753
0.0626335200995054	0.227077329851556
-0.0552616420058169	0.170846088697511
0.130484180766576	0.538655559266641
0.0834405699338506	0.279459592285225
-0.0309269423229192	0.0935746208665921
-0.139885413255213	0.57834986922366
-0.0345430295156542	0.108767328625121
0.0286034872624609	0.10230868063232
0.147024981026793	0.677622476934155
-0.0671163220881907	0.228468139985147
0.00752017615086558	0.0214062823591578
-0.0864591992698977	0.334360999837707
0.0917136078584341	0.35036383562985
-0.0690823717646242	0.29478491587842
0.10732423334398	0.492752315995795
-0.116689158105297	0.487131486584609
-0.0100391979829398	0.0228984603400701
0.0841401162315856	0.182246208405077
-0.281879663944019	0.837332042856502
-0.173508461061147	0.555519028902998
-0.267356570261569	1.34118147807102
-0.103319457339558	0.325027998131143
-0.245763008906307	1.10219785061779
-0.0215623907786215	0.0627158609809698
-0.305673918795173	2.12314771575131
0.0220673584726002	0.0739422251584969
-0.0552991391248194	0.199449282640059
-0.0618291094297874	0.171953998385901
-0.129482548069266	0.431298399612624
-0.00479903429454743	0.0158845171360439
0.154265061348003	0.815805387986792
-0.176918573949732	0.677770352589243
-0.287935293957805	1.4690863859165
0.175949483434518	0.949732885079948
0.0789845586101379	0.360655560772498
-0.208091234393814	1.3821983958691
0.120589450357512	0.558074203613125
-0.0641034203911995	0.189801554312632
-0.293050618673305	1.5325346084342
-0.101005939928493	0.111529465711093
-0.150452638401276	0.246055513492305
-0.193905992563543	0.490161407000348
-0.0747998155988587	0.332461346559242
-0.17653338881597	1.07705475695027
0.0276274422464973	0.0932043586236854
0.146916119583113	0.806883033585797
-0.0978560870582373	0.485994003418397
0.00868482916108065	0.0343047308531422
-0.0504143648585055	0.179589461575896
0.149522124140493	0.845152792047018
0.00952663532495478	0.0378759340035953
-0.0232632252951756	0.0673017245191951
-0.0157877532431979	0.0496816610383302
-0.12486969237683	0.69133269846876
-0.267145253963704	1.39559983012099
0.0430139936957654	0.130785448907104
0.0754433125935009	0.199331306438391
0.378880785647883	2.33630596284244
0.174976393043602	0.687341747838926
-0.0399306050861123	0.113568097188765
-0.192762197893678	0.553992942225128
0.0245738174034746	0.0673604008385493
-0.0644307938494127	0.239644257064097
0.0460960900819232	0.198127128466798
-0.0621907537854289	0.231012148226269
0.208840645369335	0.953670545306107
0.0301968209518996	0.0994350898893705
-0.134039693039714	0.543517275737644
-0.151684418756675	0.70366561974191
-0.0578638925982173	0.270271855926174
-0.0112690933156694	0.0421019964157718
-0.0608678590352667	0.189365087123809
0.149280747088466	0.288096715117862
0.00760311144609436	0.0100775152702917
-0.218784492030652	0.393956879805926
0.101833081307582	0.212435930109364
-0.0115932480896121	0.0291011363891381
-0.13951826127226	0.450110565419529
-0.0448882108333746	0.109089805225516
-0.114043981525543	0.298705411688735
0.165291020132579	0.916576344908084
0.159082861144989	0.78776299333448
0.114218013239796	0.447168486863066
-0.164914853249655	0.422598058409929
0.035479183487576	0.0727573029986932
0.0783030475793041	0.317634176874184
-0.235774882976732	1.42954064363296
0.00882166187696613	0.0196684337038448
0.0758313689366425	0.235856322802709
-0.0953956995791031	0.449065359296717
-0.0142711331959997	0.0580200879973165
-0.00741150963705478	0.0279290035060274
0.0875019011498686	0.303374608388012
-0.080212304757081	0.197896196739681
-0.212702275568342	0.616711434339313
-0.193297718078499	0.608376568660964
0.546295030630544	0.146940049510398
-0.772955468174711	0.418812857287494
0.743778728431471	0.537917299140423
-0.0628336239840692	0.069564927290938
-0.150425853375005	0.20339896837238
-0.328111258128425	0.47878821451279
0.251195755914238	0.352782512752567
-0.0634734162269821	0.0796158847391553
-0.320279075414041	0.561676198417166
0.0587903518394225	0.0685559355704553
0.331556274102635	0.56142117327925
0.609979598178432	1.49538354102421
-0.421736106280492	0.634311129253276
0.430876406853851	0.724204554914957
-0.200615719516893	0.290603415717935
-0.0981421007541286	0.0935139861869011
-0.298854796051459	0.316512849041897
0.221757114478508	0.155147661358956
0.634026844095904	1.16638700211081
-0.722956121873578	0.977948052999128
-0.290540376038275	0.318747915437064
-0.0196317819222998	0.020764139122437
-0.334635932393753	0.584096233097457
-0.505854186423452	0.788445392591894
-0.345076422966168	0.37141840328077
0.187248175461384	0.193212486720508
0.304028079464005	0.385995502357609
-0.221085932917986	0.263126396145164
0.0335775318135963	0.0465176875621895
0.0549691757669352	0.0749055295541624
-0.344204792840637	0.379021606602722
-0.335941019096033	0.211231128310483
0.0981953837652522	0.0860064692909389
-0.0325311673872863	0.0182136315725963
-0.742581504870016	1.45935484470894
-0.28609084961348	0.386249080254976
0.0127369198685011	0.0117685321111104
-0.0887428276214309	0.0977678301021603
-0.25276235605216	0.329656927060738
0.244657372110388	0.198003810524243
0.292842927000959	0.334169668880769
-0.274590452635311	0.401151910064547
0.308700275269129	0.554390730666624
0.392242088266792	0.803071620695582
-0.0598946529934676	0.0523813167515902
-0.633902088824371	0.615581261000587
0.092882798545523	0.0693264046296389
-0.502672787040024	0.444369632896031
-0.16589475479518	0.298677132492537
0.524912351571356	0.105880841231737
-0.218802577777341	0.27261974737285
-0.623545190692885	1.35905665044131
0.114330291444651	0.190967804629819
-0.200638147011978	0.243965292050263
0.359206164773415	0.584600435155627
0.163497558527775	0.239225674386897
0.64099317849214	0.855739950450868
0.265160532011913	0.335954312727492
-0.360454605313798	0.32137819235991
-0.276697517125267	0.3454008838792
0.0281344067294894	0.0228112458724169
-0.549665001231872	0.716868960944228
-0.187667458682953	0.259558387118423
-0.24940579524438	0.334554111024858
-0.550365544124987	0.44114787242191
-0.0346615896410386	0.0480310690835233
-0.396628175662209	0.531919893075164
-0.402520230329887	0.492349186938495
-0.58958098006239	0.796827574651324
-0.131570898285797	0.144030616182081
-0.54282466066235	0.932925313613516
0.12992101344136	0.194716116344561
-0.229550996121785	0.332420508106166
-0.380967603461115	0.116069448026964
-0.6415495338701	0.269647831013774
0.716665630707092	0.693562089195991
0.20817340298859	0.131321736943434
-0.0295871173871712	0.01644724281862
0.036531044224752	0.0428511804749339
0.0435247248418526	0.0363363486480048
-0.0514222379991348	0.0570505906801901
-0.635082581282229	0.586220001871393
-0.542271682266101	0.642706612057383
-0.347751681989339	0.574008827211081
-0.0194741202590213	0.0128468985633973
-0.157966183343555	0.105036876784399
0.0420676666383763	0.0164325034840019
-0.775422682162985	0.425987395772217
-0.139373372452117	0.22037932196311
-0.0683267102236095	0.159523036903858
0.0627931790525799	0.171492801936295
0.289689987908457	0.967358208126263
-0.0903676094358549	0.242059713850239
-0.218127570902926	0.880769548678933
0.27309826025258	0.791531436148558
0.100968796216085	0.239731769385438
0.0984657216310408	0.267540209611246
-0.120132206660139	0.225254929999663
-0.0767655993180849	0.153754617610108
-0.0617470774875142	0.0812699523691662
0.0600392946187114	0.11245814573553
0.231812256889384	0.478589602344013
-0.284812044179638	1.04295610131548
0.00532151032727428	0.00970992611491004
-0.235810431581899	0.306142632270508
0.426611420149391	0.341199533372651
-0.165978473828626	0.126574272373787
-0.0987072385327419	0.0850334998375263
0.0191595897462038	0.019002017680997
-0.52517066645646	1.3303070625803
-0.0886806443566441	0.114770203183649
-0.097112288001316	0.166615931655527
-0.0729447629935191	0.151142094419388
-0.184679520300006	0.591401259897568
-0.310286018961523	0.987598243910484
-0.077636832938657	0.122498430289065
-0.0786106088250217	0.147819800909745
-0.173403006967752	0.392351383479371
0.0866543701589859	0.169755265079911
-0.213436643231067	0.779762834123368
0.00823888323996251	0.0173602826567708
0.0432545775105471	0.066577484538091
0.171751822605414	0.167644680367717
-0.308669170060848	0.243205739002462
0.0969475923050293	0.0585952902236398
-0.55758611085579	0.803373040764506
-0.333595847836009	0.549272269518147
0.488648811896804	1.17572941917293
0.104868144423922	0.144125174381179
-0.0277798831798535	0.0334441555945142
-0.231930114408612	0.586251736257704
-0.0460401335700438	0.0553679902083144
-0.130043266654898	0.201102140261308
-0.039248214988932	0.0808345705293111
-0.298547742635348	0.460493082166
-0.110980653626083	0.144330576162536
-0.254403504436016	0.38169533322381
-0.0501314797134442	0.127772820808377
-0.0387558412709483	0.152523762768863
-0.148138102057237	0.625363864995525
0.0299576709275931	0.105186402768811
0.0378338199705647	0.161067946149871
0.303479042618823	1.49780452365135
0.0409081577205123	0.126184102831575
0.0775019226021071	0.345852664036343
0.158412026081009	0.575885844457829
0.0227982346368819	0.0658554184214779
-0.075622355635442	0.172459841439429
-0.00675543660734854	0.016350059061699
0.00490073170524303	0.0109625283615947
-0.0396960141952561	0.113788824550471
0.0688125245535449	0.266833000746284
-0.0215568815967261	0.0565586279608029
-0.290665354332097	0.7432831311348
0.171643991358747	0.165770112688204
-0.201050627828733	0.341609501548695
0.523943251938085	1.23083316518465
-0.0796047759384046	0.242295192192137
0.0369452015432432	0.110118239192836
-0.0101425256207891	0.0149427748390598
-0.0632268699989033	0.113860225851492
-0.0951733781312251	0.186046186250704
-0.205461186929938	0.521177512339263
0.0337708536611934	0.0807407736002098
-0.063482829915784	0.194176812876412
0.00557486218999717	0.0181214818743874
0.124848766214832	0.478981025549448
0.305082831857391	1.30315990074406
-0.0694415609607703	0.21215080288087
0.262784893639157	1.18924323024955
0.116508709586925	0.42011577191599
0.13770741577883	0.73307412779533
-0.0547808561033035	0.193524288651901
-0.0587713684321498	0.152100329542768
-0.0689752015907307	0.0931991476884108
0.311645309609314	0.425821473313811
0.207316568674258	0.274166587619224
-0.0341705952273739	0.0548628834847118
-0.0421757003323158	0.0850834216757841
-0.342157464426557	1.10980798123943
-0.151866062555094	0.323643545237252
0.158149211181778	0.315557278386088
-0.00596519151474273	0.0165989819887122
-0.348644909286803	0.86343624576409
-0.275234135924053	0.53670727668706
-0.0604593403765906	0.139370707625728
-0.196561127391511	0.587637736275529
-0.151699197052167	0.322481297468512
-0.157851781778283	0.913539394822676
-0.122441776610418	0.546835416931413
-0.0932716251862701	0.530073042593115
0.0163056177890879	0.0798960454285565
-0.00553920296701914	0.0208410792017292
0.0475956055438122	0.21883865647622
-0.131273448364157	0.924867799949138
-0.0159854306593764	0.0577882539981546
-0.0837603548978464	0.393695413750991
-0.109660896172369	0.443784427130761
-0.00280347497903383	0.00957006228389358
-0.0500774893159164	0.181429022094351
0.0121294871500367	0.0388522520465457
0.023853305086502	0.0864665662295301
0.0919530180036943	0.520502986863392
0.0157551874675794	0.0589013366527154
-0.020026650832713	0.0477899167310592
0.313630288446826	0.729782957002777
-0.0128862922553908	0.0222359402083196
0.268420703249919	0.873668342558657
-0.04768819987424	0.19317515324625
-0.0437122812995502	0.171618680579241
-0.218423013387562	0.773047441635127
0.135152243422212	0.452874278987777
-0.0619487339263181	0.168595632008226
-0.129218333487859	0.637889605497204
-0.0893404028752815	0.277978944201329
-0.0170202431970826	0.0519009618323658
-0.0017437635235731	0.00663567557787262
-0.109600213793116	0.544093769554261
-0.0843433839496905	0.320310228074067
-0.0287954433112571	0.0972962501011513
0.0722346668654255	0.316158787556312
-0.0495021724065344	0.1894084457002
-0.0237353751596532	0.105909204036033
-0.0645876632791384	0.309037424346783
-0.0948962093772101	0.390546507911216
-0.151506526592991	0.368357267585583
-0.00662429144146343	0.0109658054709407
0.154127806515689	0.359633591992074
0.0180967785985727	0.0372136734809055
-0.0921571756456578	0.285151750671863
-0.0298169588997531	0.0785941474038984
-0.0112053633877181	0.0271719437468469
-0.0616206442410149	0.1783310666507
0.0222398376941655	0.0817989330001126
-0.0652326540470357	0.25817233834882
-0.081218800794804	0.21995009879037
-0.10818434300363	0.59167120095373
-0.0851370156000518	0.295638630038346
-0.0580344255592252	0.326343020759536
-0.0490093198478504	0.280762056154117
0.0370515135043534	0.208921859943065
-0.0612857130529495	0.385731091660421
-0.0378993669263079	0.207295671294226
-0.0934309551129533	0.627617537568146
-0.166764273329364	1.45545631175205
-0.131372147331908	1.01796922350992
-0.0631244341392863	0.372412667446774
-0.0405224544637963	0.215984451449169
-0.0770573201539266	0.429178318714258
-0.0498161995872745	0.261799646676704
0.0354625824471697	0.182310004531758
-0.147810893715197	1.23892742857655
0.0586112659102534	0.349907180103903
0.213211345266425	1.47848983438578
0.0992400179331746	0.30503540464446
-0.0109439673764529	0.0294086634273755
0.00955145359067319	0.0301778118129616
-0.108365669083011	0.718000273840282
-0.0453030801615705	0.234733422166926
-0.0675759582220535	0.318207380502943
-0.0607001360628413	0.278438281837966
-0.0168927815519588	0.0652617859500799
-0.125160404327999	0.933907961403181
-0.0231185790905081	0.0846942132521676
-0.0424116988093878	0.19852634924241
-0.00713215767208177	0.029335967532005
-0.0420797556305535	0.214892495056462
0.136091447227413	0.895769778179975
-0.0157244604668748	0.0700702434597327
-0.0568686010757938	0.277145481902658
0.0848647812388368	0.509471245556104
0.0989999330000882	0.40311566718866
-0.0400923344777561	0.120833515492083
-0.073117501018128	0.231306204443169
-0.164930482390731	0.693476977164321
-0.250326465410381	1.55807742201917
-0.0540298640019147	0.22185894266433
-0.0746535403999441	0.334590845134751
-0.107813167221369	0.61877000317211
0.0696007683025081	0.368494624162601
-0.0756178441570076	0.368591427736554
-0.0287733757926347	0.134644209462841
-0.041834834697474	0.174191594663485
-0.0306519167672123	0.144542983117238
-0.0679695989531452	0.359413199711283
-0.0966518904432444	0.614285975950078
0.00447526292387441	0.0212275134905788
-0.0429071460333933	0.220464815311028
-0.0753512644150144	0.358845343284545
-0.101175181155633	0.641533020648295
-0.0320803846403343	0.152945340128757
-0.066830772564192	0.381616035061823
-0.0382871715046876	0.170839131344952
0.0943113546643549	0.537738148076909
-0.0234130089696378	0.102018718351323
-0.0299725192061429	0.152575859418683
-0.0927460026652598	0.492074946488159
-0.147671368821341	0.619677563921562
-0.0154727157351361	0.0472675352198467
-0.140819136204576	0.902198465982501
-0.036541948071345	0.153248311248746
-0.0383035502642391	0.172759881566472
-0.0680638430095096	0.332499924124363
-0.165486571084934	0.856581116836711
-0.0261835605787913	0.0841418649824732
-0.0884897397781139	0.426000286785797
0.0741423460169343	0.34292130524158
-0.0903432313143929	0.460728655695083
-0.0306639783948028	0.112326234600507
0.0356756248234916	0.124844579416416
0.0754035715277477	0.310745214729846
0.0253031411430268	0.11461385327314
-0.0856238778766429	0.384420490011733
0.167553470458828	0.837350662434499
-0.0702575614441816	0.23953289548139
-0.0746754244214348	0.288551654368095
0.042951976593511	0.149702832630266
-0.0715640879178338	0.28765914595715
0.0166734716341816	0.0606752564780619
0.0293077730089654	0.122581340060976
0.192219199841402	0.98259561555251
-0.0405875429314533	0.153554013755142
-0.0198484297115673	0.0830697038854282
-0.131610774976906	0.865018558084558
0.0313839006292067	0.131390626100602
0.0287766963493636	0.154350233944784
0.0116626247069181	0.0585970234980619
0.0560226584485007	0.314308943026104
-0.0565659798895378	0.318735430930755
-0.10591887954466	0.698331406421084
-0.082220294112654	0.552491959615713
-0.0361560793354543	0.163026258047196
-0.115233831986123	0.351504696858308
-0.0949030982410981	0.34451160937048
-0.0322291024514301	0.126178221115626
-0.114446680557141	0.729652183053589
-0.0424415131163039	0.113351939789689
-0.0113158071082359	0.0374765096085674
0.0435273323750846	0.177611273001572
-0.0139782611317874	0.0463348925263284
-0.102347056294489	0.528062400030551
-0.00757122687193337	0.0233965978515244
-0.123878449069181	0.428993889041052
0.143665428526067	0.557156251275688
-0.0768836312654853	0.483235444641056
0.0684614150891108	0.43502169014427
0.0503480380234006	0.290477933405899
0.0847093284167217	0.53865724154532
-0.135436513766066	0.929985350903576
-0.0352807172079366	0.148656385120984
-0.131530455151876	0.878463637082136
-0.0276669235606878	0.138503454942458
0.00850113603019579	0.0240218732264577
-0.036491865783897	0.167779909284946
-0.0619641444319185	0.336772714344818
-0.0565055363095619	0.322945808152382
-0.0143785485599323	0.0557831925073634
-0.220595179536141	1.02216099315343
-0.138784671966237	0.707061321763132
-0.0473047833622861	0.19691953893924
-0.01892080639488	0.0688935370943542
-0.060523407506872	0.309807556855274
0.0194800950860754	0.0762752682613409
0.0731235743249786	0.348823630126515
-0.0439491597557352	0.183709285663557
-0.0390926094915764	0.170729442159762
-0.0431394209016787	0.199890825182523
-0.0216233847657576	0.0872808543926972
-0.0118169742322263	0.0456210187164473
0.0902943662631897	0.458390543674357
-0.0216998759213704	0.0921867348017358
-0.129323196446992	0.751664381769054
-0.0225221861895379	0.102088477454593
-0.268158211633866	1.94143619402746
-0.0235806483318268	0.0794434828484872
0.0248667092585353	0.0862412541683603
0.094827610926227	0.438827432395462
-0.00704914790556694	0.0284272065957372
-0.0899123383197719	0.455264607380573
-0.107944296886753	0.635503771013005
-0.126201008207749	0.867756470930665
-0.0292992285807114	0.131717247342613
-0.0130968613092708	0.0358979495806178
0.0750916891723308	0.179639013179191
0.087221951639809	0.306624769738694
-0.18047516871749	0.731173871982322
-0.226839138559064	1.17634409121519
0.0172603791626137	0.0553022540732478
0.0756342285115562	0.281531255607258
-0.110270467306164	0.702034939554516
0.220203935788318	2.17351843526418
-0.115800072610103	0.70525473444121
-0.00985792986839358	0.0378272596111407
-0.0631879634520351	0.320080218401057
-0.00892410904597792	0.0329660138831257
-0.0600075754168538	0.299969488087274
-0.0864984731186016	0.553802583844353
0.0562820711845098	0.30508244175989
-0.0286496430665715	0.117571147182653
0.201056466922519	0.898683507019659
-0.442716813338512	2.53422396620558
0.059398914827727	0.186874844775143
-0.226354827322182	1.45754325147479
-0.160891994901973	1.1433798843754
-0.0462233389860706	0.254860138382778
-0.110829097500521	0.727775736955018
-0.0228450854146033	0.0790543368066596
-0.243685041080802	1.08349581841988
-0.262084295247723	1.69448513136228
-0.132018248820015	0.774604216943539
-0.123645212033214	0.723937014175688
-0.0327257776981711	0.151252177586615
-0.0241174601024896	0.0978400433126334
-0.0256239250725157	0.0934830593214486
-0.0127968535268719	0.0503317080182978
-0.00299181182789041	0.01110650795269
-0.0630922205896301	0.271064626606767
0.0133824252011474	0.0491597944646421
-0.0611548206880732	0.250160962468906
-0.0433905354557143	0.182630457205326
0.0988399475037418	0.499202472655326
-0.0486514629482457	0.225696218131844
-0.0792859162708334	0.37308259139653
0.0679348009271729	0.357662541162324
0.020601440132673	0.0673635916412239
-0.180447306126741	0.938325437734738
-0.12079691244737	0.527675504826148
0.0458156966121878	0.202622843037703
0.0792485250595713	0.449776106849435
-0.0857724215655758	0.451978925117129
-0.111336577808108	0.619638771187289
-0.136192209664712	0.70795801665747
0.0204910519422672	0.0526546505566112
-0.20031589849	1.15689091678442
-0.223156621399304	1.3238698729818
-0.227582238282044	1.74109414221836
-0.00821266745085981	0.0336940949761644
-0.271864187464307	2.40148384539716
-0.0635846140119184	0.318709709251882
0.0915317488203043	0.467610576869022
0.091065620822075	0.443272543515143
-0.0244425451671499	0.102154984172608
0.0572292372540741	0.300301922073258
0.133069678923544	0.698372096763727
-0.114871434754022	0.489199937983628
-0.0928231490525154	0.407882875875668
0.119900353001993	0.743320017216923
-0.073961632163437	0.438136051202365
-0.171329620640232	1.27146786514099
-0.165620836641499	1.37765126697803
-0.134437903103572	0.611318453644433
-0.208770942468814	0.689153430500103
-0.25433328141349	1.55132237612317
-0.0425928643793506	0.153653847506123
-0.055568302306482	0.310117456383002
-0.0630363531312725	0.342138815819892
0.0178347172150079	0.0755047137119487
-0.113277501668498	0.75322629327119
0.0471015829347843	0.275485582073062
0.0199797924373382	0.0995928243346366
0.00690753000776747	0.028726624882518
0.125946663334219	0.497655961002105
0.0499196532846568	0.143726089141776
0.136764846103674	0.536680529393344
-0.0240728962417183	0.0875083216462893
0.0141350396220982	0.0635256346043029
-0.100123321139179	0.540420315514298
-0.058661576896319	0.25556130568857
-0.228458877086767	1.47568797482095
-0.123831378413772	0.486446084931815
-0.231022418209994	1.78631077087473
-0.297949564016038	2.49704613734614
-0.137746717981628	0.824000114590334
-0.0198277648513065	0.0935741933821637
-0.0778164641306498	0.422610187211721
0.0229529080119416	0.0992760192461583
-0.0624234000491884	0.296860812144029
-0.177980422254092	1.42009875019452
-0.0386251879847037	0.178742670119692
-0.190454114370121	1.37329858742938
-0.0642215987848518	0.328443714743308
-0.00472689251195838	0.0198558910480628
-0.0264734730251471	0.123710332692983
-0.0285759905497603	0.142641652673132
0.0392014265506669	0.155937344575852
0.113153643139796	0.526403065887072
0.0652917031999312	0.263017313448849
-0.0159345004480923	0.0621218736702267
-0.0320919022333973	0.151066388743167
-0.0556278247261285	0.271091558027318
-0.0715885082116472	0.346543215874562
-0.0831269668210376	0.567422189317701
-0.0741880682647632	0.410726026812966
-0.120076806898124	0.744247137805535
0.0232532672784175	0.0943755616119567
-0.28103075363113	1.41308642769825
-0.092878219556938	0.195593284218166
0.147673951063229	0.528191581813972
-0.040429998206261	0.129066735517982
-0.101910314579234	0.209548422976409
-0.300902505355275	1.02999332932584
0.0509309546387955	0.128812059330305
-0.249945805943393	0.743721110366851
-0.0704876549425208	0.112312388329999
-0.0080948475800888	0.038244739747208
0.0710816551967059	0.459120946431508
-0.096778486616254	0.627844303546891
-0.0487949838828096	0.210763411719114
-0.0135146029170005	0.0391417605260287
-0.0944110583571288	0.339168882936409
-0.0404091881247359	0.183321154572373
-0.200395977044991	1.29943200496132
-0.135453005835588	0.682451216393367
-0.0881941824995347	0.250452953153414
-0.162985661083835	0.409005966549025
-0.046630781188141	0.125834710847587
-0.250557666500045	0.45100029939133
-0.185955545897648	0.343885080746182
-0.147361681158414	0.191281745516364
-0.0921729783001283	0.176799958335823
-0.0732289362034516	0.156461309281013
-0.103240572532835	0.189261599360495
-0.160781167032235	0.381028478952522
-0.0785219321426633	0.124342781727962
0.0145359622522951	0.0152937855579364
-0.0541123188521467	0.305005319745457
0.0098177254408994	0.0467613121014551
0.0281563879531784	0.130801347856439
-0.137961552417708	0.732366180521024
-0.102808536204811	0.347379128184162
-0.0661662530042834	0.255480202105732
-0.450633198212583	2.00940566322586
-0.214617317883895	0.313046597982119
-0.286590831842517	0.518935687989858
0.174995901130571	0.477682199785599
-0.312592179403902	1.40292639159786
-0.185210653199573	0.357091949628193
-0.165289168858692	0.301626120815346
0.259828686097656	0.388867755635193
0.0970165810792703	0.1714278244965
0.15999548706452	0.411065494291022
-0.236038645508489	0.579397003579859
0.159875833696903	0.390112732390313
-0.114267910660892	0.200636483204683
0.0433611991050299	0.0518595415184788
-0.294614602730448	0.595141479073918
0.0127508561587237	0.0591565584751866
-0.00567350445595823	0.0217804202868091
0.0526738350447151	0.209508542554117
-0.0742883721877128	0.231625872255333
-0.114681099786535	0.362144306151689
-0.207453119910382	0.890928170953
-0.326006477866492	0.939849848773428
0.0702712820871485	0.179969484155996
-0.0117094341992196	0.0305493596733611
0.150565700140356	0.694501075161518
-0.158431188741845	0.492599782898131
-0.091191888793855	0.273182304862456
-0.0168146824365918	0.0380433770912655
0.00824666799949823	0.0149188581706415
-0.181708024008013	0.641661178077602
-0.0484876753897061	0.1354180455964
0.138099915272052	0.441535640846767
-0.150534669226135	0.579941551206287
0.105104336488355	0.308754672103306
-0.0604218081291462	0.124198765304797
-0.380265048447285	1.34111415041042
-0.0609304597910615	0.367317923097692
0.121293483187287	0.804572897029151
-0.0273483287927856	0.110101640857527
-0.252049026960268	1.47032029568857
-0.179605949744373	1.19245462176741
-0.0894266090680598	0.566696889149403
0.0472171032530866	0.152942497863569
-0.0867109779516709	0.450535034055947
-0.0851487382083594	0.35596186241657
-0.122411669113686	0.780874931526148
0.0558369913557302	0.20976245479423
0.183403546925539	0.728490315827592
-0.0111204137991309	0.0376190063813563
0.164380737759806	1.10701400562098
0.198270793951094	1.22840593923193
0.119388435640821	0.678141934851832
-0.0720249190218593	0.27751825306005
-0.0266275297764498	0.0704885729946383
-0.0147042389141909	0.0694240919354473
-0.04968980770839	0.265681740681119
-0.0281476107244294	0.142481905969358
-0.0208363887167309	0.0980097366954441
0.0496845664954588	0.256949155832422
0.0595823941839332	0.354349333112246
0.0360104376813899	0.185659610898794
-0.00445024142201252	0.0191184101708818
-0.0271302157044627	0.138742810698146
0.170813546568824	1.61848799409965
0.0957172104302444	0.682760556090935
-0.0451756415172694	0.250979199608189
0.0549088751719193	0.327534001551215
0.0534560998052092	0.297857879127117
-0.0298853937696531	0.152976417187142
-0.252594681130266	1.13748111898174
0.0117535968249526	0.0322186152050635
-0.0523963189169987	0.295736744578494
-0.139779696981537	0.688801680630817
-0.0698220257888811	0.306971181488382
-0.00663621134513951	0.0238113388396939
-0.0308540986052097	0.154174888942919
-0.0836294807166594	0.560871200627434
-0.104533558343349	0.736496065552305
0.0389519152190045	0.190383881412301
0.157415593360579	1.1106164620843
0.0892400183358026	0.611417141543787
0.082036352027832	0.498808074045718
-0.0457486260387176	0.230074198854491
0.0660614058338012	0.349761343831675
0.0200308269842979	0.0995189130983988
0.00148077800902367	0.00688655982520986
0.138331686117485	1.19358056545729
0.133032973671845	1.10622565679095
0.00712097504606714	0.03211856047725
0.0670112422273371	0.426140075197325
0.0914189890522135	0.606579676703694
0.00925266883177305	0.0442118289388531
-0.0480676912858576	0.271248692397022
-0.00830600088950481	0.039076417301807
-0.220953163181094	0.9287847811493
-0.0629849688595244	0.150028946628223
-0.023368860425322	0.0602340356240144
-0.00171864721666774	0.00459488631000582
-0.0363676049078553	0.171410260795313
-0.101486840374114	0.662584337655955
0.0799117458367638	0.464796287890309
0.0584202237823579	0.323802391896001
0.101588335665624	0.680727653792888
-0.0390024807046279	0.203807440314229
0.0848711426849138	0.53457589232498
0.00825013049006338	0.0365072325787023
-0.0579099429397073	0.310918081910992
0.0139861690517449	0.0672955592757784
0.123524090716086	0.967516157394477
-0.00694014962526656	0.0322694762616344
-0.129689670245579	0.985976691150551
0.0613930684011965	0.373736907110949
-0.085755203275404	0.546681174307152
-0.137740838781924	1.10340632337382
-0.0618804644055671	0.357038277971941
-0.00762354306365919	0.0342642800305447
-0.0792148814732766	0.489896165419272
-0.108528001409119	0.715045557644689
-0.00112338493299145	0.00489439217182723
-0.0420147520483427	0.225664000082371
-0.0464643479747431	0.249999173853183
0.0857864848091488	0.533056316586688
0.133016234292957	0.961483660927038
0.0792460256338548	0.507040830659746
0.0561234169075179	0.318116209155581
-0.0529910372603257	0.294038896423331
-0.17125175525871	1.42773344080382
0.0923324711167669	0.643648295477486
0.00981445959269582	0.0474736391371122
-0.0177539721264004	0.089794463591083
-0.0896658961249857	0.623691420380334
0.0437452952052573	0.240355082943334
-0.0955828840706989	0.68050137825761
0.135273534227524	1.03372184077556
-0.0385940226378107	0.207547042517048
-0.0486285280560832	0.278689167450952
-0.159148629417187	0.633619661274797
-0.0501064841490885	0.141652323213191
-0.0405120180268375	0.177110681434218
-0.115429839847175	0.697101960669741
-0.0162111610869323	0.0794439990676752
0.0801555039867542	0.541451297981729
-0.0859739321229917	0.570951790521301
-0.0399343608320068	0.213867751191836
0.00130330942945155	0.00546609896379571
-0.0653316851172487	0.41333368871861
0.101724927577356	0.726753358707923
-0.00883919975741873	0.041226303095262
0.0898226042463389	0.598508620994433
-0.0432980714061566	0.248104931733145
-0.0795917725335137	0.546367855925898
-0.0427777052001038	0.250676535459533
0.0165610551053064	0.0849808322563758
0.150062186924396	1.27980216124536
-0.0214388273548201	0.111373559951711
0.0714456318430251	0.446489240525128
-0.0612052317850509	0.375914240966587
0.0521358502262724	0.313007112773617
-0.0226131470399143	0.113641335216187
-0.0636156040610446	0.208620869533216
-0.168340717436061	1.5598242502249
-0.108811039619678	0.545843155573908
-0.0234512599465583	0.0924214035553186
0.00903547487678454	0.0355168849084158
0.0166081112664922	0.0827516313547893
0.0149862431242163	0.0758834192445747
-0.0241574777844572	0.12780680075062
0.0538462499545222	0.314182392852687
-0.0635054525182054	0.356868461786799
-0.0556807988317748	0.345240201598078
0.0129684539368628	0.06325105501301
0.00274682572352049	0.0124493980327488
0.0338376327071448	0.174991950301278
-0.0506013672714085	0.303774905919414
0.108731130165324	0.856697711285998
0.123399253518437	1.05700259174418
-0.0178891261295807	0.0935216605497646
-0.031811007858462	0.169413669588017
0.112493717225707	0.889147835507664
0.0190913988123475	0.0946934598410482
-0.130139847310316	1.08400531445536
-0.0554735898593045	0.342784500479326
-0.0637824873657559	0.404592804233256
-0.0836762726278002	0.261137833253663
-0.0517640668737169	0.300628038329905
-0.0570213426494768	0.286125104639555
-0.0678294524906619	0.350133754026805
-0.159751131918244	1.19801468744507
0.115589727403351	0.858745938391277
0.00661518482739074	0.0318472960214715
0.0482802321721544	0.269235222318602
-0.0149811484812766	0.0716361087157621
0.00790619151876865	0.0357496453827042
-0.0525429147064423	0.317317967233222
-0.0767158682767145	0.511849634463465
-0.00139453358145363	0.00630015462486976
0.0337960894706611	0.180439253027234
0.14041071580311	1.1802592574028
0.00175556661063188	0.00828909034732078
0.178722636772382	1.78836327709682
-0.0541726982781224	0.326189149028903
0.112211508942254	0.839739545985667
0.0369983117063705	0.204185210772655
0.0857591993074066	0.562847126502183
-0.0794056336652308	0.513625954728517
-0.0661503143573974	0.410633520535714
-0.134934041507129	0.544720424201621
-0.0550903331752096	0.159269926881766
-0.0706819503022552	0.449140864378166
-0.0244213106236353	0.128905008800944
-0.0319680169533855	0.136386085157002
0.0210623550841397	0.0895057627509247
-0.0728098926108068	0.398281707976269
0.0383685433391545	0.216177712332219
0.0567157447055589	0.355992944175072
0.0581232822191182	0.36009792162132
0.0102577959648937	0.0491122669064678
0.0703480623719492	0.424828653174989
0.00286586450565167	0.0138206546890574
0.0773935234851542	0.514516137574353
-0.0280509106166741	0.147493573412109
0.0141427510857952	0.0678950471267686
-0.00945189718412049	0.0454892888032409
0.0018499372165075	0.00887633815256472
0.0315465321188854	0.175776584763878
-0.130904339743434	1.12199917316583
0.0151494558752061	0.0746914091417952
-0.0664609724833816	0.429500383711096
0.00726627960633851	0.0337868115327422
-0.151644770395906	1.32669787482661
-0.120142242862146	0.424699328753662
-0.0212772131881289	0.112876191796844
-0.00642965103937633	0.0237529307335122
-0.0329859068743467	0.149289550781662
-0.0282909013246397	0.130951474333352
-0.0725029702512226	0.490641422206151
0.0720995585040741	0.49811889517657
0.0682672333403375	0.455307498770253
0.0117044198101428	0.0576445951315595
-0.053492584208815	0.313079970705896
-0.0223402850547499	0.119268878521816
-0.0461574366071327	0.267086805167601
-0.134692655673933	1.10041667720523
0.0452210435308032	0.23996404530848
0.0190096231883557	0.0989261202181122
0.0724777125061511	0.492897541592123
-0.0397091381181699	0.237615998493957
0.0029135212035861	0.0141258334924249
0.112038757334151	0.858379332676438
0.0156645357897973	0.0798859304099416
-0.0809253517302196	0.537085471248245
-0.238346972906279	1.11071099853008
-0.0393826728648194	0.223742395733124
-0.0338097724152692	0.193817504684314
-0.0150789546848288	0.0781710077879713
-0.0643706731742108	0.379482177278768
-0.01949909598112	0.0991243173178397
-0.087936068344454	0.62970809355453
0.0277905249840878	0.153283546116637
-0.0955288018363099	0.679567772975153
-0.0793029047794962	0.526505207226918
-0.101998790197414	0.74994212728243
0.0902365472164332	0.652118918707074
-0.0396810582050318	0.228348514216328
0.0141625423903513	0.0709202635220352
-0.078005384295157	0.514124380829539
-0.0461602559043678	0.269237175068029
-0.0557205837052953	0.344053941416582
-0.0453044445943073	0.257474905579848
0.0420081584169952	0.245171644983984
-0.170660880672197	1.54878309124379
-0.0697476465855515	0.400554553610596
-0.0178858051427572	0.0901106664038437
-0.110046111887217	0.596319414896462
-0.0415988998859487	0.161279173984063
-0.253133992570523	2.50620848065071
-0.0275753959073223	0.151779136817417
0.0206890323504539	0.108646710204462
0.00579670344746608	0.0281269093206728
-0.0249829077326977	0.131504437538359
0.12041245057075	0.96257710395642
-0.0337975188362432	0.191170204496959
0.00439720980377661	0.020817038238728
-0.0553591322610614	0.335698878977399
0.047380599605598	0.275455610823546
-0.0212564679479773	0.111959293417012
0.0385549070521508	0.224203143362745
0.000237086577000341	0.00111873664059932
0.0329553598715634	0.184369076828346
0.0141960098233414	0.0716526732795724
-0.021587968832851	0.112944093658319
-0.0676704610170983	0.433959129992421
0.083344631862092	0.556864229050409
-0.108063807040529	0.79837345386895
-0.0942345605513615	0.664701468810099
-0.222782185113095	2.24105299741616
-0.0203029933825542	0.0627225399178007
-0.211208507781686	1.08793622591906
-0.0379745862906127	0.127340738230085
-0.164986748763462	1.02437782346199
-0.00693639965088831	0.0341196340943971
0.00941061322690432	0.0486717473867633
-0.00620348239255429	0.0303488081698646
0.0318277369664475	0.172909414626085
0.0583407497769065	0.330139312420928
0.0788462518348763	0.555971238367399
0.0184363561246027	0.0924209377506409
0.124106857292799	0.982629901141216
-0.011104903964849	0.0489025298828605
0.00793863768001506	0.0380534904238145
0.162200662786429	1.57360694990173
0.020832810488524	0.114032156247
-0.100184136843885	0.764669221931456
0.0822550846514626	0.562793756322258
-0.0411261551318867	0.236903728917543
0.00465988519233049	0.0214852765338046
-0.0105469150741496	0.0517717102637007
-0.0261745980535204	0.0650820843635993
-0.0337424495299047	0.0758167362264934
0.0447844821037392	0.118025986953977
-0.031534000839972	0.097448741355839
-0.0206382719530625	0.110146713936308
0.0620763220832346	0.385354475192982
-0.0324261488152881	0.176867002059927
0.0964782756234517	0.717406943631892
0.107622239683502	0.836315870364741
0.0556769957299365	0.34663728761058
-0.0735545560233098	0.482015415391408
-0.0171071365987068	0.0850453074108026
-0.0865972732658096	0.604488077157466
-0.0315345927947411	0.174670459228734
0.0256719450772005	0.137184110228593
-0.017187691847434	0.0865657450172445
0.124540753392555	1.0004253795182
-0.0197700837917725	0.100967797434288
0.172870408089736	1.66019511794473
0.0918695372778002	0.657281894099449
-0.0578696497080178	0.347900930433333
-0.0885394145754849	0.593126628726273
-0.11033407657668	0.559552994221926
-0.0839902727519208	0.334651300015138
-0.00205904912592347	0.00664139617812661
-0.0765601908276985	0.32846010695126
-0.0585261970860109	0.357679728365592
-0.0458271739888477	0.271121544018733
0.00366062257140559	0.0175946491831753
0.0448532207706993	0.258328777831688
0.0192931146659562	0.0993096706566686
-0.0834222703990038	0.582108425559128
-0.0316791349483998	0.174853114108305
0.0415673257415373	0.23417634491518
0.110331292462842	0.83188197550293
-0.00933092944944291	0.0445811428550007
-0.0261071687623979	0.13857362161489
0.000387641559123757	0.00177962387043068
0.0167689737360458	0.0858412691482861
-0.00467638317615363	0.0220228415370255
-0.0217262422187469	0.113983621667964
0.116706578676025	0.926835597111094
-0.118623685173591	0.939603391147337
-0.0859880135620478	0.584918390783386
-0.0885399131460019	0.605141479119919
-0.0722054756705658	0.46016650864282
-0.0159520201323289	0.0823053337958027
-0.0248107765597522	0.137193990422933
0.0893779752618932	0.662242952801785
-0.0208179595227811	0.11510597693336
0.15601068334161	1.44701203098836
-0.11981703504967	0.726625261935301
0.0449422558396653	0.239009384549488
0.0572180165109565	0.354776921280862
0.0230609896600995	0.125391621312359
0.0121482350952386	0.0559569900754999
-0.0468452759291636	0.262706988701927
-0.0906050894162153	0.583127496516449
0.0259898535995324	0.140390868107843
-0.146585731841736	1.3004058440236
-0.00234357690329742	0.0100547303048189
0.171102288684072	1.26400236473247
0.039558549440323	0.21753266550557
-0.00723501553472782	0.0348628258013248
0.0127084663446401	0.0589382065350233
0.0515738354716918	0.310863616460636
-0.106483121634326	0.719459524981291
-0.0269482169593112	0.111028578494754
-0.00991573525218749	0.050814466551666
-0.029493337346549	0.166646512952707
-0.0809416295358068	0.539365574785397
-0.0359419930380228	0.193979139463779
0.0698218270671856	0.459412461693959
0.0286949483524549	0.158214961548769
-0.0706368939164682	0.460012128496582
0.00292375338005328	0.0137550020051777
-0.0278198331228613	0.151247569059135
0.0528926289087089	0.322305016948814
0.0726118184714497	0.488486723514802
-0.047730826933929	0.275039798371071
0.0225479640990351	0.115935434993733
0.000629339654785115	0.00286915182583487
-0.00185329689657152	0.00880778890177258
-0.0220212891616408	0.116668746983743
0.0705992683312984	0.465494768766435
0.0953819229259126	0.712232723703584
-0.029035070902579	0.158172766088369
0.00396594834816379	0.0187749605486424
-0.114261390743473	0.897352632941101
0.00536020706362464	0.0251623814694168
-0.0552759809679222	0.326404138507287
-0.0681909803336195	0.408021864534848
-0.0556596715207226	0.359861038291979
-0.0321236202808271	0.177100407350732
-0.00297154388124303	0.013853410825271
0.0210816691923065	0.110667489281825
0.020674379367517	0.110760283377064
0.150415066917205	1.32734609907127
-0.0469185912825034	0.273885657637776
0.0285067652213287	0.15483789418144
0.044988501915753	0.265048251669861
0.0844220440483587	0.595337675697798
0.0119304895178867	0.0581684389376562
0.0715367931952206	0.456607607777576
-0.0522877919757913	0.312223102181869
0.136132067542546	1.16338425664885
0.116601613741665	0.918619186894948
0.0463536808728294	0.269844371920332
-0.0160534523564258	0.0822375847143277
0.0747633851508371	0.506704419490568
-0.011746155577098	0.0573734643035219
-0.0231762008002643	0.119500574720001
-0.0567425889308872	0.339274808531247
-0.0736748271572588	0.457585904284532
