group	fill	colour	clickSelects
2	#CD1076	#000000	21
3	#CD1076	#000000	17
4	#CD1076	#000000	37
5	#CD1076	#000000	11
6	#CD1076	#000000	11
7	#CD1076	#000000	37
8	#FFFFFF	#D3D3D3	9
9	#FFFFFF	#D3D3D3	9
10	#FFFFFF	#D3D3D3	9
11	#FFFFFF	#D3D3D3	9
12	#FFFFFF	#D3D3D3	9
13	#FFFFFF	#D3D3D3	9
14	#CD1076	#000000	17
15	#FFFFFF	#D3D3D3	9
16	#FFFFFF	#D3D3D3	9
17	#FFFFFF	#D3D3D3	9
18	#FFFFFF	#D3D3D3	9
19	#FFFFFF	#D3D3D3	9
20	#FFFFFF	#D3D3D3	9
21	#FFFFFF	#D3D3D3	9
22	#FFFFFF	#D3D3D3	9
23	#FFFFFF	#D3D3D3	9
24	#FFFFFF	#D3D3D3	9
25	#CD1076	#000000	17
26	#FFFFFF	#D3D3D3	9
27	#FFFFFF	#D3D3D3	9
28	#FFFFFF	#D3D3D3	9
29	#FFFFFF	#D3D3D3	9
30	#FFFFFF	#D3D3D3	9
31	#FFFFFF	#D3D3D3	9
32	#FFFFFF	#D3D3D3	9
33	#FFFFFF	#D3D3D3	9
34	#FFFFFF	#D3D3D3	9
35	#FFFFFF	#D3D3D3	9
36	#CD1076	#000000	17
37	#FFFFFF	#D3D3D3	9
38	#FFFFFF	#D3D3D3	9
39	#FFFFFF	#D3D3D3	9
40	#FFFFFF	#D3D3D3	9
41	#FFFFFF	#D3D3D3	9
42	#FFFFFF	#D3D3D3	9
46	#CD1076	#000000	37
47	#CD1076	#000000	12
48	#CD1076	#000000	12
49	#CD1076	#000000	12
50	#CD1076	#000000	12
51	#CD1076	#000000	21
52	#CD1076	#000000	17
53	#CD1076	#000000	12
54	#CD1076	#000000	27
55	#CD1076	#000000	11
56	#CD1076	#000000	11
57	#CD1076	#000000	37
58	#FFFFFF	#D3D3D3	9
59	#FFFFFF	#D3D3D3	9
60	#FFFFFF	#D3D3D3	9
61	#FFFFFF	#D3D3D3	9
62	#FFFFFF	#D3D3D3	9
63	#CD1076	#000000	17
64	#FFFFFF	#D3D3D3	9
65	#FFFFFF	#D3D3D3	9
66	#FFFFFF	#D3D3D3	9
67	#FFFFFF	#D3D3D3	9
68	#FFFFFF	#D3D3D3	9
69	#FFFFFF	#D3D3D3	9
70	#FFFFFF	#D3D3D3	9
71	#FFFFFF	#D3D3D3	9
72	#FFFFFF	#D3D3D3	9
73	#FFFFFF	#D3D3D3	9
74	#CD1076	#000000	17
75	#FFFFFF	#D3D3D3	9
76	#FFFFFF	#D3D3D3	9
77	#FFFFFF	#D3D3D3	9
78	#FFFFFF	#D3D3D3	9
79	#FFFFFF	#D3D3D3	9
80	#FFFFFF	#D3D3D3	9
81	#FFFFFF	#D3D3D3	9
82	#FFFFFF	#D3D3D3	9
83	#FFFFFF	#D3D3D3	9
84	#FFFFFF	#D3D3D3	9
85	#CD1076	#000000	17
86	#FFFFFF	#D3D3D3	9
87	#FFFFFF	#D3D3D3	9
88	#FFFFFF	#D3D3D3	9
89	#FFFFFF	#D3D3D3	9
90	#FFFFFF	#D3D3D3	9
91	#FFFFFF	#D3D3D3	9
92	#FFFFFF	#D3D3D3	9
96	#CD1076	#000000	37
97	#CD1076	#000000	12
98	#CD1076	#000000	12
99	#CD1076	#000000	12
100	#CD1076	#000000	12
102	#CD1076	#000000	21
103	#CD1076	#000000	17
104	#CD1076	#000000	27
105	#CD1076	#000000	11
106	#CD1076	#000000	11
107	#CD1076	#000000	11
108	#CD1076	#000000	37
109	#FFFFFF	#D3D3D3	9
110	#FFFFFF	#D3D3D3	9
111	#FFFFFF	#D3D3D3	9
112	#FFFFFF	#D3D3D3	9
113	#FFFFFF	#D3D3D3	9
114	#CD1076	#000000	17
115	#FFFFFF	#D3D3D3	9
116	#FFFFFF	#D3D3D3	9
117	#FFFFFF	#D3D3D3	9
118	#FFFFFF	#D3D3D3	9
119	#FFFFFF	#D3D3D3	9
120	#FFFFFF	#D3D3D3	9
121	#FFFFFF	#D3D3D3	9
122	#FFFFFF	#D3D3D3	9
123	#FFFFFF	#D3D3D3	9
124	#FFFFFF	#D3D3D3	9
125	#CD1076	#000000	17
126	#FFFFFF	#D3D3D3	9
127	#FFFFFF	#D3D3D3	9
128	#FFFFFF	#D3D3D3	9
129	#FFFFFF	#D3D3D3	9
130	#FFFFFF	#D3D3D3	9
131	#FFFFFF	#D3D3D3	9
132	#FFFFFF	#D3D3D3	9
133	#FFFFFF	#D3D3D3	9
134	#FFFFFF	#D3D3D3	9
135	#FFFFFF	#D3D3D3	9
136	#CD1076	#000000	37
137	#FFFFFF	#D3D3D3	9
138	#FFFFFF	#D3D3D3	9
139	#FFFFFF	#D3D3D3	9
140	#FFFFFF	#D3D3D3	9
141	#FFFFFF	#D3D3D3	9
142	#FFFFFF	#D3D3D3	9
143	#FFFFFF	#D3D3D3	9
146	#CD1076	#000000	37
147	#CD1076	#000000	12
148	#CD1076	#000000	12
149	#CD1076	#000000	37
150	#CD1076	#000000	12
151	#CD1076	#000000	21
152	#CD1076	#000000	21
153	#FFFFFF	#D3D3D3	8
154	#FFFFFF	#D3D3D3	8
155	#FFFFFF	#D3D3D3	8
156	#FFFFFF	#D3D3D3	8
157	#FFFFFF	#D3D3D3	8
158	#FFFFFF	#D3D3D3	8
159	#FFFFFF	#D3D3D3	8
160	#FFFFFF	#D3D3D3	8
161	#FFFFFF	#D3D3D3	8
162	#FFFFFF	#D3D3D3	8
163	#CD1076	#000000	17
164	#FFFFFF	#D3D3D3	8
165	#FFFFFF	#D3D3D3	8
166	#FFFFFF	#D3D3D3	8
167	#FFFFFF	#D3D3D3	9
168	#FFFFFF	#D3D3D3	9
169	#FFFFFF	#D3D3D3	8
170	#FFFFFF	#D3D3D3	8
171	#FFFFFF	#D3D3D3	9
172	#FFFFFF	#D3D3D3	9
173	#FFFFFF	#D3D3D3	8
174	#CD1076	#000000	75
175	#FFFFFF	#D3D3D3	9
176	#FFFFFF	#D3D3D3	9
177	#FFFFFF	#D3D3D3	9
178	#FFFFFF	#D3D3D3	9
179	#FFFFFF	#D3D3D3	9
180	#FFFFFF	#D3D3D3	9
181	#FFFFFF	#D3D3D3	9
182	#FFFFFF	#D3D3D3	9
183	#FFFFFF	#D3D3D3	9
184	#FFFFFF	#D3D3D3	9
185	#CD1076	#000000	73
186	#FFFFFF	#D3D3D3	9
187	#FFFFFF	#D3D3D3	9
188	#FFFFFF	#D3D3D3	9
189	#FFFFFF	#D3D3D3	9
190	#FFFFFF	#D3D3D3	9
192	#FFFFFF	#D3D3D3	8
193	#FFFFFF	#D3D3D3	9
194	#FFFFFF	#D3D3D3	8
195	#FFFFFF	#D3D3D3	9
196	#CD1076	#000000	73
197	#CD1076	#000000	75
198	#CD1076	#000000	75
199	#CD1076	#000000	75
200	#CD1076	#000000	75
202	#CD1076	#000000	21
203	#CD1076	#000000	17
204	#FFFFFF	#D3D3D3	8
205	#FFFFFF	#D3D3D3	8
206	#FFFFFF	#D3D3D3	8
207	#FFFFFF	#D3D3D3	8
208	#FFFFFF	#D3D3D3	8
209	#FFFFFF	#D3D3D3	8
210	#FFFFFF	#D3D3D3	8
211	#FFFFFF	#D3D3D3	8
212	#FFFFFF	#D3D3D3	8
213	#FFFFFF	#D3D3D3	8
214	#CD1076	#000000	75
215	#FFFFFF	#D3D3D3	8
216	#FFFFFF	#D3D3D3	8
217	#FFFFFF	#D3D3D3	9
218	#FFFFFF	#D3D3D3	9
219	#FFFFFF	#D3D3D3	8
220	#FFFFFF	#D3D3D3	8
221	#FFFFFF	#D3D3D3	8
222	#FFFFFF	#D3D3D3	8
223	#FFFFFF	#D3D3D3	8
224	#FFFFFF	#D3D3D3	9
225	#CD1076	#000000	75
226	#FFFFFF	#D3D3D3	9
227	#FFFFFF	#D3D3D3	9
228	#FFFFFF	#D3D3D3	9
229	#FFFFFF	#D3D3D3	9
230	#FFFFFF	#D3D3D3	9
231	#FFFFFF	#D3D3D3	9
232	#FFFFFF	#D3D3D3	9
233	#FFFFFF	#D3D3D3	9
234	#FFFFFF	#D3D3D3	9
235	#FFFFFF	#D3D3D3	9
236	#CD1076	#000000	73
237	#FFFFFF	#D3D3D3	9
238	#FFFFFF	#D3D3D3	9
239	#FFFFFF	#D3D3D3	9
240	#FFFFFF	#D3D3D3	9
241	#FFFFFF	#D3D3D3	32
242	#FFFFFF	#D3D3D3	8
243	#FFFFFF	#D3D3D3	8
244	#FFFFFF	#D3D3D3	9
245	#FFFFFF	#D3D3D3	9
246	#CD1076	#000000	75
247	#CD1076	#000000	75
248	#CD1076	#000000	75
249	#CD1076	#000000	75
250	#FFFFFF	#D3D3D3	8
251	#CD1076	#000000	21
252	#CD1076	#000000	17
253	#FFFFFF	#D3D3D3	8
254	#FFFFFF	#D3D3D3	8
255	#FFFFFF	#D3D3D3	8
256	#FFFFFF	#D3D3D3	8
257	#FFFFFF	#D3D3D3	8
258	#FFFFFF	#D3D3D3	8
259	#FFFFFF	#D3D3D3	8
260	#FFFFFF	#D3D3D3	8
261	#FFFFFF	#D3D3D3	8
262	#FFFFFF	#D3D3D3	8
263	#CD1076	#000000	17
264	#FFFFFF	#D3D3D3	8
265	#FFFFFF	#D3D3D3	8
266	#FFFFFF	#D3D3D3	8
267	#FFFFFF	#D3D3D3	8
268	#FFFFFF	#D3D3D3	9
269	#FFFFFF	#D3D3D3	9
270	#FFFFFF	#D3D3D3	8
271	#FFFFFF	#D3D3D3	8
272	#FFFFFF	#D3D3D3	8
273	#FFFFFF	#D3D3D3	8
274	#CD1076	#000000	75
275	#FFFFFF	#D3D3D3	8
276	#FFFFFF	#D3D3D3	8
277	#FFFFFF	#D3D3D3	8
278	#FFFFFF	#D3D3D3	9
279	#FFFFFF	#D3D3D3	9
280	#FFFFFF	#D3D3D3	9
281	#FFFFFF	#D3D3D3	9
282	#FFFFFF	#D3D3D3	9
283	#FFFFFF	#D3D3D3	9
284	#FFFFFF	#D3D3D3	9
285	#CD1076	#000000	75
286	#FFFFFF	#D3D3D3	9
287	#FFFFFF	#D3D3D3	8
288	#FFFFFF	#D3D3D3	8
289	#FFFFFF	#D3D3D3	9
290	#FFFFFF	#D3D3D3	59
291	#FFFFFF	#D3D3D3	8
292	#FFFFFF	#D3D3D3	8
293	#FFFFFF	#D3D3D3	9
294	#FFFFFF	#D3D3D3	9
295	#FFFFFF	#D3D3D3	9
296	#CD1076	#000000	75
297	#CD1076	#000000	75
298	#CD1076	#000000	75
299	#CD1076	#000000	75
300	#FFFFFF	#D3D3D3	8
302	#CD1076	#000000	21
303	#CD1076	#000000	75
304	#FFFFFF	#D3D3D3	8
305	#FFFFFF	#D3D3D3	8
306	#FFFFFF	#D3D3D3	8
307	#FFFFFF	#D3D3D3	8
308	#FFFFFF	#D3D3D3	8
309	#FFFFFF	#D3D3D3	8
310	#FFFFFF	#D3D3D3	8
311	#FFFFFF	#D3D3D3	8
312	#FFFFFF	#D3D3D3	8
313	#FFFFFF	#D3D3D3	8
314	#CD1076	#000000	75
315	#FFFFFF	#D3D3D3	8
316	#FFFFFF	#D3D3D3	8
317	#FFFFFF	#D3D3D3	8
318	#FFFFFF	#D3D3D3	8
319	#FFFFFF	#D3D3D3	9
320	#FFFFFF	#D3D3D3	9
321	#FFFFFF	#D3D3D3	8
322	#FFFFFF	#D3D3D3	8
323	#FFFFFF	#D3D3D3	8
324	#FFFFFF	#D3D3D3	8
325	#CD1076	#000000	75
326	#FFFFFF	#D3D3D3	8
327	#FFFFFF	#D3D3D3	8
328	#FFFFFF	#D3D3D3	9
329	#FFFFFF	#D3D3D3	9
330	#FFFFFF	#D3D3D3	9
331	#FFFFFF	#D3D3D3	9
332	#FFFFFF	#D3D3D3	9
333	#FFFFFF	#D3D3D3	9
334	#FFFFFF	#D3D3D3	9
335	#FFFFFF	#D3D3D3	9
336	#CD1076	#000000	75
337	#FFFFFF	#D3D3D3	9
338	#FFFFFF	#D3D3D3	8
339	#FFFFFF	#D3D3D3	8
340	#FFFFFF	#D3D3D3	59
341	#FFFFFF	#D3D3D3	8
342	#FFFFFF	#D3D3D3	8
343	#FFFFFF	#D3D3D3	8
344	#FFFFFF	#D3D3D3	9
345	#FFFFFF	#D3D3D3	9
346	#CD1076	#000000	75
347	#CD1076	#000000	75
348	#CD1076	#000000	75
349	#FFFFFF	#D3D3D3	8
350	#FFFFFF	#D3D3D3	8
351	#CD1076	#000000	21
352	#CD1076	#000000	75
353	#FFFFFF	#D3D3D3	8
354	#FFFFFF	#D3D3D3	8
355	#FFFFFF	#D3D3D3	8
356	#FFFFFF	#D3D3D3	8
357	#FFFFFF	#D3D3D3	8
358	#FFFFFF	#D3D3D3	8
359	#FFFFFF	#D3D3D3	8
360	#FFFFFF	#D3D3D3	8
361	#FFFFFF	#D3D3D3	8
362	#FFFFFF	#D3D3D3	8
363	#CD1076	#000000	75
364	#FFFFFF	#D3D3D3	8
365	#FFFFFF	#D3D3D3	8
366	#FFFFFF	#D3D3D3	8
367	#FFFFFF	#D3D3D3	8
368	#FFFFFF	#D3D3D3	9
369	#FFFFFF	#D3D3D3	9
370	#FFFFFF	#D3D3D3	9
371	#FFFFFF	#D3D3D3	8
372	#FFFFFF	#D3D3D3	8
373	#FFFFFF	#D3D3D3	8
374	#CD1076	#000000	75
375	#FFFFFF	#D3D3D3	8
376	#FFFFFF	#D3D3D3	8
377	#FFFFFF	#D3D3D3	9
378	#FFFFFF	#D3D3D3	9
379	#FFFFFF	#D3D3D3	8
380	#FFFFFF	#D3D3D3	9
381	#FFFFFF	#D3D3D3	9
382	#FFFFFF	#D3D3D3	9
383	#FFFFFF	#D3D3D3	9
384	#FFFFFF	#D3D3D3	9
385	#CD1076	#000000	75
386	#FFFFFF	#D3D3D3	9
387	#FFFFFF	#D3D3D3	8
388	#FFFFFF	#D3D3D3	8
389	#FFFFFF	#D3D3D3	59
390	#FFFFFF	#D3D3D3	8
391	#FFFFFF	#D3D3D3	8
392	#FFFFFF	#D3D3D3	8
393	#FFFFFF	#D3D3D3	9
394	#FFFFFF	#D3D3D3	9
395	#FFFFFF	#D3D3D3	9
396	#CD1076	#000000	75
397	#CD1076	#000000	75
398	#CD1076	#000000	75
399	#FFFFFF	#D3D3D3	8
400	#FFFFFF	#D3D3D3	8
402	#CD1076	#000000	21
403	#CD1076	#000000	75
404	#FFFFFF	#D3D3D3	8
405	#FFFFFF	#D3D3D3	8
406	#FFFFFF	#D3D3D3	8
407	#FFFFFF	#D3D3D3	8
408	#FFFFFF	#D3D3D3	8
409	#FFFFFF	#D3D3D3	8
410	#FFFFFF	#D3D3D3	8
411	#FFFFFF	#D3D3D3	8
412	#FFFFFF	#D3D3D3	8
413	#FFFFFF	#D3D3D3	8
414	#CD1076	#000000	75
415	#FFFFFF	#D3D3D3	8
416	#FFFFFF	#D3D3D3	8
417	#FFFFFF	#D3D3D3	8
418	#FFFFFF	#D3D3D3	9
419	#FFFFFF	#D3D3D3	9
420	#FFFFFF	#D3D3D3	9
421	#FFFFFF	#D3D3D3	9
422	#FFFFFF	#D3D3D3	8
423	#FFFFFF	#D3D3D3	8
424	#FFFFFF	#D3D3D3	8
425	#CD1076	#000000	57
426	#FFFFFF	#D3D3D3	8
427	#FFFFFF	#D3D3D3	8
428	#FFFFFF	#D3D3D3	8
429	#FFFFFF	#D3D3D3	9
430	#FFFFFF	#D3D3D3	8
431	#FFFFFF	#D3D3D3	9
432	#FFFFFF	#D3D3D3	9
433	#FFFFFF	#D3D3D3	8
434	#FFFFFF	#D3D3D3	9
435	#FFFFFF	#D3D3D3	9
436	#CD1076	#000000	75
437	#FFFFFF	#D3D3D3	8
438	#FFFFFF	#D3D3D3	8
440	#FFFFFF	#D3D3D3	8
441	#FFFFFF	#D3D3D3	8
442	#FFFFFF	#D3D3D3	8
443	#FFFFFF	#D3D3D3	8
444	#FFFFFF	#D3D3D3	9
445	#FFFFFF	#D3D3D3	9
446	#CD1076	#000000	75
447	#CD1076	#000000	75
448	#FFFFFF	#D3D3D3	8
449	#FFFFFF	#D3D3D3	8
450	#FFFFFF	#D3D3D3	8
451	#CD1076	#000000	21
452	#CD1076	#000000	21
453	#FFFFFF	#D3D3D3	8
454	#FFFFFF	#D3D3D3	8
455	#FFFFFF	#D3D3D3	8
456	#FFFFFF	#D3D3D3	8
457	#FFFFFF	#D3D3D3	8
458	#FFFFFF	#D3D3D3	8
459	#FFFFFF	#D3D3D3	8
460	#FFFFFF	#D3D3D3	8
461	#FFFFFF	#D3D3D3	8
462	#FFFFFF	#D3D3D3	8
463	#CD1076	#000000	75
464	#FFFFFF	#D3D3D3	8
465	#FFFFFF	#D3D3D3	8
466	#FFFFFF	#D3D3D3	8
467	#FFFFFF	#D3D3D3	8
468	#FFFFFF	#D3D3D3	8
469	#FFFFFF	#D3D3D3	8
470	#FFFFFF	#D3D3D3	9
471	#FFFFFF	#D3D3D3	8
472	#FFFFFF	#D3D3D3	8
473	#FFFFFF	#D3D3D3	8
474	#CD1076	#000000	57
475	#FFFFFF	#D3D3D3	8
476	#FFFFFF	#D3D3D3	8
477	#FFFFFF	#D3D3D3	8
478	#FFFFFF	#D3D3D3	9
479	#FFFFFF	#D3D3D3	9
480	#FFFFFF	#D3D3D3	8
481	#FFFFFF	#D3D3D3	8
482	#FFFFFF	#D3D3D3	8
483	#FFFFFF	#D3D3D3	8
484	#FFFFFF	#D3D3D3	8
485	#CD1076	#000000	75
486	#FFFFFF	#D3D3D3	9
487	#FFFFFF	#D3D3D3	8
489	#FFFFFF	#D3D3D3	8
490	#FFFFFF	#D3D3D3	8
491	#FFFFFF	#D3D3D3	8
492	#FFFFFF	#D3D3D3	8
493	#FFFFFF	#D3D3D3	9
494	#FFFFFF	#D3D3D3	8
495	#FFFFFF	#D3D3D3	8
496	#CD1076	#000000	75
497	#CD1076	#000000	75
498	#FFFFFF	#D3D3D3	8
499	#FFFFFF	#D3D3D3	8
500	#FFFFFF	#D3D3D3	8
502	#CD1076	#000000	21
503	#CD1076	#000000	57
504	#FFFFFF	#D3D3D3	8
505	#FFFFFF	#D3D3D3	8
506	#FFFFFF	#D3D3D3	8
507	#FFFFFF	#D3D3D3	8
508	#FFFFFF	#D3D3D3	8
509	#FFFFFF	#D3D3D3	8
510	#FFFFFF	#D3D3D3	8
511	#FFFFFF	#D3D3D3	8
512	#FFFFFF	#D3D3D3	8
513	#FFFFFF	#D3D3D3	8
514	#CD1076	#000000	57
515	#FFFFFF	#D3D3D3	8
516	#FFFFFF	#D3D3D3	8
517	#FFFFFF	#D3D3D3	8
518	#FFFFFF	#D3D3D3	8
519	#FFFFFF	#D3D3D3	8
520	#FFFFFF	#D3D3D3	8
521	#FFFFFF	#D3D3D3	9
522	#FFFFFF	#D3D3D3	8
523	#FFFFFF	#D3D3D3	8
524	#FFFFFF	#D3D3D3	8
525	#CD1076	#000000	75
526	#FFFFFF	#D3D3D3	8
527	#FFFFFF	#D3D3D3	8
528	#FFFFFF	#D3D3D3	9
529	#FFFFFF	#D3D3D3	8
530	#FFFFFF	#D3D3D3	8
531	#FFFFFF	#D3D3D3	8
532	#FFFFFF	#D3D3D3	8
533	#FFFFFF	#D3D3D3	9
534	#FFFFFF	#D3D3D3	8
535	#FFFFFF	#D3D3D3	9
536	#CD1076	#000000	75
537	#FFFFFF	#D3D3D3	9
539	#FFFFFF	#D3D3D3	8
540	#FFFFFF	#D3D3D3	8
541	#FFFFFF	#D3D3D3	8
542	#FFFFFF	#D3D3D3	8
543	#FFFFFF	#D3D3D3	8
544	#FFFFFF	#D3D3D3	9
545	#FFFFFF	#D3D3D3	8
546	#CD1076	#000000	75
547	#FFFFFF	#D3D3D3	8
548	#FFFFFF	#D3D3D3	8
549	#FFFFFF	#D3D3D3	8
550	#FFFFFF	#D3D3D3	8
551	#CD1076	#000000	21
552	#CD1076	#000000	21
553	#FFFFFF	#D3D3D3	8
554	#FFFFFF	#D3D3D3	8
555	#FFFFFF	#D3D3D3	8
556	#FFFFFF	#D3D3D3	8
557	#FFFFFF	#D3D3D3	8
558	#FFFFFF	#D3D3D3	8
559	#FFFFFF	#D3D3D3	8
560	#FFFFFF	#D3D3D3	8
561	#FFFFFF	#D3D3D3	8
562	#FFFFFF	#D3D3D3	8
563	#CD1076	#000000	57
564	#FFFFFF	#D3D3D3	8
565	#FFFFFF	#D3D3D3	8
566	#FFFFFF	#D3D3D3	8
567	#FFFFFF	#D3D3D3	8
568	#FFFFFF	#D3D3D3	8
569	#FFFFFF	#D3D3D3	8
570	#FFFFFF	#D3D3D3	9
571	#FFFFFF	#D3D3D3	9
572	#FFFFFF	#D3D3D3	8
573	#FFFFFF	#D3D3D3	8
574	#CD1076	#000000	57
575	#FFFFFF	#D3D3D3	8
576	#FFFFFF	#D3D3D3	8
577	#FFFFFF	#D3D3D3	8
578	#FFFFFF	#D3D3D3	9
579	#FFFFFF	#D3D3D3	8
580	#FFFFFF	#D3D3D3	8
581	#FFFFFF	#D3D3D3	8
582	#FFFFFF	#D3D3D3	8
583	#FFFFFF	#D3D3D3	9
584	#FFFFFF	#D3D3D3	9
585	#CD1076	#000000	75
586	#FFFFFF	#D3D3D3	9
588	#FFFFFF	#D3D3D3	8
589	#FFFFFF	#D3D3D3	8
590	#FFFFFF	#D3D3D3	8
591	#FFFFFF	#D3D3D3	8
592	#FFFFFF	#D3D3D3	8
593	#FFFFFF	#D3D3D3	8
594	#FFFFFF	#D3D3D3	8
595	#FFFFFF	#D3D3D3	8
596	#CD1076	#000000	75
597	#FFFFFF	#D3D3D3	8
598	#FFFFFF	#D3D3D3	8
599	#FFFFFF	#D3D3D3	8
600	#FFFFFF	#D3D3D3	8
602	#CD1076	#000000	21
603	#CD1076	#000000	57
604	#FFFFFF	#D3D3D3	8
605	#FFFFFF	#D3D3D3	8
606	#FFFFFF	#D3D3D3	8
607	#FFFFFF	#D3D3D3	8
608	#FFFFFF	#D3D3D3	8
609	#FFFFFF	#D3D3D3	8
610	#FFFFFF	#D3D3D3	8
611	#FFFFFF	#D3D3D3	8
612	#FFFFFF	#D3D3D3	8
613	#FFFFFF	#D3D3D3	8
614	#CD1076	#000000	28
615	#FFFFFF	#D3D3D3	8
616	#FFFFFF	#D3D3D3	8
617	#FFFFFF	#D3D3D3	8
618	#FFFFFF	#D3D3D3	8
619	#FFFFFF	#D3D3D3	8
620	#FFFFFF	#D3D3D3	8
621	#FFFFFF	#D3D3D3	9
622	#FFFFFF	#D3D3D3	8
623	#FFFFFF	#D3D3D3	8
624	#FFFFFF	#D3D3D3	8
625	#CD1076	#000000	57
626	#FFFFFF	#D3D3D3	8
627	#FFFFFF	#D3D3D3	8
628	#FFFFFF	#D3D3D3	8
629	#FFFFFF	#D3D3D3	9
630	#FFFFFF	#D3D3D3	8
631	#FFFFFF	#D3D3D3	8
632	#FFFFFF	#D3D3D3	8
633	#FFFFFF	#D3D3D3	9
634	#FFFFFF	#D3D3D3	9
635	#FFFFFF	#D3D3D3	9
636	#CD1076	#000000	57
638	#FFFFFF	#D3D3D3	8
639	#FFFFFF	#D3D3D3	8
640	#FFFFFF	#D3D3D3	8
641	#FFFFFF	#D3D3D3	8
642	#FFFFFF	#D3D3D3	8
643	#FFFFFF	#D3D3D3	8
644	#FFFFFF	#D3D3D3	8
645	#FFFFFF	#D3D3D3	8
646	#FFFFFF	#D3D3D3	8
647	#FFFFFF	#D3D3D3	8
648	#FFFFFF	#D3D3D3	8
649	#FFFFFF	#D3D3D3	8
650	#FFFFFF	#D3D3D3	8
651	#CD1076	#000000	21
652	#CD1076	#000000	57
653	#FFFFFF	#D3D3D3	8
654	#FFFFFF	#D3D3D3	8
655	#FFFFFF	#D3D3D3	8
656	#FFFFFF	#D3D3D3	8
657	#FFFFFF	#D3D3D3	8
658	#FFFFFF	#D3D3D3	8
659	#FFFFFF	#D3D3D3	8
660	#FFFFFF	#D3D3D3	8
661	#FFFFFF	#D3D3D3	8
662	#FFFFFF	#D3D3D3	8
663	#CD1076	#000000	28
664	#FFFFFF	#D3D3D3	8
665	#FFFFFF	#D3D3D3	8
666	#FFFFFF	#D3D3D3	8
667	#FFFFFF	#D3D3D3	8
668	#FFFFFF	#D3D3D3	8
669	#FFFFFF	#D3D3D3	8
670	#FFFFFF	#D3D3D3	8
671	#FFFFFF	#D3D3D3	8
672	#FFFFFF	#D3D3D3	8
673	#FFFFFF	#D3D3D3	8
674	#CD1076	#000000	28
675	#FFFFFF	#D3D3D3	8
676	#FFFFFF	#D3D3D3	8
677	#FFFFFF	#D3D3D3	8
678	#FFFFFF	#D3D3D3	8
679	#FFFFFF	#D3D3D3	8
680	#FFFFFF	#D3D3D3	8
681	#FFFFFF	#D3D3D3	8
682	#FFFFFF	#D3D3D3	8
683	#FFFFFF	#D3D3D3	9
684	#FFFFFF	#D3D3D3	9
685	#CD1076	#000000	57
687	#FFFFFF	#D3D3D3	48
688	#FFFFFF	#D3D3D3	8
689	#FFFFFF	#D3D3D3	8
690	#FFFFFF	#D3D3D3	8
691	#FFFFFF	#D3D3D3	8
692	#FFFFFF	#D3D3D3	8
693	#FFFFFF	#D3D3D3	8
694	#FFFFFF	#D3D3D3	8
695	#FFFFFF	#D3D3D3	8
696	#FFFFFF	#D3D3D3	8
697	#FFFFFF	#D3D3D3	8
698	#FFFFFF	#D3D3D3	8
699	#FFFFFF	#D3D3D3	8
700	#FFFFFF	#D3D3D3	8
702	#CD1076	#000000	21
703	#CD1076	#000000	28
704	#FFFFFF	#D3D3D3	8
705	#FFFFFF	#D3D3D3	8
706	#FFFFFF	#D3D3D3	8
707	#FFFFFF	#D3D3D3	8
708	#FFFFFF	#D3D3D3	8
709	#FFFFFF	#D3D3D3	8
710	#FFFFFF	#D3D3D3	8
711	#FFFFFF	#D3D3D3	8
712	#FFFFFF	#D3D3D3	8
713	#FFFFFF	#D3D3D3	8
714	#CD1076	#000000	28
715	#FFFFFF	#D3D3D3	8
716	#FFFFFF	#D3D3D3	8
717	#FFFFFF	#D3D3D3	8
718	#FFFFFF	#D3D3D3	8
719	#FFFFFF	#D3D3D3	8
720	#FFFFFF	#D3D3D3	5
721	#FFFFFF	#D3D3D3	8
722	#FFFFFF	#D3D3D3	8
723	#FFFFFF	#D3D3D3	8
724	#FFFFFF	#D3D3D3	8
725	#CD1076	#000000	28
726	#FFFFFF	#D3D3D3	8
727	#FFFFFF	#D3D3D3	8
728	#FFFFFF	#D3D3D3	8
729	#FFFFFF	#D3D3D3	8
730	#FFFFFF	#D3D3D3	8
731	#FFFFFF	#D3D3D3	8
732	#FFFFFF	#D3D3D3	8
733	#FFFFFF	#D3D3D3	9
734	#FFFFFF	#D3D3D3	8
735	#FFFFFF	#D3D3D3	59
736	#FFFFFF	#D3D3D3	6
737	#FFFFFF	#D3D3D3	9
738	#FFFFFF	#D3D3D3	8
739	#FFFFFF	#D3D3D3	8
740	#FFFFFF	#D3D3D3	8
741	#FFFFFF	#D3D3D3	8
742	#FFFFFF	#D3D3D3	8
743	#FFFFFF	#D3D3D3	8
744	#FFFFFF	#D3D3D3	8
745	#FFFFFF	#D3D3D3	8
746	#FFFFFF	#D3D3D3	8
747	#FFFFFF	#D3D3D3	8
748	#FFFFFF	#D3D3D3	8
749	#FFFFFF	#D3D3D3	6
750	#FFFFFF	#D3D3D3	8
751	#CD1076	#000000	21
752	#CD1076	#000000	28
753	#FFFFFF	#D3D3D3	8
754	#FFFFFF	#D3D3D3	8
755	#FFFFFF	#D3D3D3	8
756	#FFFFFF	#D3D3D3	8
757	#FFFFFF	#D3D3D3	8
758	#FFFFFF	#D3D3D3	8
759	#FFFFFF	#D3D3D3	8
760	#FFFFFF	#D3D3D3	8
761	#FFFFFF	#D3D3D3	8
762	#FFFFFF	#D3D3D3	8
763	#CD1076	#000000	28
764	#FFFFFF	#D3D3D3	8
765	#FFFFFF	#D3D3D3	8
766	#FFFFFF	#D3D3D3	8
767	#FFFFFF	#D3D3D3	8
768	#FFFFFF	#D3D3D3	8
769	#FFFFFF	#D3D3D3	5
770	#FFFFFF	#D3D3D3	8
771	#FFFFFF	#D3D3D3	8
772	#FFFFFF	#D3D3D3	8
773	#FFFFFF	#D3D3D3	8
774	#CD1076	#000000	28
775	#FFFFFF	#D3D3D3	8
776	#FFFFFF	#D3D3D3	8
777	#FFFFFF	#D3D3D3	8
778	#FFFFFF	#D3D3D3	8
779	#FFFFFF	#D3D3D3	8
780	#FFFFFF	#D3D3D3	8
781	#FFFFFF	#D3D3D3	8
782	#FFFFFF	#D3D3D3	8
783	#FFFFFF	#D3D3D3	8
785	#FFFFFF	#D3D3D3	6
786	#FFFFFF	#D3D3D3	8
787	#FFFFFF	#D3D3D3	8
788	#FFFFFF	#D3D3D3	8
789	#FFFFFF	#D3D3D3	8
790	#FFFFFF	#D3D3D3	8
791	#FFFFFF	#D3D3D3	8
792	#FFFFFF	#D3D3D3	8
793	#FFFFFF	#D3D3D3	8
794	#FFFFFF	#D3D3D3	8
795	#FFFFFF	#D3D3D3	8
796	#FFFFFF	#D3D3D3	8
797	#FFFFFF	#D3D3D3	8
798	#FFFFFF	#D3D3D3	6
799	#FFFFFF	#D3D3D3	6
800	#FFFFFF	#D3D3D3	6
802	#CD1076	#000000	21
803	#CD1076	#000000	28
804	#FFFFFF	#D3D3D3	8
805	#FFFFFF	#D3D3D3	8
806	#FFFFFF	#D3D3D3	8
807	#FFFFFF	#D3D3D3	8
808	#FFFFFF	#D3D3D3	8
809	#FFFFFF	#D3D3D3	8
810	#FFFFFF	#D3D3D3	8
811	#FFFFFF	#D3D3D3	8
812	#FFFFFF	#D3D3D3	8
813	#FFFFFF	#D3D3D3	5
814	#CD1076	#000000	28
815	#FFFFFF	#D3D3D3	8
816	#FFFFFF	#D3D3D3	8
817	#FFFFFF	#D3D3D3	8
818	#FFFFFF	#D3D3D3	8
819	#FFFFFF	#D3D3D3	8
820	#FFFFFF	#D3D3D3	5
821	#FFFFFF	#D3D3D3	8
822	#FFFFFF	#D3D3D3	8
823	#FFFFFF	#D3D3D3	8
824	#FFFFFF	#D3D3D3	8
825	#FFFFFF	#D3D3D3	6
826	#FFFFFF	#D3D3D3	8
827	#FFFFFF	#D3D3D3	8
828	#FFFFFF	#D3D3D3	8
829	#FFFFFF	#D3D3D3	8
830	#FFFFFF	#D3D3D3	8
831	#FFFFFF	#D3D3D3	8
832	#FFFFFF	#D3D3D3	8
833	#FFFFFF	#D3D3D3	8
835	#FFFFFF	#D3D3D3	8
836	#FFFFFF	#D3D3D3	6
837	#FFFFFF	#D3D3D3	8
838	#FFFFFF	#D3D3D3	8
839	#FFFFFF	#D3D3D3	8
840	#FFFFFF	#D3D3D3	8
841	#FFFFFF	#D3D3D3	8
842	#FFFFFF	#D3D3D3	8
843	#FFFFFF	#D3D3D3	8
844	#FFFFFF	#D3D3D3	8
845	#FFFFFF	#D3D3D3	8
846	#FFFFFF	#D3D3D3	6
847	#FFFFFF	#D3D3D3	6
848	#FFFFFF	#D3D3D3	6
849	#FFFFFF	#D3D3D3	6
850	#FFFFFF	#D3D3D3	6
851	#CD1076	#000000	21
852	#CD1076	#000000	21
853	#FFFFFF	#D3D3D3	8
854	#FFFFFF	#D3D3D3	8
855	#FFFFFF	#D3D3D3	8
856	#FFFFFF	#D3D3D3	8
857	#FFFFFF	#D3D3D3	8
858	#FFFFFF	#D3D3D3	8
859	#FFFFFF	#D3D3D3	8
860	#FFFFFF	#D3D3D3	8
861	#FFFFFF	#D3D3D3	8
862	#FFFFFF	#D3D3D3	5
863	#CD1076	#000000	28
864	#FFFFFF	#D3D3D3	8
865	#FFFFFF	#D3D3D3	8
866	#FFFFFF	#D3D3D3	8
867	#FFFFFF	#D3D3D3	8
868	#FFFFFF	#D3D3D3	8
869	#FFFFFF	#D3D3D3	5
870	#FFFFFF	#D3D3D3	5
871	#FFFFFF	#D3D3D3	8
872	#FFFFFF	#D3D3D3	8
873	#FFFFFF	#D3D3D3	8
874	#FFFFFF	#D3D3D3	6
875	#FFFFFF	#D3D3D3	8
876	#FFFFFF	#D3D3D3	8
877	#FFFFFF	#D3D3D3	8
878	#FFFFFF	#D3D3D3	8
879	#FFFFFF	#D3D3D3	8
880	#FFFFFF	#D3D3D3	8
881	#FFFFFF	#D3D3D3	8
882	#FFFFFF	#D3D3D3	8
884	#FFFFFF	#D3D3D3	8
885	#FFFFFF	#D3D3D3	6
886	#FFFFFF	#D3D3D3	8
887	#FFFFFF	#D3D3D3	8
888	#FFFFFF	#D3D3D3	8
889	#FFFFFF	#D3D3D3	8
890	#FFFFFF	#D3D3D3	8
891	#FFFFFF	#D3D3D3	8
892	#FFFFFF	#D3D3D3	8
893	#FFFFFF	#D3D3D3	8
894	#FFFFFF	#D3D3D3	8
895	#FFFFFF	#D3D3D3	8
896	#FFFFFF	#D3D3D3	6
897	#FFFFFF	#D3D3D3	6
898	#FFFFFF	#D3D3D3	6
899	#FFFFFF	#D3D3D3	6
900	#FFFFFF	#D3D3D3	6
902	#CD1076	#000000	21
903	#CD1076	#000000	21
904	#FFFFFF	#D3D3D3	8
905	#FFFFFF	#D3D3D3	8
906	#FFFFFF	#D3D3D3	8
907	#FFFFFF	#D3D3D3	8
908	#FFFFFF	#D3D3D3	8
909	#FFFFFF	#D3D3D3	8
910	#FFFFFF	#D3D3D3	8
911	#FFFFFF	#D3D3D3	8
912	#FFFFFF	#D3D3D3	8
913	#FFFFFF	#D3D3D3	5
914	#FFFFFF	#D3D3D3	6
915	#FFFFFF	#D3D3D3	5
916	#FFFFFF	#D3D3D3	8
917	#FFFFFF	#D3D3D3	8
918	#FFFFFF	#D3D3D3	8
919	#FFFFFF	#D3D3D3	8
920	#FFFFFF	#D3D3D3	5
921	#FFFFFF	#D3D3D3	8
922	#FFFFFF	#D3D3D3	8
923	#FFFFFF	#D3D3D3	8
924	#FFFFFF	#D3D3D3	8
925	#FFFFFF	#D3D3D3	6
926	#FFFFFF	#D3D3D3	8
927	#FFFFFF	#D3D3D3	8
928	#FFFFFF	#D3D3D3	8
929	#FFFFFF	#D3D3D3	8
930	#FFFFFF	#D3D3D3	8
931	#FFFFFF	#D3D3D3	8
932	#FFFFFF	#D3D3D3	39
934	#FFFFFF	#D3D3D3	8
935	#FFFFFF	#D3D3D3	8
936	#FFFFFF	#D3D3D3	6
937	#FFFFFF	#D3D3D3	8
938	#FFFFFF	#D3D3D3	8
939	#FFFFFF	#D3D3D3	8
940	#FFFFFF	#D3D3D3	8
941	#FFFFFF	#D3D3D3	8
942	#FFFFFF	#D3D3D3	8
943	#FFFFFF	#D3D3D3	8
944	#FFFFFF	#D3D3D3	8
945	#FFFFFF	#D3D3D3	8
946	#FFFFFF	#D3D3D3	6
947	#FFFFFF	#D3D3D3	6
948	#FFFFFF	#D3D3D3	6
949	#FFFFFF	#D3D3D3	8
950	#FFFFFF	#D3D3D3	6
951	#CD1076	#000000	21
952	#CD1076	#000000	21
953	#FFFFFF	#D3D3D3	8
954	#FFFFFF	#D3D3D3	8
955	#FFFFFF	#D3D3D3	8
956	#FFFFFF	#D3D3D3	8
957	#FFFFFF	#D3D3D3	8
958	#FFFFFF	#D3D3D3	8
959	#FFFFFF	#D3D3D3	8
960	#FFFFFF	#D3D3D3	8
961	#FFFFFF	#D3D3D3	8
962	#FFFFFF	#D3D3D3	8
963	#FFFFFF	#D3D3D3	6
964	#FFFFFF	#D3D3D3	5
965	#FFFFFF	#D3D3D3	5
966	#FFFFFF	#D3D3D3	8
967	#FFFFFF	#D3D3D3	5
968	#FFFFFF	#D3D3D3	8
969	#FFFFFF	#D3D3D3	5
970	#FFFFFF	#D3D3D3	5
971	#FFFFFF	#D3D3D3	8
972	#FFFFFF	#D3D3D3	8
973	#FFFFFF	#D3D3D3	8
974	#FFFFFF	#D3D3D3	6
975	#FFFFFF	#D3D3D3	8
976	#FFFFFF	#D3D3D3	8
977	#FFFFFF	#D3D3D3	8
978	#FFFFFF	#D3D3D3	8
979	#FFFFFF	#D3D3D3	8
980	#FFFFFF	#D3D3D3	8
981	#FFFFFF	#D3D3D3	8
983	#FFFFFF	#D3D3D3	39
984	#FFFFFF	#D3D3D3	8
985	#FFFFFF	#D3D3D3	6
986	#FFFFFF	#D3D3D3	8
987	#FFFFFF	#D3D3D3	8
988	#FFFFFF	#D3D3D3	8
989	#FFFFFF	#D3D3D3	8
990	#FFFFFF	#D3D3D3	8
991	#FFFFFF	#D3D3D3	8
992	#FFFFFF	#D3D3D3	8
993	#FFFFFF	#D3D3D3	8
994	#FFFFFF	#D3D3D3	8
995	#FFFFFF	#D3D3D3	8
996	#FFFFFF	#D3D3D3	6
997	#FFFFFF	#D3D3D3	6
998	#FFFFFF	#D3D3D3	6
999	#FFFFFF	#D3D3D3	6
1000	#FFFFFF	#D3D3D3	8
1002	#CD1076	#000000	21
1003	#FFFFFF	#D3D3D3	6
1004	#FFFFFF	#D3D3D3	8
1005	#FFFFFF	#D3D3D3	8
1006	#FFFFFF	#D3D3D3	8
1007	#FFFFFF	#D3D3D3	8
1008	#FFFFFF	#D3D3D3	8
1009	#FFFFFF	#D3D3D3	8
1010	#FFFFFF	#D3D3D3	8
1011	#FFFFFF	#D3D3D3	8
1012	#FFFFFF	#D3D3D3	8
1013	#FFFFFF	#D3D3D3	8
1014	#FFFFFF	#D3D3D3	6
1015	#FFFFFF	#D3D3D3	5
1016	#FFFFFF	#D3D3D3	5
1017	#FFFFFF	#D3D3D3	5
1018	#FFFFFF	#D3D3D3	8
1019	#FFFFFF	#D3D3D3	5
1020	#FFFFFF	#D3D3D3	5
1021	#FFFFFF	#D3D3D3	5
1022	#FFFFFF	#D3D3D3	8
1023	#FFFFFF	#D3D3D3	8
1024	#FFFFFF	#D3D3D3	8
1025	#FFFFFF	#D3D3D3	6
1026	#FFFFFF	#D3D3D3	8
1027	#FFFFFF	#D3D3D3	8
1028	#FFFFFF	#D3D3D3	8
1029	#FFFFFF	#D3D3D3	8
1030	#FFFFFF	#D3D3D3	8
1031	#FFFFFF	#D3D3D3	77
1033	#FFFFFF	#D3D3D3	39
1034	#FFFFFF	#D3D3D3	8
1035	#FFFFFF	#D3D3D3	8
1036	#FFFFFF	#D3D3D3	6
1037	#FFFFFF	#D3D3D3	8
1038	#FFFFFF	#D3D3D3	8
1039	#FFFFFF	#D3D3D3	8
1040	#FFFFFF	#D3D3D3	8
1041	#FFFFFF	#D3D3D3	8
1042	#FFFFFF	#D3D3D3	8
1043	#FFFFFF	#D3D3D3	8
1044	#FFFFFF	#D3D3D3	8
1045	#FFFFFF	#D3D3D3	8
1046	#FFFFFF	#D3D3D3	6
1047	#FFFFFF	#D3D3D3	6
1048	#FFFFFF	#D3D3D3	6
1049	#FFFFFF	#D3D3D3	6
1050	#FFFFFF	#D3D3D3	8
1051	#CD1076	#000000	21
1052	#FFFFFF	#D3D3D3	6
1053	#FFFFFF	#D3D3D3	8
1054	#FFFFFF	#D3D3D3	8
1055	#FFFFFF	#D3D3D3	8
1056	#FFFFFF	#D3D3D3	8
1057	#FFFFFF	#D3D3D3	8
1058	#FFFFFF	#D3D3D3	8
1059	#FFFFFF	#D3D3D3	8
1060	#FFFFFF	#D3D3D3	8
1061	#FFFFFF	#D3D3D3	8
1062	#FFFFFF	#D3D3D3	5
1063	#FFFFFF	#D3D3D3	6
1064	#FFFFFF	#D3D3D3	5
1065	#FFFFFF	#D3D3D3	5
1066	#FFFFFF	#D3D3D3	5
1067	#FFFFFF	#D3D3D3	5
1068	#FFFFFF	#D3D3D3	5
1069	#FFFFFF	#D3D3D3	5
1070	#FFFFFF	#D3D3D3	5
1071	#FFFFFF	#D3D3D3	8
1072	#FFFFFF	#D3D3D3	8
1073	#FFFFFF	#D3D3D3	8
1074	#FFFFFF	#D3D3D3	6
1075	#FFFFFF	#D3D3D3	8
1076	#FFFFFF	#D3D3D3	8
1077	#FFFFFF	#D3D3D3	8
1078	#FFFFFF	#D3D3D3	8
1079	#FFFFFF	#D3D3D3	8
1080	#FFFFFF	#D3D3D3	8
1082	#FFFFFF	#D3D3D3	8
1083	#FFFFFF	#D3D3D3	8
1084	#FFFFFF	#D3D3D3	8
1085	#FFFFFF	#D3D3D3	6
1086	#FFFFFF	#D3D3D3	8
1087	#FFFFFF	#D3D3D3	8
1088	#FFFFFF	#D3D3D3	8
1089	#FFFFFF	#D3D3D3	8
1090	#FFFFFF	#D3D3D3	8
1091	#FFFFFF	#D3D3D3	8
1092	#FFFFFF	#D3D3D3	8
1093	#FFFFFF	#D3D3D3	8
1094	#FFFFFF	#D3D3D3	8
1095	#FFFFFF	#D3D3D3	8
1096	#FFFFFF	#D3D3D3	6
1097	#FFFFFF	#D3D3D3	6
1098	#FFFFFF	#D3D3D3	6
1099	#FFFFFF	#D3D3D3	6
1100	#FFFFFF	#D3D3D3	8
1102	#FFFFFF	#D3D3D3	6
1103	#FFFFFF	#D3D3D3	6
1104	#FFFFFF	#D3D3D3	8
1105	#FFFFFF	#D3D3D3	8
1106	#FFFFFF	#D3D3D3	8
1107	#FFFFFF	#D3D3D3	8
1108	#FFFFFF	#D3D3D3	8
1109	#FFFFFF	#D3D3D3	8
1110	#FFFFFF	#D3D3D3	8
1111	#FFFFFF	#D3D3D3	8
1112	#FFFFFF	#D3D3D3	8
1113	#FFFFFF	#D3D3D3	5
1114	#FFFFFF	#D3D3D3	6
1115	#FFFFFF	#D3D3D3	5
1116	#FFFFFF	#D3D3D3	5
1117	#FFFFFF	#D3D3D3	5
1118	#FFFFFF	#D3D3D3	5
1119	#FFFFFF	#D3D3D3	5
1120	#FFFFFF	#D3D3D3	5
1121	#FFFFFF	#D3D3D3	5
1122	#FFFFFF	#D3D3D3	8
1123	#FFFFFF	#D3D3D3	8
1124	#FFFFFF	#D3D3D3	8
1125	#FFFFFF	#D3D3D3	6
1126	#FFFFFF	#D3D3D3	8
1127	#FFFFFF	#D3D3D3	8
1128	#FFFFFF	#D3D3D3	8
1129	#FFFFFF	#D3D3D3	8
1130	#FFFFFF	#D3D3D3	8
1132	#FFFFFF	#D3D3D3	8
1133	#FFFFFF	#D3D3D3	8
1134	#FFFFFF	#D3D3D3	8
1135	#FFFFFF	#D3D3D3	8
1136	#FFFFFF	#D3D3D3	6
1137	#FFFFFF	#D3D3D3	8
1138	#FFFFFF	#D3D3D3	8
1139	#FFFFFF	#D3D3D3	8
1140	#FFFFFF	#D3D3D3	8
1141	#FFFFFF	#D3D3D3	8
1142	#FFFFFF	#D3D3D3	8
1143	#FFFFFF	#D3D3D3	8
1144	#FFFFFF	#D3D3D3	8
1145	#FFFFFF	#D3D3D3	8
1146	#FFFFFF	#D3D3D3	6
1147	#FFFFFF	#D3D3D3	6
1148	#FFFFFF	#D3D3D3	6
1149	#FFFFFF	#D3D3D3	6
1150	#FFFFFF	#D3D3D3	8
1151	#CD1076	#000000	21
1152	#CD1076	#000000	21
1153	#CD1076	#000000	27
1154	#CD1076	#000000	27
1155	#CD1076	#000000	11
1156	#CD1076	#000000	11
1157	#CD1076	#000000	29
1158	#CD1076	#000000	37
1159	#FFFFFF	#D3D3D3	9
1160	#FFFFFF	#D3D3D3	9
1161	#FFFFFF	#D3D3D3	9
1162	#FFFFFF	#D3D3D3	9
1163	#CD1076	#000000	17
1164	#FFFFFF	#D3D3D3	9
1165	#FFFFFF	#D3D3D3	9
1166	#FFFFFF	#D3D3D3	9
1167	#FFFFFF	#D3D3D3	9
1168	#FFFFFF	#D3D3D3	9
1169	#FFFFFF	#D3D3D3	9
1170	#FFFFFF	#D3D3D3	9
1171	#FFFFFF	#D3D3D3	9
1172	#FFFFFF	#D3D3D3	9
1173	#FFFFFF	#D3D3D3	9
1174	#CD1076	#000000	17
1175	#FFFFFF	#D3D3D3	9
1176	#FFFFFF	#D3D3D3	9
1177	#FFFFFF	#D3D3D3	9
1178	#FFFFFF	#D3D3D3	9
1179	#FFFFFF	#D3D3D3	9
1180	#FFFFFF	#D3D3D3	9
1181	#FFFFFF	#D3D3D3	9
1182	#FFFFFF	#D3D3D3	9
1183	#FFFFFF	#D3D3D3	9
1184	#FFFFFF	#D3D3D3	9
1185	#CD1076	#000000	37
1186	#FFFFFF	#D3D3D3	9
1187	#FFFFFF	#D3D3D3	9
1188	#FFFFFF	#D3D3D3	9
1189	#FFFFFF	#D3D3D3	9
1190	#FFFFFF	#D3D3D3	9
1191	#FFFFFF	#D3D3D3	9
1192	#FFFFFF	#D3D3D3	9
1193	#FFFFFF	#D3D3D3	9
1196	#CD1076	#000000	12
1197	#CD1076	#000000	12
1198	#CD1076	#000000	12
1199	#CD1076	#000000	37
1200	#CD1076	#000000	37
1202	#CD1076	#000000	21
1203	#CD1076	#000000	21
1204	#CD1076	#000000	27
1205	#CD1076	#000000	27
1206	#CD1076	#000000	11
1207	#CD1076	#000000	29
1208	#CD1076	#000000	37
1209	#CD1076	#000000	37
1210	#FFFFFF	#D3D3D3	9
1211	#FFFFFF	#D3D3D3	9
1212	#FFFFFF	#D3D3D3	9
1213	#FFFFFF	#D3D3D3	9
1214	#CD1076	#000000	17
1215	#FFFFFF	#D3D3D3	9
1216	#FFFFFF	#D3D3D3	9
1217	#FFFFFF	#D3D3D3	9
1218	#FFFFFF	#D3D3D3	9
1219	#FFFFFF	#D3D3D3	9
1220	#FFFFFF	#D3D3D3	9
1221	#FFFFFF	#D3D3D3	9
1222	#FFFFFF	#D3D3D3	9
1223	#FFFFFF	#D3D3D3	9
1224	#FFFFFF	#D3D3D3	9
1225	#CD1076	#000000	37
1226	#FFFFFF	#D3D3D3	9
1227	#FFFFFF	#D3D3D3	9
1228	#FFFFFF	#D3D3D3	9
1229	#FFFFFF	#D3D3D3	9
1230	#FFFFFF	#D3D3D3	9
1231	#FFFFFF	#D3D3D3	9
1232	#FFFFFF	#D3D3D3	9
1233	#FFFFFF	#D3D3D3	9
1234	#FFFFFF	#D3D3D3	9
1235	#FFFFFF	#D3D3D3	9
1236	#CD1076	#000000	37
1237	#FFFFFF	#D3D3D3	9
1238	#FFFFFF	#D3D3D3	9
1239	#FFFFFF	#D3D3D3	9
1240	#FFFFFF	#D3D3D3	9
1241	#FFFFFF	#D3D3D3	9
1242	#FFFFFF	#D3D3D3	9
1243	#FFFFFF	#D3D3D3	9
1244	#FFFFFF	#D3D3D3	9
1246	#CD1076	#000000	12
1247	#CD1076	#000000	12
1248	#CD1076	#000000	37
1249	#CD1076	#000000	37
1250	#CD1076	#000000	26
1251	#FFFFFF	#D3D3D3	6
1252	#FFFFFF	#D3D3D3	6
1253	#FFFFFF	#D3D3D3	8
1254	#FFFFFF	#D3D3D3	8
1255	#FFFFFF	#D3D3D3	6
1256	#FFFFFF	#D3D3D3	6
1257	#FFFFFF	#D3D3D3	8
1258	#FFFFFF	#D3D3D3	8
1259	#FFFFFF	#D3D3D3	8
1260	#FFFFFF	#D3D3D3	8
1261	#FFFFFF	#D3D3D3	8
1262	#FFFFFF	#D3D3D3	8
1263	#FFFFFF	#D3D3D3	6
1264	#FFFFFF	#D3D3D3	5
1265	#FFFFFF	#D3D3D3	5
1266	#FFFFFF	#D3D3D3	5
1267	#FFFFFF	#D3D3D3	5
1268	#FFFFFF	#D3D3D3	5
1269	#FFFFFF	#D3D3D3	5
1270	#FFFFFF	#D3D3D3	5
1271	#FFFFFF	#D3D3D3	5
1272	#FFFFFF	#D3D3D3	8
1273	#FFFFFF	#D3D3D3	8
1274	#FFFFFF	#D3D3D3	6
1275	#FFFFFF	#D3D3D3	8
1276	#FFFFFF	#D3D3D3	8
1277	#FFFFFF	#D3D3D3	8
1278	#FFFFFF	#D3D3D3	8
1279	#FFFFFF	#D3D3D3	61
1281	#FFFFFF	#D3D3D3	61
1282	#FFFFFF	#D3D3D3	8
1283	#FFFFFF	#D3D3D3	8
1284	#FFFFFF	#D3D3D3	8
1285	#FFFFFF	#D3D3D3	6
1286	#FFFFFF	#D3D3D3	8
1287	#FFFFFF	#D3D3D3	8
1288	#FFFFFF	#D3D3D3	8
1289	#FFFFFF	#D3D3D3	8
1290	#FFFFFF	#D3D3D3	8
1291	#FFFFFF	#D3D3D3	8
1292	#FFFFFF	#D3D3D3	8
1293	#FFFFFF	#D3D3D3	8
1294	#FFFFFF	#D3D3D3	8
1295	#FFFFFF	#D3D3D3	8
1296	#FFFFFF	#D3D3D3	6
1297	#FFFFFF	#D3D3D3	6
1298	#FFFFFF	#D3D3D3	6
1299	#FFFFFF	#D3D3D3	6
1300	#FFFFFF	#D3D3D3	8
1302	#FFFFFF	#D3D3D3	6
1303	#FFFFFF	#D3D3D3	6
1304	#FFFFFF	#D3D3D3	8
1305	#FFFFFF	#D3D3D3	8
1306	#FFFFFF	#D3D3D3	6
1307	#FFFFFF	#D3D3D3	6
1308	#FFFFFF	#D3D3D3	8
1309	#FFFFFF	#D3D3D3	6
1310	#FFFFFF	#D3D3D3	8
1311	#FFFFFF	#D3D3D3	8
1312	#FFFFFF	#D3D3D3	8
1313	#FFFFFF	#D3D3D3	8
1314	#FFFFFF	#D3D3D3	6
1315	#FFFFFF	#D3D3D3	5
1316	#FFFFFF	#D3D3D3	5
1317	#FFFFFF	#D3D3D3	5
1318	#FFFFFF	#D3D3D3	5
1319	#FFFFFF	#D3D3D3	5
1320	#FFFFFF	#D3D3D3	5
1321	#FFFFFF	#D3D3D3	8
1322	#FFFFFF	#D3D3D3	8
1323	#FFFFFF	#D3D3D3	8
1324	#FFFFFF	#D3D3D3	8
1325	#FFFFFF	#D3D3D3	6
1326	#FFFFFF	#D3D3D3	8
1327	#FFFFFF	#D3D3D3	8
1328	#FFFFFF	#D3D3D3	8
1329	#FFFFFF	#D3D3D3	61
1331	#FFFFFF	#D3D3D3	61
1332	#FFFFFF	#D3D3D3	8
1333	#FFFFFF	#D3D3D3	8
1334	#FFFFFF	#D3D3D3	8
1335	#FFFFFF	#D3D3D3	8
1336	#FFFFFF	#D3D3D3	6
1337	#FFFFFF	#D3D3D3	8
1338	#FFFFFF	#D3D3D3	8
1339	#FFFFFF	#D3D3D3	8
1340	#FFFFFF	#D3D3D3	8
1341	#FFFFFF	#D3D3D3	8
1342	#FFFFFF	#D3D3D3	8
1343	#FFFFFF	#D3D3D3	8
1344	#FFFFFF	#D3D3D3	8
1345	#FFFFFF	#D3D3D3	8
1346	#FFFFFF	#D3D3D3	6
1347	#FFFFFF	#D3D3D3	6
1348	#FFFFFF	#D3D3D3	6
1349	#FFFFFF	#D3D3D3	6
1350	#FFFFFF	#D3D3D3	6
1351	#FFFFFF	#D3D3D3	6
1352	#FFFFFF	#D3D3D3	6
1353	#FFFFFF	#D3D3D3	6
1354	#FFFFFF	#D3D3D3	6
1355	#FFFFFF	#D3D3D3	6
1356	#FFFFFF	#D3D3D3	8
1357	#FFFFFF	#D3D3D3	8
1358	#FFFFFF	#D3D3D3	6
1359	#FFFFFF	#D3D3D3	6
1360	#FFFFFF	#D3D3D3	8
1361	#FFFFFF	#D3D3D3	8
1362	#FFFFFF	#D3D3D3	8
1363	#FFFFFF	#D3D3D3	6
1364	#FFFFFF	#D3D3D3	8
1365	#FFFFFF	#D3D3D3	5
1366	#FFFFFF	#D3D3D3	5
1367	#FFFFFF	#D3D3D3	5
1368	#FFFFFF	#D3D3D3	5
1369	#FFFFFF	#D3D3D3	5
1370	#FFFFFF	#D3D3D3	8
1371	#FFFFFF	#D3D3D3	8
1372	#FFFFFF	#D3D3D3	8
1373	#FFFFFF	#D3D3D3	8
1374	#FFFFFF	#D3D3D3	6
1375	#FFFFFF	#D3D3D3	8
1376	#FFFFFF	#D3D3D3	8
1377	#FFFFFF	#D3D3D3	8
1378	#FFFFFF	#D3D3D3	8
1379	#FFFFFF	#D3D3D3	59
1380	#FFFFFF	#D3D3D3	61
1381	#FFFFFF	#D3D3D3	8
1382	#FFFFFF	#D3D3D3	8
1383	#FFFFFF	#D3D3D3	8
1384	#FFFFFF	#D3D3D3	8
1385	#FFFFFF	#D3D3D3	6
1386	#FFFFFF	#D3D3D3	8
1387	#FFFFFF	#D3D3D3	8
1388	#FFFFFF	#D3D3D3	8
1389	#FFFFFF	#D3D3D3	8
1390	#FFFFFF	#D3D3D3	8
1391	#FFFFFF	#D3D3D3	8
1392	#FFFFFF	#D3D3D3	8
1393	#FFFFFF	#D3D3D3	8
1394	#FFFFFF	#D3D3D3	8
1395	#FFFFFF	#D3D3D3	8
1396	#FFFFFF	#D3D3D3	6
1397	#FFFFFF	#D3D3D3	6
1398	#FFFFFF	#D3D3D3	6
1399	#FFFFFF	#D3D3D3	6
1400	#FFFFFF	#D3D3D3	6
1402	#FFFFFF	#D3D3D3	6
1403	#FFFFFF	#D3D3D3	6
1404	#FFFFFF	#D3D3D3	6
1405	#FFFFFF	#D3D3D3	6
1406	#FFFFFF	#D3D3D3	6
1407	#FFFFFF	#D3D3D3	8
1408	#FFFFFF	#D3D3D3	6
1409	#FFFFFF	#D3D3D3	6
1410	#FFFFFF	#D3D3D3	8
1411	#FFFFFF	#D3D3D3	8
1412	#FFFFFF	#D3D3D3	8
1413	#FFFFFF	#D3D3D3	8
1414	#FFFFFF	#D3D3D3	6
1415	#FFFFFF	#D3D3D3	5
1416	#FFFFFF	#D3D3D3	5
1417	#FFFFFF	#D3D3D3	5
1418	#FFFFFF	#D3D3D3	5
1419	#FFFFFF	#D3D3D3	5
1420	#FFFFFF	#D3D3D3	5
1421	#FFFFFF	#D3D3D3	8
1422	#FFFFFF	#D3D3D3	5
1423	#FFFFFF	#D3D3D3	8
1424	#FFFFFF	#D3D3D3	8
1425	#FFFFFF	#D3D3D3	6
1426	#FFFFFF	#D3D3D3	8
1427	#FFFFFF	#D3D3D3	8
1428	#FFFFFF	#D3D3D3	8
1429	#FFFFFF	#D3D3D3	68
1430	#FFFFFF	#D3D3D3	8
1431	#FFFFFF	#D3D3D3	8
1432	#FFFFFF	#D3D3D3	8
1433	#FFFFFF	#D3D3D3	8
1434	#FFFFFF	#D3D3D3	8
1435	#FFFFFF	#D3D3D3	8
1436	#FFFFFF	#D3D3D3	6
1437	#FFFFFF	#D3D3D3	8
1438	#FFFFFF	#D3D3D3	8
1439	#FFFFFF	#D3D3D3	8
1440	#FFFFFF	#D3D3D3	8
1441	#FFFFFF	#D3D3D3	8
1442	#FFFFFF	#D3D3D3	8
1443	#FFFFFF	#D3D3D3	8
1444	#FFFFFF	#D3D3D3	8
1445	#FFFFFF	#D3D3D3	8
1446	#FFFFFF	#D3D3D3	6
1447	#FFFFFF	#D3D3D3	6
1448	#FFFFFF	#D3D3D3	6
1449	#FFFFFF	#D3D3D3	6
1450	#FFFFFF	#D3D3D3	6
1451	#FFFFFF	#D3D3D3	6
1452	#FFFFFF	#D3D3D3	6
1453	#FFFFFF	#D3D3D3	6
1454	#FFFFFF	#D3D3D3	6
1455	#FFFFFF	#D3D3D3	6
1456	#FFFFFF	#D3D3D3	8
1457	#FFFFFF	#D3D3D3	6
1458	#FFFFFF	#D3D3D3	6
1459	#FFFFFF	#D3D3D3	6
1460	#FFFFFF	#D3D3D3	8
1461	#FFFFFF	#D3D3D3	6
1462	#FFFFFF	#D3D3D3	8
1463	#FFFFFF	#D3D3D3	6
1464	#FFFFFF	#D3D3D3	8
1465	#FFFFFF	#D3D3D3	5
1466	#FFFFFF	#D3D3D3	8
1467	#FFFFFF	#D3D3D3	8
1468	#FFFFFF	#D3D3D3	5
1469	#FFFFFF	#D3D3D3	5
1470	#FFFFFF	#D3D3D3	5
1471	#FFFFFF	#D3D3D3	8
1472	#FFFFFF	#D3D3D3	5
1473	#FFFFFF	#D3D3D3	8
1474	#FFFFFF	#D3D3D3	6
1475	#FFFFFF	#D3D3D3	8
1476	#FFFFFF	#D3D3D3	8
1477	#FFFFFF	#D3D3D3	8
1478	#FFFFFF	#D3D3D3	8
1479	#FFFFFF	#D3D3D3	8
1480	#FFFFFF	#D3D3D3	8
1481	#FFFFFF	#D3D3D3	8
1482	#FFFFFF	#D3D3D3	8
1483	#FFFFFF	#D3D3D3	8
1484	#FFFFFF	#D3D3D3	8
1485	#FFFFFF	#D3D3D3	6
1486	#FFFFFF	#D3D3D3	8
1487	#FFFFFF	#D3D3D3	8
1488	#FFFFFF	#D3D3D3	8
1489	#FFFFFF	#D3D3D3	8
1490	#FFFFFF	#D3D3D3	8
1491	#FFFFFF	#D3D3D3	8
1492	#FFFFFF	#D3D3D3	8
1493	#FFFFFF	#D3D3D3	8
1494	#FFFFFF	#D3D3D3	8
1495	#FFFFFF	#D3D3D3	8
1496	#FFFFFF	#D3D3D3	6
1497	#FFFFFF	#D3D3D3	6
1498	#FFFFFF	#D3D3D3	6
1499	#FFFFFF	#D3D3D3	6
1500	#FFFFFF	#D3D3D3	6
1502	#FFFFFF	#D3D3D3	6
1503	#FFFFFF	#D3D3D3	6
1504	#FFFFFF	#D3D3D3	6
1505	#FFFFFF	#D3D3D3	6
1506	#FFFFFF	#D3D3D3	8
1507	#FFFFFF	#D3D3D3	6
1508	#FFFFFF	#D3D3D3	6
1509	#FFFFFF	#D3D3D3	6
1510	#FFFFFF	#D3D3D3	8
1511	#FFFFFF	#D3D3D3	6
1512	#FFFFFF	#D3D3D3	8
1513	#FFFFFF	#D3D3D3	8
1514	#FFFFFF	#D3D3D3	6
1515	#FFFFFF	#D3D3D3	5
1516	#FFFFFF	#D3D3D3	5
1517	#FFFFFF	#D3D3D3	8
1518	#FFFFFF	#D3D3D3	5
1519	#FFFFFF	#D3D3D3	5
1520	#FFFFFF	#D3D3D3	5
1521	#FFFFFF	#D3D3D3	5
1522	#FFFFFF	#D3D3D3	5
1523	#FFFFFF	#D3D3D3	8
1524	#FFFFFF	#D3D3D3	8
1525	#FFFFFF	#D3D3D3	6
1526	#FFFFFF	#D3D3D3	8
1527	#FFFFFF	#D3D3D3	8
1529	#FFFFFF	#D3D3D3	8
1530	#FFFFFF	#D3D3D3	8
1531	#FFFFFF	#D3D3D3	8
1532	#FFFFFF	#D3D3D3	8
1533	#FFFFFF	#D3D3D3	8
1534	#FFFFFF	#D3D3D3	8
1535	#FFFFFF	#D3D3D3	8
1536	#FFFFFF	#D3D3D3	6
1537	#FFFFFF	#D3D3D3	8
1538	#FFFFFF	#D3D3D3	8
1539	#FFFFFF	#D3D3D3	8
1540	#FFFFFF	#D3D3D3	8
1541	#FFFFFF	#D3D3D3	8
1542	#FFFFFF	#D3D3D3	8
1543	#FFFFFF	#D3D3D3	8
1544	#FFFFFF	#D3D3D3	8
1545	#FFFFFF	#D3D3D3	8
1546	#FFFFFF	#D3D3D3	6
1547	#FFFFFF	#D3D3D3	6
1548	#FFFFFF	#D3D3D3	6
1549	#FFFFFF	#D3D3D3	6
1550	#FFFFFF	#D3D3D3	6
1551	#FFFFFF	#D3D3D3	6
1552	#FFFFFF	#D3D3D3	6
1553	#FFFFFF	#D3D3D3	6
1554	#FFFFFF	#D3D3D3	6
1555	#FFFFFF	#D3D3D3	6
1556	#FFFFFF	#D3D3D3	6
1557	#FFFFFF	#D3D3D3	6
1558	#FFFFFF	#D3D3D3	6
1559	#FFFFFF	#D3D3D3	8
1560	#FFFFFF	#D3D3D3	8
1561	#FFFFFF	#D3D3D3	6
1562	#FFFFFF	#D3D3D3	8
1563	#FFFFFF	#D3D3D3	6
1564	#FFFFFF	#D3D3D3	8
1565	#FFFFFF	#D3D3D3	5
1566	#FFFFFF	#D3D3D3	8
1567	#FFFFFF	#D3D3D3	5
1568	#FFFFFF	#D3D3D3	5
1569	#FFFFFF	#D3D3D3	5
1570	#FFFFFF	#D3D3D3	5
1571	#FFFFFF	#D3D3D3	5
1572	#FFFFFF	#D3D3D3	8
1573	#FFFFFF	#D3D3D3	8
1574	#FFFFFF	#D3D3D3	6
1575	#FFFFFF	#D3D3D3	8
1576	#FFFFFF	#D3D3D3	8
1578	#FFFFFF	#D3D3D3	8
1579	#FFFFFF	#D3D3D3	8
1580	#FFFFFF	#D3D3D3	8
1581	#FFFFFF	#D3D3D3	8
1582	#FFFFFF	#D3D3D3	8
1583	#FFFFFF	#D3D3D3	8
1584	#FFFFFF	#D3D3D3	8
1585	#FFFFFF	#D3D3D3	6
1586	#FFFFFF	#D3D3D3	8
1587	#FFFFFF	#D3D3D3	8
1588	#FFFFFF	#D3D3D3	8
1589	#FFFFFF	#D3D3D3	8
1590	#FFFFFF	#D3D3D3	8
1591	#FFFFFF	#D3D3D3	8
1592	#FFFFFF	#D3D3D3	8
1593	#FFFFFF	#D3D3D3	8
1594	#FFFFFF	#D3D3D3	8
1595	#FFFFFF	#D3D3D3	8
1596	#FFFFFF	#D3D3D3	6
1597	#FFFFFF	#D3D3D3	6
1598	#FFFFFF	#D3D3D3	6
1599	#FFFFFF	#D3D3D3	6
1600	#FFFFFF	#D3D3D3	6
1602	#FFFFFF	#D3D3D3	6
1603	#FFFFFF	#D3D3D3	6
1604	#FFFFFF	#D3D3D3	6
1605	#FFFFFF	#D3D3D3	6
1606	#FFFFFF	#D3D3D3	6
1607	#FFFFFF	#D3D3D3	6
1608	#FFFFFF	#D3D3D3	6
1609	#FFFFFF	#D3D3D3	6
1610	#FFFFFF	#D3D3D3	8
1611	#FFFFFF	#D3D3D3	8
1612	#FFFFFF	#D3D3D3	6
1613	#FFFFFF	#D3D3D3	8
1614	#FFFFFF	#D3D3D3	6
1615	#FFFFFF	#D3D3D3	8
1616	#FFFFFF	#D3D3D3	8
1617	#FFFFFF	#D3D3D3	5
1618	#FFFFFF	#D3D3D3	5
1619	#FFFFFF	#D3D3D3	5
1620	#FFFFFF	#D3D3D3	5
1621	#FFFFFF	#D3D3D3	5
1622	#FFFFFF	#D3D3D3	5
1623	#FFFFFF	#D3D3D3	8
1624	#FFFFFF	#D3D3D3	8
1625	#FFFFFF	#D3D3D3	6
1626	#FFFFFF	#D3D3D3	8
1628	#FFFFFF	#D3D3D3	8
1629	#FFFFFF	#D3D3D3	8
1630	#FFFFFF	#D3D3D3	8
1631	#FFFFFF	#D3D3D3	8
1632	#FFFFFF	#D3D3D3	8
1633	#FFFFFF	#D3D3D3	8
1634	#FFFFFF	#D3D3D3	8
1635	#FFFFFF	#D3D3D3	8
1636	#FFFFFF	#D3D3D3	6
1637	#FFFFFF	#D3D3D3	8
1638	#FFFFFF	#D3D3D3	8
1639	#FFFFFF	#D3D3D3	8
1640	#FFFFFF	#D3D3D3	8
1641	#FFFFFF	#D3D3D3	8
1642	#FFFFFF	#D3D3D3	8
1643	#FFFFFF	#D3D3D3	8
1644	#FFFFFF	#D3D3D3	8
1645	#FFFFFF	#D3D3D3	8
1646	#FFFFFF	#D3D3D3	6
1647	#FFFFFF	#D3D3D3	6
1648	#FFFFFF	#D3D3D3	6
1649	#FFFFFF	#D3D3D3	6
1650	#FFFFFF	#D3D3D3	6
1651	#FFFFFF	#D3D3D3	6
1652	#FFFFFF	#D3D3D3	6
1653	#FFFFFF	#D3D3D3	6
1654	#FFFFFF	#D3D3D3	6
1655	#FFFFFF	#D3D3D3	6
1656	#FFFFFF	#D3D3D3	6
1657	#FFFFFF	#D3D3D3	6
1658	#FFFFFF	#D3D3D3	6
1659	#FFFFFF	#D3D3D3	8
1660	#FFFFFF	#D3D3D3	8
1661	#FFFFFF	#D3D3D3	8
1662	#FFFFFF	#D3D3D3	6
1663	#FFFFFF	#D3D3D3	6
1664	#FFFFFF	#D3D3D3	8
1665	#FFFFFF	#D3D3D3	8
1666	#FFFFFF	#D3D3D3	5
1667	#FFFFFF	#D3D3D3	5
1668	#FFFFFF	#D3D3D3	5
1669	#FFFFFF	#D3D3D3	5
1670	#FFFFFF	#D3D3D3	8
1671	#FFFFFF	#D3D3D3	8
1672	#FFFFFF	#D3D3D3	8
1673	#FFFFFF	#D3D3D3	8
1674	#FFFFFF	#D3D3D3	6
1675	#FFFFFF	#D3D3D3	8
1677	#FFFFFF	#D3D3D3	8
1678	#FFFFFF	#D3D3D3	8
1679	#FFFFFF	#D3D3D3	8
1680	#FFFFFF	#D3D3D3	8
1681	#FFFFFF	#D3D3D3	8
1682	#FFFFFF	#D3D3D3	8
1683	#FFFFFF	#D3D3D3	8
1684	#FFFFFF	#D3D3D3	8
1685	#FFFFFF	#D3D3D3	6
1686	#FFFFFF	#D3D3D3	8
1687	#FFFFFF	#D3D3D3	8
1688	#FFFFFF	#D3D3D3	8
1689	#FFFFFF	#D3D3D3	8
1690	#FFFFFF	#D3D3D3	8
1691	#FFFFFF	#D3D3D3	8
1692	#FFFFFF	#D3D3D3	8
1693	#FFFFFF	#D3D3D3	8
1694	#FFFFFF	#D3D3D3	8
1695	#FFFFFF	#D3D3D3	8
1696	#FFFFFF	#D3D3D3	6
1697	#FFFFFF	#D3D3D3	6
1698	#FFFFFF	#D3D3D3	6
1699	#FFFFFF	#D3D3D3	6
1700	#FFFFFF	#D3D3D3	6
1702	#FFFFFF	#D3D3D3	6
1703	#FFFFFF	#D3D3D3	6
1704	#FFFFFF	#D3D3D3	6
1705	#FFFFFF	#D3D3D3	6
1706	#FFFFFF	#D3D3D3	6
1707	#FFFFFF	#D3D3D3	6
1708	#FFFFFF	#D3D3D3	6
1709	#FFFFFF	#D3D3D3	8
1710	#FFFFFF	#D3D3D3	8
1711	#FFFFFF	#D3D3D3	8
1712	#FFFFFF	#D3D3D3	8
1713	#FFFFFF	#D3D3D3	6
1714	#FFFFFF	#D3D3D3	6
1715	#FFFFFF	#D3D3D3	8
1716	#FFFFFF	#D3D3D3	8
1717	#FFFFFF	#D3D3D3	5
1718	#FFFFFF	#D3D3D3	5
1719	#FFFFFF	#D3D3D3	5
1720	#FFFFFF	#D3D3D3	5
1721	#FFFFFF	#D3D3D3	8
1722	#FFFFFF	#D3D3D3	8
1723	#FFFFFF	#D3D3D3	8
1724	#FFFFFF	#D3D3D3	8
1725	#FFFFFF	#D3D3D3	6
1727	#FFFFFF	#D3D3D3	8
1728	#FFFFFF	#D3D3D3	8
1729	#FFFFFF	#D3D3D3	8
1730	#FFFFFF	#D3D3D3	8
1731	#FFFFFF	#D3D3D3	8
1732	#FFFFFF	#D3D3D3	8
1733	#FFFFFF	#D3D3D3	8
1734	#FFFFFF	#D3D3D3	8
1735	#FFFFFF	#D3D3D3	8
1736	#FFFFFF	#D3D3D3	6
1737	#FFFFFF	#D3D3D3	8
1738	#FFFFFF	#D3D3D3	8
1739	#FFFFFF	#D3D3D3	8
1740	#FFFFFF	#D3D3D3	8
1741	#FFFFFF	#D3D3D3	8
1742	#FFFFFF	#D3D3D3	8
1743	#FFFFFF	#D3D3D3	8
1744	#FFFFFF	#D3D3D3	8
1745	#FFFFFF	#D3D3D3	8
1746	#FFFFFF	#D3D3D3	6
1747	#FFFFFF	#D3D3D3	6
1748	#FFFFFF	#D3D3D3	6
1749	#FFFFFF	#D3D3D3	6
1750	#FFFFFF	#D3D3D3	6
1751	#FFFFFF	#D3D3D3	6
1752	#FFFFFF	#D3D3D3	6
1753	#FFFFFF	#D3D3D3	6
1754	#FFFFFF	#D3D3D3	6
1755	#FFFFFF	#D3D3D3	6
1756	#FFFFFF	#D3D3D3	6
1757	#FFFFFF	#D3D3D3	6
1758	#FFFFFF	#D3D3D3	6
1759	#FFFFFF	#D3D3D3	8
1760	#FFFFFF	#D3D3D3	8
1761	#FFFFFF	#D3D3D3	8
1762	#FFFFFF	#D3D3D3	6
1763	#FFFFFF	#D3D3D3	6
1764	#FFFFFF	#D3D3D3	8
1765	#FFFFFF	#D3D3D3	8
1766	#FFFFFF	#D3D3D3	8
1767	#FFFFFF	#D3D3D3	8
1768	#FFFFFF	#D3D3D3	5
1769	#FFFFFF	#D3D3D3	5
1770	#FFFFFF	#D3D3D3	5
1771	#FFFFFF	#D3D3D3	8
1772	#FFFFFF	#D3D3D3	8
1773	#FFFFFF	#D3D3D3	5
1774	#FFFFFF	#D3D3D3	6
1775	#FFFFFF	#D3D3D3	70
1776	#FFFFFF	#D3D3D3	8
1777	#FFFFFF	#D3D3D3	8
1778	#FFFFFF	#D3D3D3	8
1779	#FFFFFF	#D3D3D3	8
1780	#FFFFFF	#D3D3D3	8
1781	#FFFFFF	#D3D3D3	8
1782	#FFFFFF	#D3D3D3	8
1783	#FFFFFF	#D3D3D3	8
1784	#FFFFFF	#D3D3D3	8
1785	#FFFFFF	#D3D3D3	6
1786	#FFFFFF	#D3D3D3	8
1787	#FFFFFF	#D3D3D3	8
1788	#FFFFFF	#D3D3D3	8
1789	#FFFFFF	#D3D3D3	8
1790	#FFFFFF	#D3D3D3	8
1791	#FFFFFF	#D3D3D3	8
1792	#FFFFFF	#D3D3D3	8
1793	#FFFFFF	#D3D3D3	8
1794	#FFFFFF	#D3D3D3	8
1795	#FFFFFF	#D3D3D3	8
1796	#FFFFFF	#D3D3D3	6
1797	#FFFFFF	#D3D3D3	6
1798	#FFFFFF	#D3D3D3	6
1799	#FFFFFF	#D3D3D3	6
1800	#FFFFFF	#D3D3D3	6
1802	#FFFFFF	#D3D3D3	6
1803	#FFFFFF	#D3D3D3	6
1804	#FFFFFF	#D3D3D3	6
1805	#FFFFFF	#D3D3D3	6
1806	#FFFFFF	#D3D3D3	6
1807	#FFFFFF	#D3D3D3	6
1808	#FFFFFF	#D3D3D3	6
1809	#FFFFFF	#D3D3D3	6
1810	#FFFFFF	#D3D3D3	8
1811	#FFFFFF	#D3D3D3	8
1812	#FFFFFF	#D3D3D3	6
1813	#FFFFFF	#D3D3D3	8
1814	#FFFFFF	#D3D3D3	6
1815	#FFFFFF	#D3D3D3	8
1816	#FFFFFF	#D3D3D3	8
1817	#FFFFFF	#D3D3D3	8
1818	#FFFFFF	#D3D3D3	5
1819	#FFFFFF	#D3D3D3	5
1820	#FFFFFF	#D3D3D3	5
1821	#FFFFFF	#D3D3D3	5
1822	#FFFFFF	#D3D3D3	8
1823	#FFFFFF	#D3D3D3	5
1825	#FFFFFF	#D3D3D3	6
1826	#FFFFFF	#D3D3D3	8
1827	#FFFFFF	#D3D3D3	8
1828	#FFFFFF	#D3D3D3	8
1829	#FFFFFF	#D3D3D3	8
1830	#FFFFFF	#D3D3D3	8
1831	#FFFFFF	#D3D3D3	8
1832	#FFFFFF	#D3D3D3	8
1833	#FFFFFF	#D3D3D3	8
1834	#FFFFFF	#D3D3D3	8
1835	#FFFFFF	#D3D3D3	8
1836	#FFFFFF	#D3D3D3	6
1837	#FFFFFF	#D3D3D3	8
1838	#FFFFFF	#D3D3D3	8
1839	#FFFFFF	#D3D3D3	8
1840	#FFFFFF	#D3D3D3	8
1841	#FFFFFF	#D3D3D3	8
1842	#FFFFFF	#D3D3D3	8
1843	#FFFFFF	#D3D3D3	8
1844	#FFFFFF	#D3D3D3	8
1845	#FFFFFF	#D3D3D3	8
1846	#FFFFFF	#D3D3D3	6
1847	#FFFFFF	#D3D3D3	6
1848	#FFFFFF	#D3D3D3	6
1849	#FFFFFF	#D3D3D3	6
1850	#FFFFFF	#D3D3D3	6
1851	#FFFFFF	#D3D3D3	6
1852	#FFFFFF	#D3D3D3	6
1853	#FFFFFF	#D3D3D3	6
1854	#FFFFFF	#D3D3D3	6
1855	#FFFFFF	#D3D3D3	6
1856	#FFFFFF	#D3D3D3	6
1857	#FFFFFF	#D3D3D3	6
1858	#FFFFFF	#D3D3D3	6
1859	#FFFFFF	#D3D3D3	6
1860	#FFFFFF	#D3D3D3	6
1861	#FFFFFF	#D3D3D3	6
1862	#FFFFFF	#D3D3D3	8
1863	#FFFFFF	#D3D3D3	6
1864	#FFFFFF	#D3D3D3	8
1865	#FFFFFF	#D3D3D3	8
1866	#FFFFFF	#D3D3D3	8
1867	#FFFFFF	#D3D3D3	5
1868	#FFFFFF	#D3D3D3	5
1869	#FFFFFF	#D3D3D3	5
1870	#FFFFFF	#D3D3D3	5
1871	#FFFFFF	#D3D3D3	8
1872	#FFFFFF	#D3D3D3	8
1874	#FFFFFF	#D3D3D3	6
1875	#FFFFFF	#D3D3D3	8
1876	#FFFFFF	#D3D3D3	8
1877	#FFFFFF	#D3D3D3	8
1878	#FFFFFF	#D3D3D3	8
1879	#FFFFFF	#D3D3D3	8
1880	#FFFFFF	#D3D3D3	8
1881	#FFFFFF	#D3D3D3	8
1882	#FFFFFF	#D3D3D3	8
1883	#FFFFFF	#D3D3D3	8
1884	#FFFFFF	#D3D3D3	8
1885	#FFFFFF	#D3D3D3	6
1886	#FFFFFF	#D3D3D3	8
1887	#FFFFFF	#D3D3D3	8
1888	#FFFFFF	#D3D3D3	8
1889	#FFFFFF	#D3D3D3	8
1890	#FFFFFF	#D3D3D3	8
1891	#FFFFFF	#D3D3D3	8
1892	#FFFFFF	#D3D3D3	8
1893	#FFFFFF	#D3D3D3	8
1894	#FFFFFF	#D3D3D3	8
1895	#FFFFFF	#D3D3D3	8
1896	#FFFFFF	#D3D3D3	6
1897	#FFFFFF	#D3D3D3	6
1898	#FFFFFF	#D3D3D3	6
1899	#FFFFFF	#D3D3D3	6
1900	#FFFFFF	#D3D3D3	6
1902	#FFFFFF	#D3D3D3	6
1903	#FFFFFF	#D3D3D3	6
1904	#FFFFFF	#D3D3D3	6
1905	#FFFFFF	#D3D3D3	6
1906	#FFFFFF	#D3D3D3	6
1907	#FFFFFF	#D3D3D3	6
1908	#FFFFFF	#D3D3D3	6
1909	#FFFFFF	#D3D3D3	6
1910	#FFFFFF	#D3D3D3	6
1911	#FFFFFF	#D3D3D3	6
1912	#FFFFFF	#D3D3D3	8
1913	#FFFFFF	#D3D3D3	8
1914	#FFFFFF	#D3D3D3	6
1915	#FFFFFF	#D3D3D3	8
1916	#FFFFFF	#D3D3D3	8
1917	#FFFFFF	#D3D3D3	8
1918	#FFFFFF	#D3D3D3	5
1919	#FFFFFF	#D3D3D3	5
1920	#FFFFFF	#D3D3D3	5
1921	#FFFFFF	#D3D3D3	5
1922	#FFFFFF	#D3D3D3	5
1924	#FFFFFF	#D3D3D3	5
1925	#FFFFFF	#D3D3D3	6
1926	#FFFFFF	#D3D3D3	8
1927	#FFFFFF	#D3D3D3	8
1928	#FFFFFF	#D3D3D3	8
1929	#FFFFFF	#D3D3D3	8
1930	#FFFFFF	#D3D3D3	8
1931	#FFFFFF	#D3D3D3	8
1932	#FFFFFF	#D3D3D3	8
1933	#FFFFFF	#D3D3D3	8
1934	#FFFFFF	#D3D3D3	8
1935	#FFFFFF	#D3D3D3	8
1936	#FFFFFF	#D3D3D3	6
1937	#FFFFFF	#D3D3D3	8
1938	#FFFFFF	#D3D3D3	8
1939	#FFFFFF	#D3D3D3	8
1940	#FFFFFF	#D3D3D3	8
1941	#FFFFFF	#D3D3D3	8
1942	#FFFFFF	#D3D3D3	8
1943	#FFFFFF	#D3D3D3	8
1944	#FFFFFF	#D3D3D3	8
1945	#FFFFFF	#D3D3D3	8
1946	#FFFFFF	#D3D3D3	6
1947	#FFFFFF	#D3D3D3	6
1948	#FFFFFF	#D3D3D3	6
1949	#FFFFFF	#D3D3D3	6
1950	#FFFFFF	#D3D3D3	6
1951	#FFFFFF	#D3D3D3	6
1952	#FFFFFF	#D3D3D3	6
1953	#FFFFFF	#D3D3D3	6
1954	#FFFFFF	#D3D3D3	6
1955	#FFFFFF	#D3D3D3	6
1956	#FFFFFF	#D3D3D3	6
1957	#FFFFFF	#D3D3D3	6
1958	#FFFFFF	#D3D3D3	6
1959	#FFFFFF	#D3D3D3	6
1960	#FFFFFF	#D3D3D3	6
1961	#FFFFFF	#D3D3D3	6
1962	#FFFFFF	#D3D3D3	8
1963	#FFFFFF	#D3D3D3	6
1964	#FFFFFF	#D3D3D3	8
1965	#FFFFFF	#D3D3D3	8
1966	#FFFFFF	#D3D3D3	5
1967	#FFFFFF	#D3D3D3	5
1968	#FFFFFF	#D3D3D3	5
1969	#FFFFFF	#D3D3D3	5
1970	#FFFFFF	#D3D3D3	5
1971	#FFFFFF	#D3D3D3	5
1973	#FFFFFF	#D3D3D3	5
1974	#FFFFFF	#D3D3D3	6
1975	#FFFFFF	#D3D3D3	8
1976	#FFFFFF	#D3D3D3	8
1977	#FFFFFF	#D3D3D3	8
1978	#FFFFFF	#D3D3D3	8
1979	#FFFFFF	#D3D3D3	8
1980	#FFFFFF	#D3D3D3	8
1981	#FFFFFF	#D3D3D3	8
1982	#FFFFFF	#D3D3D3	8
1983	#FFFFFF	#D3D3D3	8
1984	#FFFFFF	#D3D3D3	8
1985	#FFFFFF	#D3D3D3	6
1986	#FFFFFF	#D3D3D3	8
1987	#FFFFFF	#D3D3D3	8
1988	#FFFFFF	#D3D3D3	8
1989	#FFFFFF	#D3D3D3	8
1990	#FFFFFF	#D3D3D3	8
1991	#FFFFFF	#D3D3D3	8
1992	#FFFFFF	#D3D3D3	8
1993	#FFFFFF	#D3D3D3	8
1994	#FFFFFF	#D3D3D3	8
1995	#FFFFFF	#D3D3D3	8
1996	#FFFFFF	#D3D3D3	6
1997	#FFFFFF	#D3D3D3	6
1998	#FFFFFF	#D3D3D3	6
1999	#FFFFFF	#D3D3D3	6
2000	#FFFFFF	#D3D3D3	6
2002	#FFFFFF	#D3D3D3	6
2003	#FFFFFF	#D3D3D3	6
2004	#FFFFFF	#D3D3D3	6
2005	#FFFFFF	#D3D3D3	6
2006	#FFFFFF	#D3D3D3	6
2007	#FFFFFF	#D3D3D3	8
2008	#FFFFFF	#D3D3D3	6
2009	#FFFFFF	#D3D3D3	6
2010	#FFFFFF	#D3D3D3	6
2011	#FFFFFF	#D3D3D3	6
2012	#FFFFFF	#D3D3D3	8
2013	#FFFFFF	#D3D3D3	8
2014	#FFFFFF	#D3D3D3	6
2015	#FFFFFF	#D3D3D3	8
2016	#FFFFFF	#D3D3D3	8
2017	#FFFFFF	#D3D3D3	5
2018	#FFFFFF	#D3D3D3	5
2019	#FFFFFF	#D3D3D3	5
2020	#FFFFFF	#D3D3D3	5
2021	#FFFFFF	#D3D3D3	5
2022	#FFFFFF	#D3D3D3	76
2023	#FFFFFF	#D3D3D3	5
2024	#FFFFFF	#D3D3D3	8
2025	#FFFFFF	#D3D3D3	6
2026	#FFFFFF	#D3D3D3	8
2027	#FFFFFF	#D3D3D3	8
2028	#FFFFFF	#D3D3D3	8
2029	#FFFFFF	#D3D3D3	8
2030	#FFFFFF	#D3D3D3	5
2031	#FFFFFF	#D3D3D3	8
2032	#FFFFFF	#D3D3D3	8
2033	#FFFFFF	#D3D3D3	8
2034	#FFFFFF	#D3D3D3	8
2035	#FFFFFF	#D3D3D3	8
2036	#FFFFFF	#D3D3D3	6
2037	#FFFFFF	#D3D3D3	8
2038	#FFFFFF	#D3D3D3	8
2039	#FFFFFF	#D3D3D3	8
2040	#FFFFFF	#D3D3D3	8
2041	#FFFFFF	#D3D3D3	8
2042	#FFFFFF	#D3D3D3	8
2043	#FFFFFF	#D3D3D3	8
2044	#FFFFFF	#D3D3D3	8
2045	#FFFFFF	#D3D3D3	8
2046	#FFFFFF	#D3D3D3	6
2047	#FFFFFF	#D3D3D3	6
2048	#FFFFFF	#D3D3D3	6
2049	#FFFFFF	#D3D3D3	6
2050	#FFFFFF	#D3D3D3	6
2051	#FFFFFF	#D3D3D3	6
2052	#FFFFFF	#D3D3D3	6
2053	#FFFFFF	#D3D3D3	6
2054	#FFFFFF	#D3D3D3	6
2055	#FFFFFF	#D3D3D3	6
2056	#FFFFFF	#D3D3D3	6
2057	#FFFFFF	#D3D3D3	8
2058	#FFFFFF	#D3D3D3	6
2059	#FFFFFF	#D3D3D3	8
2060	#FFFFFF	#D3D3D3	6
2061	#FFFFFF	#D3D3D3	6
2062	#FFFFFF	#D3D3D3	6
2063	#FFFFFF	#D3D3D3	6
2064	#FFFFFF	#D3D3D3	6
2065	#FFFFFF	#D3D3D3	8
2066	#FFFFFF	#D3D3D3	8
2067	#FFFFFF	#D3D3D3	5
2068	#FFFFFF	#D3D3D3	5
2069	#FFFFFF	#D3D3D3	5
2070	#FFFFFF	#D3D3D3	5
2072	#FFFFFF	#D3D3D3	5
2073	#FFFFFF	#D3D3D3	5
2074	#FFFFFF	#D3D3D3	6
2075	#FFFFFF	#D3D3D3	5
2076	#FFFFFF	#D3D3D3	5
2077	#FFFFFF	#D3D3D3	8
2078	#FFFFFF	#D3D3D3	8
2079	#FFFFFF	#D3D3D3	5
2080	#FFFFFF	#D3D3D3	5
2081	#FFFFFF	#D3D3D3	5
2082	#FFFFFF	#D3D3D3	8
2083	#FFFFFF	#D3D3D3	8
2084	#FFFFFF	#D3D3D3	8
2085	#FFFFFF	#D3D3D3	6
2086	#FFFFFF	#D3D3D3	8
2087	#FFFFFF	#D3D3D3	8
2088	#FFFFFF	#D3D3D3	8
2089	#FFFFFF	#D3D3D3	8
2090	#FFFFFF	#D3D3D3	8
2091	#FFFFFF	#D3D3D3	8
2092	#FFFFFF	#D3D3D3	8
2093	#FFFFFF	#D3D3D3	8
2094	#FFFFFF	#D3D3D3	8
2095	#FFFFFF	#D3D3D3	8
2096	#FFFFFF	#D3D3D3	6
2097	#FFFFFF	#D3D3D3	6
2098	#FFFFFF	#D3D3D3	6
2099	#FFFFFF	#D3D3D3	6
2100	#FFFFFF	#D3D3D3	6
2102	#FFFFFF	#D3D3D3	6
2103	#FFFFFF	#D3D3D3	6
2104	#FFFFFF	#D3D3D3	6
2105	#FFFFFF	#D3D3D3	6
2106	#FFFFFF	#D3D3D3	6
2107	#FFFFFF	#D3D3D3	6
2108	#FFFFFF	#D3D3D3	8
2109	#FFFFFF	#D3D3D3	8
2110	#FFFFFF	#D3D3D3	6
2111	#FFFFFF	#D3D3D3	6
2112	#FFFFFF	#D3D3D3	6
2113	#FFFFFF	#D3D3D3	6
2114	#FFFFFF	#D3D3D3	6
2115	#FFFFFF	#D3D3D3	8
2116	#FFFFFF	#D3D3D3	8
2117	#FFFFFF	#D3D3D3	8
2118	#FFFFFF	#D3D3D3	5
2119	#FFFFFF	#D3D3D3	5
2120	#FFFFFF	#D3D3D3	5
2122	#FFFFFF	#D3D3D3	5
2123	#FFFFFF	#D3D3D3	5
2124	#FFFFFF	#D3D3D3	5
2125	#FFFFFF	#D3D3D3	6
2126	#FFFFFF	#D3D3D3	5
2127	#FFFFFF	#D3D3D3	8
2128	#FFFFFF	#D3D3D3	8
2129	#FFFFFF	#D3D3D3	8
2130	#FFFFFF	#D3D3D3	8
2131	#FFFFFF	#D3D3D3	5
2132	#FFFFFF	#D3D3D3	8
2133	#FFFFFF	#D3D3D3	8
2134	#FFFFFF	#D3D3D3	8
2135	#FFFFFF	#D3D3D3	8
2136	#FFFFFF	#D3D3D3	6
2137	#FFFFFF	#D3D3D3	8
2138	#FFFFFF	#D3D3D3	8
2139	#FFFFFF	#D3D3D3	8
2140	#FFFFFF	#D3D3D3	8
2141	#FFFFFF	#D3D3D3	8
2142	#FFFFFF	#D3D3D3	8
2143	#FFFFFF	#D3D3D3	8
2144	#FFFFFF	#D3D3D3	8
2145	#FFFFFF	#D3D3D3	8
2146	#FFFFFF	#D3D3D3	6
2147	#FFFFFF	#D3D3D3	6
2148	#FFFFFF	#D3D3D3	6
2149	#FFFFFF	#D3D3D3	6
2150	#FFFFFF	#D3D3D3	6
2151	#FFFFFF	#D3D3D3	6
2152	#FFFFFF	#D3D3D3	6
2153	#FFFFFF	#D3D3D3	6
2154	#FFFFFF	#D3D3D3	6
2155	#FFFFFF	#D3D3D3	6
2156	#FFFFFF	#D3D3D3	6
2157	#FFFFFF	#D3D3D3	8
2158	#FFFFFF	#D3D3D3	8
2159	#FFFFFF	#D3D3D3	8
2160	#FFFFFF	#D3D3D3	8
2161	#FFFFFF	#D3D3D3	6
2162	#FFFFFF	#D3D3D3	6
2163	#FFFFFF	#D3D3D3	6
2164	#FFFFFF	#D3D3D3	8
2165	#FFFFFF	#D3D3D3	8
2166	#FFFFFF	#D3D3D3	8
2167	#FFFFFF	#D3D3D3	5
2168	#FFFFFF	#D3D3D3	5
2169	#FFFFFF	#D3D3D3	5
2171	#FFFFFF	#D3D3D3	5
2172	#FFFFFF	#D3D3D3	5
2173	#FFFFFF	#D3D3D3	5
2174	#FFFFFF	#D3D3D3	6
2175	#FFFFFF	#D3D3D3	5
2176	#FFFFFF	#D3D3D3	8
2177	#FFFFFF	#D3D3D3	8
2178	#FFFFFF	#D3D3D3	8
2179	#FFFFFF	#D3D3D3	8
2180	#FFFFFF	#D3D3D3	8
2181	#FFFFFF	#D3D3D3	5
2182	#FFFFFF	#D3D3D3	5
2183	#FFFFFF	#D3D3D3	8
2184	#FFFFFF	#D3D3D3	8
2185	#FFFFFF	#D3D3D3	6
2186	#FFFFFF	#D3D3D3	8
2187	#FFFFFF	#D3D3D3	8
2188	#FFFFFF	#D3D3D3	8
2189	#FFFFFF	#D3D3D3	8
2190	#FFFFFF	#D3D3D3	8
2191	#FFFFFF	#D3D3D3	8
2192	#FFFFFF	#D3D3D3	8
2193	#FFFFFF	#D3D3D3	8
2194	#FFFFFF	#D3D3D3	8
2195	#FFFFFF	#D3D3D3	8
2196	#FFFFFF	#D3D3D3	6
2197	#FFFFFF	#D3D3D3	6
2198	#FFFFFF	#D3D3D3	6
2199	#FFFFFF	#D3D3D3	6
2200	#FFFFFF	#D3D3D3	6
2202	#FFFFFF	#D3D3D3	6
2203	#FFFFFF	#D3D3D3	6
2204	#FFFFFF	#D3D3D3	6
2205	#FFFFFF	#D3D3D3	6
2206	#FFFFFF	#D3D3D3	6
2207	#FFFFFF	#D3D3D3	8
2208	#FFFFFF	#D3D3D3	8
2209	#FFFFFF	#D3D3D3	8
2210	#FFFFFF	#D3D3D3	8
2211	#FFFFFF	#D3D3D3	6
2212	#FFFFFF	#D3D3D3	6
2213	#FFFFFF	#D3D3D3	6
2214	#FFFFFF	#D3D3D3	6
2215	#FFFFFF	#D3D3D3	8
2216	#FFFFFF	#D3D3D3	8
2217	#FFFFFF	#D3D3D3	8
2218	#FFFFFF	#D3D3D3	5
2219	#FFFFFF	#D3D3D3	5
2221	#FFFFFF	#D3D3D3	5
2222	#FFFFFF	#D3D3D3	5
2223	#FFFFFF	#D3D3D3	5
2224	#FFFFFF	#D3D3D3	8
2225	#FFFFFF	#D3D3D3	6
2226	#FFFFFF	#D3D3D3	8
2227	#FFFFFF	#D3D3D3	8
2228	#FFFFFF	#D3D3D3	8
2229	#FFFFFF	#D3D3D3	8
2230	#FFFFFF	#D3D3D3	8
2231	#FFFFFF	#D3D3D3	5
2232	#FFFFFF	#D3D3D3	5
2233	#FFFFFF	#D3D3D3	5
2234	#FFFFFF	#D3D3D3	8
2235	#FFFFFF	#D3D3D3	8
2236	#FFFFFF	#D3D3D3	6
2237	#FFFFFF	#D3D3D3	8
2238	#FFFFFF	#D3D3D3	8
2239	#FFFFFF	#D3D3D3	8
2240	#FFFFFF	#D3D3D3	8
2241	#FFFFFF	#D3D3D3	8
2242	#FFFFFF	#D3D3D3	8
2243	#FFFFFF	#D3D3D3	8
2244	#FFFFFF	#D3D3D3	8
2245	#FFFFFF	#D3D3D3	8
2246	#FFFFFF	#D3D3D3	6
2247	#FFFFFF	#D3D3D3	6
2248	#FFFFFF	#D3D3D3	6
2249	#FFFFFF	#D3D3D3	6
2250	#FFFFFF	#D3D3D3	6
2251	#CD1076	#000000	21
2252	#CD1076	#000000	21
2253	#CD1076	#000000	27
2254	#CD1076	#000000	26
2255	#CD1076	#000000	27
2256	#CD1076	#000000	29
2257	#CD1076	#000000	29
2258	#CD1076	#000000	37
2259	#CD1076	#000000	37
2260	#FFFFFF	#D3D3D3	9
2261	#FFFFFF	#D3D3D3	9
2262	#FFFFFF	#D3D3D3	9
2263	#CD1076	#000000	21
2264	#FFFFFF	#D3D3D3	9
2265	#FFFFFF	#D3D3D3	9
2266	#FFFFFF	#D3D3D3	9
2267	#FFFFFF	#D3D3D3	9
2268	#FFFFFF	#D3D3D3	9
2269	#FFFFFF	#D3D3D3	9
2270	#FFFFFF	#D3D3D3	9
2271	#FFFFFF	#D3D3D3	9
2272	#FFFFFF	#D3D3D3	9
2273	#FFFFFF	#D3D3D3	9
2274	#CD1076	#000000	17
2275	#FFFFFF	#D3D3D3	9
2276	#FFFFFF	#D3D3D3	9
2277	#FFFFFF	#D3D3D3	9
2278	#FFFFFF	#D3D3D3	9
2279	#FFFFFF	#D3D3D3	9
2280	#FFFFFF	#D3D3D3	9
2281	#FFFFFF	#D3D3D3	9
2282	#FFFFFF	#D3D3D3	9
2283	#FFFFFF	#D3D3D3	9
2284	#FFFFFF	#D3D3D3	9
2285	#CD1076	#000000	37
2286	#FFFFFF	#D3D3D3	9
2287	#FFFFFF	#D3D3D3	9
2288	#FFFFFF	#D3D3D3	9
2289	#FFFFFF	#D3D3D3	9
2290	#FFFFFF	#D3D3D3	9
2291	#FFFFFF	#D3D3D3	9
2292	#FFFFFF	#D3D3D3	9
2293	#FFFFFF	#D3D3D3	9
2294	#FFFFFF	#D3D3D3	9
2296	#CD1076	#000000	37
2297	#CD1076	#000000	12
2298	#CD1076	#000000	37
2299	#CD1076	#000000	37
2300	#CD1076	#000000	26
2302	#CD1076	#000000	21
2303	#CD1076	#000000	21
2304	#CD1076	#000000	26
2305	#CD1076	#000000	27
2306	#CD1076	#000000	29
2307	#CD1076	#000000	29
2308	#CD1076	#000000	29
2309	#CD1076	#000000	29
2310	#FFFFFF	#D3D3D3	9
2311	#FFFFFF	#D3D3D3	9
2312	#FFFFFF	#D3D3D3	9
2313	#FFFFFF	#D3D3D3	9
2314	#CD1076	#000000	21
2315	#FFFFFF	#D3D3D3	8
2316	#FFFFFF	#D3D3D3	9
2317	#FFFFFF	#D3D3D3	9
2318	#FFFFFF	#D3D3D3	9
2319	#FFFFFF	#D3D3D3	9
2320	#FFFFFF	#D3D3D3	9
2321	#FFFFFF	#D3D3D3	9
2322	#FFFFFF	#D3D3D3	9
2323	#FFFFFF	#D3D3D3	9
2324	#FFFFFF	#D3D3D3	9
2325	#CD1076	#000000	17
2326	#FFFFFF	#D3D3D3	9
2327	#FFFFFF	#D3D3D3	9
2328	#FFFFFF	#D3D3D3	9
2329	#FFFFFF	#D3D3D3	9
2330	#FFFFFF	#D3D3D3	9
2331	#FFFFFF	#D3D3D3	9
2332	#FFFFFF	#D3D3D3	9
2333	#FFFFFF	#D3D3D3	9
2334	#FFFFFF	#D3D3D3	9
2335	#FFFFFF	#D3D3D3	9
2336	#CD1076	#000000	37
2337	#FFFFFF	#D3D3D3	9
2338	#FFFFFF	#D3D3D3	9
2339	#FFFFFF	#D3D3D3	9
2340	#FFFFFF	#D3D3D3	9
2341	#FFFFFF	#D3D3D3	9
2342	#FFFFFF	#D3D3D3	9
2343	#FFFFFF	#D3D3D3	9
2344	#FFFFFF	#D3D3D3	9
2345	#FFFFFF	#D3D3D3	9
2346	#CD1076	#000000	37
2347	#CD1076	#000000	37
2348	#CD1076	#000000	37
2349	#CD1076	#000000	29
2350	#CD1076	#000000	26
2351	#FFFFFF	#D3D3D3	6
2352	#FFFFFF	#D3D3D3	6
2353	#FFFFFF	#D3D3D3	6
2354	#FFFFFF	#D3D3D3	6
2355	#FFFFFF	#D3D3D3	6
2356	#FFFFFF	#D3D3D3	6
2357	#FFFFFF	#D3D3D3	6
2358	#FFFFFF	#D3D3D3	8
2359	#FFFFFF	#D3D3D3	8
2360	#FFFFFF	#D3D3D3	8
2361	#FFFFFF	#D3D3D3	8
2362	#FFFFFF	#D3D3D3	6
2363	#FFFFFF	#D3D3D3	6
2364	#FFFFFF	#D3D3D3	8
2365	#FFFFFF	#D3D3D3	8
2366	#FFFFFF	#D3D3D3	8
2367	#FFFFFF	#D3D3D3	8
2368	#FFFFFF	#D3D3D3	5
2370	#FFFFFF	#D3D3D3	5
2371	#FFFFFF	#D3D3D3	5
2372	#FFFFFF	#D3D3D3	5
2373	#FFFFFF	#D3D3D3	5
2374	#FFFFFF	#D3D3D3	6
2375	#FFFFFF	#D3D3D3	8
2376	#FFFFFF	#D3D3D3	8
2377	#FFFFFF	#D3D3D3	8
2378	#FFFFFF	#D3D3D3	8
2379	#FFFFFF	#D3D3D3	8
2380	#FFFFFF	#D3D3D3	8
2381	#FFFFFF	#D3D3D3	5
2382	#FFFFFF	#D3D3D3	5
2383	#FFFFFF	#D3D3D3	8
2384	#FFFFFF	#D3D3D3	8
2385	#FFFFFF	#D3D3D3	6
2386	#FFFFFF	#D3D3D3	8
2387	#FFFFFF	#D3D3D3	8
2388	#FFFFFF	#D3D3D3	8
2389	#FFFFFF	#D3D3D3	8
2390	#FFFFFF	#D3D3D3	8
2391	#FFFFFF	#D3D3D3	8
2392	#FFFFFF	#D3D3D3	8
2393	#FFFFFF	#D3D3D3	8
2394	#FFFFFF	#D3D3D3	8
2395	#FFFFFF	#D3D3D3	8
2396	#FFFFFF	#D3D3D3	6
2397	#FFFFFF	#D3D3D3	6
2398	#FFFFFF	#D3D3D3	6
2399	#FFFFFF	#D3D3D3	6
2400	#FFFFFF	#D3D3D3	6
2402	#FFFFFF	#D3D3D3	6
2403	#FFFFFF	#D3D3D3	6
2404	#FFFFFF	#D3D3D3	6
2405	#FFFFFF	#D3D3D3	6
2406	#FFFFFF	#D3D3D3	6
2407	#FFFFFF	#D3D3D3	6
2408	#FFFFFF	#D3D3D3	8
2409	#FFFFFF	#D3D3D3	8
2410	#FFFFFF	#D3D3D3	8
2411	#FFFFFF	#D3D3D3	8
2412	#FFFFFF	#D3D3D3	6
2413	#FFFFFF	#D3D3D3	8
2414	#FFFFFF	#D3D3D3	6
2415	#FFFFFF	#D3D3D3	8
2416	#FFFFFF	#D3D3D3	8
2417	#FFFFFF	#D3D3D3	64
2418	#FFFFFF	#D3D3D3	64
2420	#FFFFFF	#D3D3D3	5
2421	#FFFFFF	#D3D3D3	5
2422	#FFFFFF	#D3D3D3	5
2423	#FFFFFF	#D3D3D3	5
2424	#FFFFFF	#D3D3D3	5
2425	#FFFFFF	#D3D3D3	6
2426	#FFFFFF	#D3D3D3	8
2427	#FFFFFF	#D3D3D3	8
2428	#FFFFFF	#D3D3D3	8
2429	#FFFFFF	#D3D3D3	8
2430	#FFFFFF	#D3D3D3	8
2431	#FFFFFF	#D3D3D3	5
2432	#FFFFFF	#D3D3D3	5
2433	#FFFFFF	#D3D3D3	5
2434	#FFFFFF	#D3D3D3	5
2435	#FFFFFF	#D3D3D3	8
2436	#FFFFFF	#D3D3D3	6
2437	#FFFFFF	#D3D3D3	5
2438	#FFFFFF	#D3D3D3	5
2439	#FFFFFF	#D3D3D3	5
2440	#FFFFFF	#D3D3D3	8
2441	#FFFFFF	#D3D3D3	8
2442	#FFFFFF	#D3D3D3	8
2443	#FFFFFF	#D3D3D3	8
2444	#FFFFFF	#D3D3D3	8
2445	#FFFFFF	#D3D3D3	8
2446	#FFFFFF	#D3D3D3	6
2447	#FFFFFF	#D3D3D3	6
2448	#FFFFFF	#D3D3D3	6
2449	#FFFFFF	#D3D3D3	6
2450	#FFFFFF	#D3D3D3	6
2451	#FFFFFF	#D3D3D3	6
2452	#FFFFFF	#D3D3D3	6
2453	#FFFFFF	#D3D3D3	6
2454	#FFFFFF	#D3D3D3	6
2455	#FFFFFF	#D3D3D3	6
2456	#FFFFFF	#D3D3D3	6
2457	#FFFFFF	#D3D3D3	6
2458	#FFFFFF	#D3D3D3	8
2459	#FFFFFF	#D3D3D3	8
2460	#FFFFFF	#D3D3D3	8
2461	#FFFFFF	#D3D3D3	8
2462	#FFFFFF	#D3D3D3	8
2463	#FFFFFF	#D3D3D3	6
2464	#FFFFFF	#D3D3D3	8
2465	#FFFFFF	#D3D3D3	8
2466	#FFFFFF	#D3D3D3	64
2467	#FFFFFF	#D3D3D3	64
2469	#FFFFFF	#D3D3D3	5
2470	#FFFFFF	#D3D3D3	5
2471	#FFFFFF	#D3D3D3	5
2472	#FFFFFF	#D3D3D3	5
2473	#FFFFFF	#D3D3D3	5
2474	#FFFFFF	#D3D3D3	6
2475	#FFFFFF	#D3D3D3	8
2476	#FFFFFF	#D3D3D3	8
2477	#FFFFFF	#D3D3D3	8
2478	#FFFFFF	#D3D3D3	8
2479	#FFFFFF	#D3D3D3	8
2480	#FFFFFF	#D3D3D3	8
2481	#FFFFFF	#D3D3D3	5
2482	#FFFFFF	#D3D3D3	5
2483	#FFFFFF	#D3D3D3	5
2484	#FFFFFF	#D3D3D3	8
2485	#FFFFFF	#D3D3D3	6
2486	#FFFFFF	#D3D3D3	5
2487	#FFFFFF	#D3D3D3	5
2488	#FFFFFF	#D3D3D3	5
2489	#FFFFFF	#D3D3D3	5
2490	#FFFFFF	#D3D3D3	8
2491	#FFFFFF	#D3D3D3	8
2492	#FFFFFF	#D3D3D3	8
2493	#FFFFFF	#D3D3D3	8
2494	#FFFFFF	#D3D3D3	8
2495	#FFFFFF	#D3D3D3	8
2496	#FFFFFF	#D3D3D3	6
2497	#FFFFFF	#D3D3D3	6
2498	#FFFFFF	#D3D3D3	6
2499	#FFFFFF	#D3D3D3	6
2500	#FFFFFF	#D3D3D3	6
2502	#FFFFFF	#D3D3D3	6
2503	#FFFFFF	#D3D3D3	6
2504	#FFFFFF	#D3D3D3	6
2505	#FFFFFF	#D3D3D3	6
2506	#FFFFFF	#D3D3D3	6
2507	#FFFFFF	#D3D3D3	6
2508	#FFFFFF	#D3D3D3	8
2509	#FFFFFF	#D3D3D3	8
2510	#FFFFFF	#D3D3D3	8
2511	#FFFFFF	#D3D3D3	8
2512	#FFFFFF	#D3D3D3	8
2513	#FFFFFF	#D3D3D3	8
2514	#FFFFFF	#D3D3D3	6
2515	#FFFFFF	#D3D3D3	8
2516	#FFFFFF	#D3D3D3	5
2517	#FFFFFF	#D3D3D3	5
2519	#FFFFFF	#D3D3D3	5
2520	#FFFFFF	#D3D3D3	5
2521	#FFFFFF	#D3D3D3	5
2522	#FFFFFF	#D3D3D3	5
2523	#FFFFFF	#D3D3D3	8
2524	#FFFFFF	#D3D3D3	5
2525	#FFFFFF	#D3D3D3	6
2526	#FFFFFF	#D3D3D3	8
2527	#FFFFFF	#D3D3D3	8
2528	#FFFFFF	#D3D3D3	8
2529	#FFFFFF	#D3D3D3	8
2530	#FFFFFF	#D3D3D3	5
2531	#FFFFFF	#D3D3D3	5
2532	#FFFFFF	#D3D3D3	5
2533	#FFFFFF	#D3D3D3	5
2534	#FFFFFF	#D3D3D3	5
2535	#FFFFFF	#D3D3D3	5
2536	#FFFFFF	#D3D3D3	6
2537	#FFFFFF	#D3D3D3	5
2538	#FFFFFF	#D3D3D3	5
2539	#FFFFFF	#D3D3D3	5
2540	#FFFFFF	#D3D3D3	5
2541	#FFFFFF	#D3D3D3	8
2542	#FFFFFF	#D3D3D3	8
2543	#FFFFFF	#D3D3D3	8
2544	#FFFFFF	#D3D3D3	8
2545	#FFFFFF	#D3D3D3	8
2546	#FFFFFF	#D3D3D3	6
2547	#FFFFFF	#D3D3D3	6
2548	#FFFFFF	#D3D3D3	6
2549	#FFFFFF	#D3D3D3	6
2550	#FFFFFF	#D3D3D3	6
2551	#FFFFFF	#D3D3D3	6
2552	#FFFFFF	#D3D3D3	6
2553	#FFFFFF	#D3D3D3	6
2554	#FFFFFF	#D3D3D3	6
2555	#FFFFFF	#D3D3D3	6
2556	#FFFFFF	#D3D3D3	6
2557	#FFFFFF	#D3D3D3	6
2558	#FFFFFF	#D3D3D3	8
2559	#FFFFFF	#D3D3D3	8
2560	#FFFFFF	#D3D3D3	8
2561	#FFFFFF	#D3D3D3	8
2562	#FFFFFF	#D3D3D3	8
2563	#FFFFFF	#D3D3D3	6
2564	#FFFFFF	#D3D3D3	8
2565	#FFFFFF	#D3D3D3	5
2566	#FFFFFF	#D3D3D3	5
2568	#FFFFFF	#D3D3D3	64
2569	#FFFFFF	#D3D3D3	5
2570	#FFFFFF	#D3D3D3	5
2571	#FFFFFF	#D3D3D3	5
2572	#FFFFFF	#D3D3D3	5
2573	#FFFFFF	#D3D3D3	8
2574	#FFFFFF	#D3D3D3	6
2575	#FFFFFF	#D3D3D3	8
2576	#FFFFFF	#D3D3D3	8
2577	#FFFFFF	#D3D3D3	8
2578	#FFFFFF	#D3D3D3	8
2579	#FFFFFF	#D3D3D3	5
2580	#FFFFFF	#D3D3D3	5
2581	#FFFFFF	#D3D3D3	5
2582	#FFFFFF	#D3D3D3	5
2583	#FFFFFF	#D3D3D3	5
2584	#FFFFFF	#D3D3D3	5
2585	#FFFFFF	#D3D3D3	6
2586	#FFFFFF	#D3D3D3	8
2587	#FFFFFF	#D3D3D3	8
2588	#FFFFFF	#D3D3D3	5
2589	#FFFFFF	#D3D3D3	5
2590	#FFFFFF	#D3D3D3	5
2591	#FFFFFF	#D3D3D3	8
2592	#FFFFFF	#D3D3D3	8
2593	#FFFFFF	#D3D3D3	8
2594	#FFFFFF	#D3D3D3	8
2595	#FFFFFF	#D3D3D3	8
2596	#FFFFFF	#D3D3D3	6
2597	#FFFFFF	#D3D3D3	6
2598	#FFFFFF	#D3D3D3	6
2599	#FFFFFF	#D3D3D3	6
2600	#FFFFFF	#D3D3D3	6
2602	#FFFFFF	#D3D3D3	6
2603	#FFFFFF	#D3D3D3	6
2604	#FFFFFF	#D3D3D3	6
2605	#FFFFFF	#D3D3D3	6
2606	#FFFFFF	#D3D3D3	6
2607	#FFFFFF	#D3D3D3	6
2608	#FFFFFF	#D3D3D3	8
2609	#FFFFFF	#D3D3D3	8
2610	#FFFFFF	#D3D3D3	8
2611	#FFFFFF	#D3D3D3	8
2612	#FFFFFF	#D3D3D3	8
2613	#FFFFFF	#D3D3D3	8
2614	#FFFFFF	#D3D3D3	6
2615	#FFFFFF	#D3D3D3	8
2616	#FFFFFF	#D3D3D3	5
2617	#FFFFFF	#D3D3D3	76
2618	#FFFFFF	#D3D3D3	5
2619	#FFFFFF	#D3D3D3	5
2620	#FFFFFF	#D3D3D3	5
2621	#FFFFFF	#D3D3D3	5
2622	#FFFFFF	#D3D3D3	5
2623	#FFFFFF	#D3D3D3	5
2624	#FFFFFF	#D3D3D3	8
2625	#FFFFFF	#D3D3D3	6
2626	#FFFFFF	#D3D3D3	8
2627	#FFFFFF	#D3D3D3	8
2628	#FFFFFF	#D3D3D3	8
2629	#FFFFFF	#D3D3D3	8
2630	#FFFFFF	#D3D3D3	5
2631	#FFFFFF	#D3D3D3	5
2632	#FFFFFF	#D3D3D3	5
2633	#FFFFFF	#D3D3D3	5
2634	#FFFFFF	#D3D3D3	5
2635	#FFFFFF	#D3D3D3	5
2636	#FFFFFF	#D3D3D3	6
2637	#FFFFFF	#D3D3D3	8
2638	#FFFFFF	#D3D3D3	5
2639	#FFFFFF	#D3D3D3	5
2640	#FFFFFF	#D3D3D3	8
2641	#FFFFFF	#D3D3D3	8
2642	#FFFFFF	#D3D3D3	8
2643	#FFFFFF	#D3D3D3	8
2644	#FFFFFF	#D3D3D3	8
2645	#FFFFFF	#D3D3D3	8
2646	#FFFFFF	#D3D3D3	6
2647	#FFFFFF	#D3D3D3	6
2648	#FFFFFF	#D3D3D3	6
2649	#FFFFFF	#D3D3D3	6
2650	#FFFFFF	#D3D3D3	6
2651	#FFFFFF	#D3D3D3	6
2652	#FFFFFF	#D3D3D3	6
2653	#FFFFFF	#D3D3D3	6
2654	#FFFFFF	#D3D3D3	6
2655	#FFFFFF	#D3D3D3	6
2656	#FFFFFF	#D3D3D3	6
2657	#FFFFFF	#D3D3D3	6
2658	#FFFFFF	#D3D3D3	8
2659	#FFFFFF	#D3D3D3	8
2660	#FFFFFF	#D3D3D3	8
2661	#FFFFFF	#D3D3D3	8
2662	#FFFFFF	#D3D3D3	8
2663	#FFFFFF	#D3D3D3	6
2664	#FFFFFF	#D3D3D3	8
2665	#FFFFFF	#D3D3D3	55
2667	#FFFFFF	#D3D3D3	5
2668	#FFFFFF	#D3D3D3	5
2669	#FFFFFF	#D3D3D3	5
2670	#FFFFFF	#D3D3D3	5
2671	#FFFFFF	#D3D3D3	5
2672	#FFFFFF	#D3D3D3	5
2673	#FFFFFF	#D3D3D3	5
2674	#FFFFFF	#D3D3D3	6
2675	#FFFFFF	#D3D3D3	8
2676	#FFFFFF	#D3D3D3	8
2677	#FFFFFF	#D3D3D3	8
2678	#FFFFFF	#D3D3D3	5
2679	#FFFFFF	#D3D3D3	5
2680	#FFFFFF	#D3D3D3	5
2681	#FFFFFF	#D3D3D3	5
2682	#FFFFFF	#D3D3D3	5
2683	#FFFFFF	#D3D3D3	8
2684	#FFFFFF	#D3D3D3	8
2685	#FFFFFF	#D3D3D3	6
2686	#FFFFFF	#D3D3D3	8
2687	#FFFFFF	#D3D3D3	8
2688	#FFFFFF	#D3D3D3	8
2689	#FFFFFF	#D3D3D3	8
2690	#FFFFFF	#D3D3D3	8
2691	#FFFFFF	#D3D3D3	8
2692	#FFFFFF	#D3D3D3	8
2693	#FFFFFF	#D3D3D3	8
2694	#FFFFFF	#D3D3D3	8
2695	#FFFFFF	#D3D3D3	8
2696	#FFFFFF	#D3D3D3	6
2697	#FFFFFF	#D3D3D3	6
2698	#FFFFFF	#D3D3D3	6
2699	#FFFFFF	#D3D3D3	6
2700	#FFFFFF	#D3D3D3	6
2702	#FFFFFF	#D3D3D3	6
2703	#FFFFFF	#D3D3D3	6
2704	#FFFFFF	#D3D3D3	6
2705	#FFFFFF	#D3D3D3	6
2706	#FFFFFF	#D3D3D3	6
2707	#FFFFFF	#D3D3D3	6
2708	#FFFFFF	#D3D3D3	6
2709	#FFFFFF	#D3D3D3	8
2710	#FFFFFF	#D3D3D3	8
2711	#FFFFFF	#D3D3D3	8
2712	#FFFFFF	#D3D3D3	8
2713	#FFFFFF	#D3D3D3	8
2714	#FFFFFF	#D3D3D3	6
2715	#FFFFFF	#D3D3D3	62
2717	#FFFFFF	#D3D3D3	55
2718	#FFFFFF	#D3D3D3	5
2719	#FFFFFF	#D3D3D3	5
2720	#FFFFFF	#D3D3D3	5
2721	#FFFFFF	#D3D3D3	5
2722	#FFFFFF	#D3D3D3	5
2723	#FFFFFF	#D3D3D3	5
2724	#FFFFFF	#D3D3D3	5
2725	#FFFFFF	#D3D3D3	6
2726	#FFFFFF	#D3D3D3	5
2727	#FFFFFF	#D3D3D3	5
2728	#FFFFFF	#D3D3D3	5
2729	#FFFFFF	#D3D3D3	5
2730	#FFFFFF	#D3D3D3	5
2731	#FFFFFF	#D3D3D3	5
2732	#FFFFFF	#D3D3D3	5
2733	#FFFFFF	#D3D3D3	5
2734	#FFFFFF	#D3D3D3	8
2735	#FFFFFF	#D3D3D3	8
2736	#FFFFFF	#D3D3D3	6
2737	#FFFFFF	#D3D3D3	8
2738	#FFFFFF	#D3D3D3	8
2739	#FFFFFF	#D3D3D3	8
2740	#FFFFFF	#D3D3D3	8
2741	#FFFFFF	#D3D3D3	8
2742	#FFFFFF	#D3D3D3	8
2743	#FFFFFF	#D3D3D3	8
2744	#FFFFFF	#D3D3D3	8
2745	#FFFFFF	#D3D3D3	8
2746	#FFFFFF	#D3D3D3	6
2747	#FFFFFF	#D3D3D3	6
2748	#FFFFFF	#D3D3D3	6
2749	#FFFFFF	#D3D3D3	6
2750	#FFFFFF	#D3D3D3	6
2751	#FFFFFF	#D3D3D3	6
2752	#FFFFFF	#D3D3D3	6
2753	#FFFFFF	#D3D3D3	6
2754	#FFFFFF	#D3D3D3	6
2755	#FFFFFF	#D3D3D3	6
2756	#FFFFFF	#D3D3D3	6
2757	#FFFFFF	#D3D3D3	6
2758	#FFFFFF	#D3D3D3	8
2759	#FFFFFF	#D3D3D3	8
2760	#FFFFFF	#D3D3D3	8
2761	#FFFFFF	#D3D3D3	8
2762	#FFFFFF	#D3D3D3	8
2763	#FFFFFF	#D3D3D3	6
2764	#FFFFFF	#D3D3D3	62
2766	#FFFFFF	#D3D3D3	55
2767	#FFFFFF	#D3D3D3	5
2768	#FFFFFF	#D3D3D3	5
2769	#FFFFFF	#D3D3D3	5
2770	#FFFFFF	#D3D3D3	5
2771	#FFFFFF	#D3D3D3	5
2772	#FFFFFF	#D3D3D3	5
2773	#FFFFFF	#D3D3D3	5
2774	#FFFFFF	#D3D3D3	6
2775	#FFFFFF	#D3D3D3	5
2776	#FFFFFF	#D3D3D3	5
2777	#FFFFFF	#D3D3D3	5
2778	#FFFFFF	#D3D3D3	5
2779	#FFFFFF	#D3D3D3	5
2780	#FFFFFF	#D3D3D3	5
2781	#FFFFFF	#D3D3D3	5
2782	#FFFFFF	#D3D3D3	5
2783	#FFFFFF	#D3D3D3	5
2784	#FFFFFF	#D3D3D3	8
2785	#FFFFFF	#D3D3D3	6
2786	#FFFFFF	#D3D3D3	8
2787	#FFFFFF	#D3D3D3	8
2788	#FFFFFF	#D3D3D3	8
2789	#FFFFFF	#D3D3D3	8
2790	#FFFFFF	#D3D3D3	8
2791	#FFFFFF	#D3D3D3	8
2792	#FFFFFF	#D3D3D3	8
2793	#FFFFFF	#D3D3D3	8
2794	#FFFFFF	#D3D3D3	8
2795	#FFFFFF	#D3D3D3	8
2796	#FFFFFF	#D3D3D3	6
2797	#FFFFFF	#D3D3D3	6
2798	#FFFFFF	#D3D3D3	6
2799	#FFFFFF	#D3D3D3	6
2800	#FFFFFF	#D3D3D3	6
2802	#FFFFFF	#D3D3D3	6
2803	#FFFFFF	#D3D3D3	6
2804	#FFFFFF	#D3D3D3	6
2805	#FFFFFF	#D3D3D3	6
2806	#FFFFFF	#D3D3D3	6
2807	#FFFFFF	#D3D3D3	6
2808	#FFFFFF	#D3D3D3	6
2809	#FFFFFF	#D3D3D3	8
2810	#FFFFFF	#D3D3D3	8
2811	#FFFFFF	#D3D3D3	8
2812	#FFFFFF	#D3D3D3	8
2813	#FFFFFF	#D3D3D3	5
2814	#FFFFFF	#D3D3D3	6
2816	#FFFFFF	#D3D3D3	55
2817	#FFFFFF	#D3D3D3	5
2818	#FFFFFF	#D3D3D3	5
2819	#FFFFFF	#D3D3D3	5
2820	#FFFFFF	#D3D3D3	5
2821	#FFFFFF	#D3D3D3	5
2822	#FFFFFF	#D3D3D3	8
2823	#FFFFFF	#D3D3D3	5
2824	#FFFFFF	#D3D3D3	5
2825	#FFFFFF	#D3D3D3	6
2826	#FFFFFF	#D3D3D3	5
2827	#FFFFFF	#D3D3D3	5
2828	#FFFFFF	#D3D3D3	5
2829	#FFFFFF	#D3D3D3	5
2830	#FFFFFF	#D3D3D3	5
2831	#FFFFFF	#D3D3D3	5
2832	#FFFFFF	#D3D3D3	5
2833	#FFFFFF	#D3D3D3	8
2834	#FFFFFF	#D3D3D3	5
2835	#FFFFFF	#D3D3D3	8
2836	#FFFFFF	#D3D3D3	6
2837	#FFFFFF	#D3D3D3	8
2838	#FFFFFF	#D3D3D3	8
2839	#FFFFFF	#D3D3D3	8
2840	#FFFFFF	#D3D3D3	8
2841	#FFFFFF	#D3D3D3	8
2842	#FFFFFF	#D3D3D3	8
2843	#FFFFFF	#D3D3D3	8
2844	#FFFFFF	#D3D3D3	8
2845	#FFFFFF	#D3D3D3	8
2846	#FFFFFF	#D3D3D3	6
2847	#FFFFFF	#D3D3D3	6
2848	#FFFFFF	#D3D3D3	6
2849	#FFFFFF	#D3D3D3	6
2850	#FFFFFF	#D3D3D3	6
2851	#FFFFFF	#D3D3D3	6
2852	#FFFFFF	#D3D3D3	6
2853	#FFFFFF	#D3D3D3	6
2854	#FFFFFF	#D3D3D3	6
2855	#FFFFFF	#D3D3D3	6
2856	#FFFFFF	#D3D3D3	6
2857	#FFFFFF	#D3D3D3	6
2858	#FFFFFF	#D3D3D3	8
2859	#FFFFFF	#D3D3D3	8
2860	#FFFFFF	#D3D3D3	8
2861	#FFFFFF	#D3D3D3	8
2862	#FFFFFF	#D3D3D3	8
2863	#FFFFFF	#D3D3D3	6
2865	#FFFFFF	#D3D3D3	55
2866	#FFFFFF	#D3D3D3	5
2867	#FFFFFF	#D3D3D3	5
2868	#FFFFFF	#D3D3D3	5
2869	#FFFFFF	#D3D3D3	8
2870	#FFFFFF	#D3D3D3	5
2871	#FFFFFF	#D3D3D3	8
2872	#FFFFFF	#D3D3D3	5
2873	#FFFFFF	#D3D3D3	5
2874	#FFFFFF	#D3D3D3	6
2875	#FFFFFF	#D3D3D3	5
2876	#FFFFFF	#D3D3D3	5
2877	#FFFFFF	#D3D3D3	5
2878	#FFFFFF	#D3D3D3	5
2879	#FFFFFF	#D3D3D3	5
2880	#FFFFFF	#D3D3D3	5
2881	#FFFFFF	#D3D3D3	5
2882	#FFFFFF	#D3D3D3	8
2883	#FFFFFF	#D3D3D3	8
2884	#FFFFFF	#D3D3D3	8
2885	#FFFFFF	#D3D3D3	6
2886	#FFFFFF	#D3D3D3	8
2887	#FFFFFF	#D3D3D3	8
2888	#FFFFFF	#D3D3D3	8
2889	#FFFFFF	#D3D3D3	8
2890	#FFFFFF	#D3D3D3	8
2891	#FFFFFF	#D3D3D3	8
2892	#FFFFFF	#D3D3D3	8
2893	#FFFFFF	#D3D3D3	8
2894	#FFFFFF	#D3D3D3	8
2895	#FFFFFF	#D3D3D3	8
2896	#FFFFFF	#D3D3D3	6
2897	#FFFFFF	#D3D3D3	6
2898	#FFFFFF	#D3D3D3	6
2899	#FFFFFF	#D3D3D3	6
2900	#FFFFFF	#D3D3D3	6
2902	#FFFFFF	#D3D3D3	6
2903	#FFFFFF	#D3D3D3	6
2904	#FFFFFF	#D3D3D3	6
2905	#FFFFFF	#D3D3D3	6
2906	#FFFFFF	#D3D3D3	6
2907	#FFFFFF	#D3D3D3	8
2908	#FFFFFF	#D3D3D3	8
2909	#FFFFFF	#D3D3D3	8
2910	#FFFFFF	#D3D3D3	5
2911	#FFFFFF	#D3D3D3	5
2912	#FFFFFF	#D3D3D3	8
2914	#FFFFFF	#D3D3D3	6
2915	#FFFFFF	#D3D3D3	5
2916	#FFFFFF	#D3D3D3	5
2917	#FFFFFF	#D3D3D3	5
2918	#FFFFFF	#D3D3D3	5
2919	#FFFFFF	#D3D3D3	8
2920	#FFFFFF	#D3D3D3	5
2921	#FFFFFF	#D3D3D3	8
2922	#FFFFFF	#D3D3D3	8
2923	#FFFFFF	#D3D3D3	5
2924	#FFFFFF	#D3D3D3	8
2925	#FFFFFF	#D3D3D3	6
2926	#FFFFFF	#D3D3D3	5
2927	#FFFFFF	#D3D3D3	5
2928	#FFFFFF	#D3D3D3	5
2929	#FFFFFF	#D3D3D3	8
2930	#FFFFFF	#D3D3D3	5
2931	#FFFFFF	#D3D3D3	5
2932	#FFFFFF	#D3D3D3	5
2933	#FFFFFF	#D3D3D3	8
2934	#FFFFFF	#D3D3D3	8
2935	#FFFFFF	#D3D3D3	8
2936	#FFFFFF	#D3D3D3	6
2937	#FFFFFF	#D3D3D3	8
2938	#FFFFFF	#D3D3D3	8
2939	#FFFFFF	#D3D3D3	8
2940	#FFFFFF	#D3D3D3	8
2941	#FFFFFF	#D3D3D3	8
2942	#FFFFFF	#D3D3D3	8
2943	#FFFFFF	#D3D3D3	8
2944	#FFFFFF	#D3D3D3	8
2945	#FFFFFF	#D3D3D3	5
2946	#FFFFFF	#D3D3D3	6
2947	#FFFFFF	#D3D3D3	6
2948	#FFFFFF	#D3D3D3	6
2949	#FFFFFF	#D3D3D3	6
2950	#FFFFFF	#D3D3D3	6
2951	#FFFFFF	#D3D3D3	6
2952	#FFFFFF	#D3D3D3	6
2953	#FFFFFF	#D3D3D3	6
2954	#FFFFFF	#D3D3D3	6
2955	#FFFFFF	#D3D3D3	6
2956	#FFFFFF	#D3D3D3	8
2957	#FFFFFF	#D3D3D3	8
2958	#FFFFFF	#D3D3D3	8
2959	#FFFFFF	#D3D3D3	8
2960	#FFFFFF	#D3D3D3	5
2961	#FFFFFF	#D3D3D3	5
2962	#FFFFFF	#D3D3D3	5
2963	#FFFFFF	#D3D3D3	6
2964	#FFFFFF	#D3D3D3	8
2965	#FFFFFF	#D3D3D3	5
2966	#FFFFFF	#D3D3D3	5
2967	#FFFFFF	#D3D3D3	5
2968	#FFFFFF	#D3D3D3	8
2969	#FFFFFF	#D3D3D3	8
2970	#FFFFFF	#D3D3D3	8
2971	#FFFFFF	#D3D3D3	8
2972	#FFFFFF	#D3D3D3	8
2973	#FFFFFF	#D3D3D3	5
2974	#FFFFFF	#D3D3D3	6
2975	#FFFFFF	#D3D3D3	8
2976	#FFFFFF	#D3D3D3	5
2977	#FFFFFF	#D3D3D3	8
2978	#FFFFFF	#D3D3D3	5
2979	#FFFFFF	#D3D3D3	8
2980	#FFFFFF	#D3D3D3	5
2981	#FFFFFF	#D3D3D3	8
2982	#FFFFFF	#D3D3D3	8
2983	#FFFFFF	#D3D3D3	8
2984	#FFFFFF	#D3D3D3	8
2985	#FFFFFF	#D3D3D3	6
2986	#FFFFFF	#D3D3D3	8
2987	#FFFFFF	#D3D3D3	8
2988	#FFFFFF	#D3D3D3	8
2989	#FFFFFF	#D3D3D3	8
2990	#FFFFFF	#D3D3D3	8
2991	#FFFFFF	#D3D3D3	8
2992	#FFFFFF	#D3D3D3	8
2993	#FFFFFF	#D3D3D3	5
2994	#FFFFFF	#D3D3D3	5
2995	#FFFFFF	#D3D3D3	8
2996	#FFFFFF	#D3D3D3	6
2997	#FFFFFF	#D3D3D3	6
2998	#FFFFFF	#D3D3D3	6
2999	#FFFFFF	#D3D3D3	6
3000	#FFFFFF	#D3D3D3	6
3002	#FFFFFF	#D3D3D3	6
3003	#FFFFFF	#D3D3D3	6
3004	#FFFFFF	#D3D3D3	6
3005	#FFFFFF	#D3D3D3	6
3006	#FFFFFF	#D3D3D3	8
3007	#FFFFFF	#D3D3D3	8
3008	#FFFFFF	#D3D3D3	8
3009	#FFFFFF	#D3D3D3	8
3010	#FFFFFF	#D3D3D3	8
3011	#FFFFFF	#D3D3D3	8
3013	#FFFFFF	#D3D3D3	5
3014	#FFFFFF	#D3D3D3	6
3015	#FFFFFF	#D3D3D3	5
3016	#FFFFFF	#D3D3D3	5
3017	#FFFFFF	#D3D3D3	5
3018	#FFFFFF	#D3D3D3	8
3019	#FFFFFF	#D3D3D3	8
3020	#FFFFFF	#D3D3D3	8
3021	#FFFFFF	#D3D3D3	8
3022	#FFFFFF	#D3D3D3	8
3023	#FFFFFF	#D3D3D3	8
3024	#FFFFFF	#D3D3D3	8
3025	#FFFFFF	#D3D3D3	6
3026	#FFFFFF	#D3D3D3	8
3027	#FFFFFF	#D3D3D3	5
3028	#FFFFFF	#D3D3D3	8
3029	#FFFFFF	#D3D3D3	5
3030	#FFFFFF	#D3D3D3	8
3031	#FFFFFF	#D3D3D3	8
3032	#FFFFFF	#D3D3D3	8
3033	#FFFFFF	#D3D3D3	8
3034	#FFFFFF	#D3D3D3	8
3035	#FFFFFF	#D3D3D3	8
3036	#FFFFFF	#D3D3D3	6
3037	#FFFFFF	#D3D3D3	8
3038	#FFFFFF	#D3D3D3	8
3039	#FFFFFF	#D3D3D3	8
3040	#FFFFFF	#D3D3D3	8
3041	#FFFFFF	#D3D3D3	8
3042	#FFFFFF	#D3D3D3	8
3043	#FFFFFF	#D3D3D3	8
3044	#FFFFFF	#D3D3D3	5
3045	#FFFFFF	#D3D3D3	8
3046	#FFFFFF	#D3D3D3	6
3047	#FFFFFF	#D3D3D3	6
3048	#FFFFFF	#D3D3D3	6
3049	#FFFFFF	#D3D3D3	6
3050	#FFFFFF	#D3D3D3	6
3051	#FFFFFF	#D3D3D3	6
3052	#FFFFFF	#D3D3D3	6
3053	#FFFFFF	#D3D3D3	6
3054	#FFFFFF	#D3D3D3	8
3055	#FFFFFF	#D3D3D3	8
3056	#FFFFFF	#D3D3D3	8
3057	#FFFFFF	#D3D3D3	8
3058	#FFFFFF	#D3D3D3	8
3059	#FFFFFF	#D3D3D3	8
3060	#FFFFFF	#D3D3D3	8
3062	#FFFFFF	#D3D3D3	5
3063	#FFFFFF	#D3D3D3	6
3064	#FFFFFF	#D3D3D3	5
3065	#FFFFFF	#D3D3D3	5
3066	#FFFFFF	#D3D3D3	5
3067	#FFFFFF	#D3D3D3	5
3068	#FFFFFF	#D3D3D3	8
3069	#FFFFFF	#D3D3D3	8
3070	#FFFFFF	#D3D3D3	8
3071	#FFFFFF	#D3D3D3	8
3072	#FFFFFF	#D3D3D3	8
3073	#FFFFFF	#D3D3D3	8
3074	#FFFFFF	#D3D3D3	6
3075	#FFFFFF	#D3D3D3	8
3076	#FFFFFF	#D3D3D3	5
3077	#FFFFFF	#D3D3D3	8
3078	#FFFFFF	#D3D3D3	8
3079	#FFFFFF	#D3D3D3	8
3080	#FFFFFF	#D3D3D3	8
3081	#FFFFFF	#D3D3D3	5
3082	#FFFFFF	#D3D3D3	8
3083	#FFFFFF	#D3D3D3	8
3084	#FFFFFF	#D3D3D3	8
3085	#FFFFFF	#D3D3D3	6
3086	#FFFFFF	#D3D3D3	8
3087	#FFFFFF	#D3D3D3	8
3088	#FFFFFF	#D3D3D3	8
3089	#FFFFFF	#D3D3D3	8
3090	#FFFFFF	#D3D3D3	8
3091	#FFFFFF	#D3D3D3	8
3092	#FFFFFF	#D3D3D3	8
3093	#FFFFFF	#D3D3D3	8
3094	#FFFFFF	#D3D3D3	5
3095	#FFFFFF	#D3D3D3	8
3096	#FFFFFF	#D3D3D3	6
3097	#FFFFFF	#D3D3D3	6
3098	#FFFFFF	#D3D3D3	6
3099	#FFFFFF	#D3D3D3	6
3100	#FFFFFF	#D3D3D3	6
3102	#FFFFFF	#D3D3D3	6
3103	#FFFFFF	#D3D3D3	6
3104	#FFFFFF	#D3D3D3	6
3105	#FFFFFF	#D3D3D3	8
3106	#FFFFFF	#D3D3D3	8
3107	#FFFFFF	#D3D3D3	8
3108	#FFFFFF	#D3D3D3	8
3109	#FFFFFF	#D3D3D3	8
3110	#FFFFFF	#D3D3D3	8
3111	#FFFFFF	#D3D3D3	44
3112	#FFFFFF	#D3D3D3	5
3113	#FFFFFF	#D3D3D3	5
3114	#FFFFFF	#D3D3D3	6
3115	#FFFFFF	#D3D3D3	5
3116	#FFFFFF	#D3D3D3	5
3117	#FFFFFF	#D3D3D3	5
3118	#FFFFFF	#D3D3D3	8
3119	#FFFFFF	#D3D3D3	8
3120	#FFFFFF	#D3D3D3	8
3121	#FFFFFF	#D3D3D3	8
3122	#FFFFFF	#D3D3D3	8
3123	#FFFFFF	#D3D3D3	8
3124	#FFFFFF	#D3D3D3	8
3125	#FFFFFF	#D3D3D3	6
3126	#FFFFFF	#D3D3D3	8
3127	#FFFFFF	#D3D3D3	5
3128	#FFFFFF	#D3D3D3	8
3129	#FFFFFF	#D3D3D3	8
3130	#FFFFFF	#D3D3D3	5
3131	#FFFFFF	#D3D3D3	5
3132	#FFFFFF	#D3D3D3	8
3133	#FFFFFF	#D3D3D3	8
3134	#FFFFFF	#D3D3D3	8
3135	#FFFFFF	#D3D3D3	8
3136	#FFFFFF	#D3D3D3	6
3137	#FFFFFF	#D3D3D3	8
3138	#FFFFFF	#D3D3D3	8
3139	#FFFFFF	#D3D3D3	8
3140	#FFFFFF	#D3D3D3	8
3141	#FFFFFF	#D3D3D3	8
3142	#FFFFFF	#D3D3D3	8
3143	#FFFFFF	#D3D3D3	8
3144	#FFFFFF	#D3D3D3	5
3145	#FFFFFF	#D3D3D3	8
3146	#FFFFFF	#D3D3D3	6
3147	#FFFFFF	#D3D3D3	6
3148	#FFFFFF	#D3D3D3	6
3149	#FFFFFF	#D3D3D3	6
3150	#FFFFFF	#D3D3D3	6
3151	#FFFFFF	#D3D3D3	6
3152	#FFFFFF	#D3D3D3	6
3153	#FFFFFF	#D3D3D3	6
3154	#FFFFFF	#D3D3D3	8
3155	#FFFFFF	#D3D3D3	8
3156	#FFFFFF	#D3D3D3	8
3157	#FFFFFF	#D3D3D3	8
3158	#FFFFFF	#D3D3D3	8
3159	#FFFFFF	#D3D3D3	8
3161	#FFFFFF	#D3D3D3	8
3162	#FFFFFF	#D3D3D3	8
3163	#FFFFFF	#D3D3D3	6
3164	#FFFFFF	#D3D3D3	5
3165	#FFFFFF	#D3D3D3	8
3166	#FFFFFF	#D3D3D3	8
3167	#FFFFFF	#D3D3D3	8
3168	#FFFFFF	#D3D3D3	8
3169	#FFFFFF	#D3D3D3	8
3170	#FFFFFF	#D3D3D3	8
3171	#FFFFFF	#D3D3D3	8
3172	#FFFFFF	#D3D3D3	8
3173	#FFFFFF	#D3D3D3	8
3174	#FFFFFF	#D3D3D3	6
3175	#FFFFFF	#D3D3D3	8
3176	#FFFFFF	#D3D3D3	8
3177	#FFFFFF	#D3D3D3	5
3178	#FFFFFF	#D3D3D3	8
3179	#FFFFFF	#D3D3D3	5
3180	#FFFFFF	#D3D3D3	5
3181	#FFFFFF	#D3D3D3	5
3182	#FFFFFF	#D3D3D3	8
3183	#FFFFFF	#D3D3D3	8
3184	#FFFFFF	#D3D3D3	8
3185	#FFFFFF	#D3D3D3	6
3186	#FFFFFF	#D3D3D3	8
3187	#FFFFFF	#D3D3D3	8
3188	#FFFFFF	#D3D3D3	8
3189	#FFFFFF	#D3D3D3	8
3190	#FFFFFF	#D3D3D3	8
3191	#FFFFFF	#D3D3D3	8
3192	#FFFFFF	#D3D3D3	5
3193	#FFFFFF	#D3D3D3	5
3194	#FFFFFF	#D3D3D3	8
3195	#FFFFFF	#D3D3D3	8
3196	#FFFFFF	#D3D3D3	6
3197	#FFFFFF	#D3D3D3	6
3198	#FFFFFF	#D3D3D3	6
3199	#FFFFFF	#D3D3D3	6
3200	#FFFFFF	#D3D3D3	6
3202	#FFFFFF	#D3D3D3	6
3203	#FFFFFF	#D3D3D3	6
3204	#FFFFFF	#D3D3D3	8
3205	#FFFFFF	#D3D3D3	8
3206	#FFFFFF	#D3D3D3	8
3207	#FFFFFF	#D3D3D3	8
3208	#FFFFFF	#D3D3D3	8
3209	#FFFFFF	#D3D3D3	8
3211	#FFFFFF	#D3D3D3	8
3212	#FFFFFF	#D3D3D3	8
3213	#FFFFFF	#D3D3D3	8
3214	#FFFFFF	#D3D3D3	6
3215	#FFFFFF	#D3D3D3	8
3216	#FFFFFF	#D3D3D3	8
3217	#FFFFFF	#D3D3D3	8
3218	#FFFFFF	#D3D3D3	8
3219	#FFFFFF	#D3D3D3	8
3220	#FFFFFF	#D3D3D3	8
3221	#FFFFFF	#D3D3D3	8
3222	#FFFFFF	#D3D3D3	8
3223	#FFFFFF	#D3D3D3	8
3224	#FFFFFF	#D3D3D3	8
3225	#FFFFFF	#D3D3D3	6
3226	#FFFFFF	#D3D3D3	8
3227	#FFFFFF	#D3D3D3	5
3228	#FFFFFF	#D3D3D3	5
3229	#FFFFFF	#D3D3D3	5
3230	#FFFFFF	#D3D3D3	5
3231	#FFFFFF	#D3D3D3	5
3232	#FFFFFF	#D3D3D3	8
3233	#FFFFFF	#D3D3D3	8
3234	#FFFFFF	#D3D3D3	8
3235	#FFFFFF	#D3D3D3	8
3236	#FFFFFF	#D3D3D3	6
3237	#FFFFFF	#D3D3D3	8
3238	#FFFFFF	#D3D3D3	5
3239	#FFFFFF	#D3D3D3	8
3240	#FFFFFF	#D3D3D3	8
3241	#FFFFFF	#D3D3D3	8
3242	#FFFFFF	#D3D3D3	8
3243	#FFFFFF	#D3D3D3	5
3244	#FFFFFF	#D3D3D3	5
3245	#FFFFFF	#D3D3D3	8
3246	#FFFFFF	#D3D3D3	6
3247	#FFFFFF	#D3D3D3	6
3248	#FFFFFF	#D3D3D3	6
3249	#FFFFFF	#D3D3D3	6
3250	#FFFFFF	#D3D3D3	6
3251	#FFFFFF	#D3D3D3	6
3252	#FFFFFF	#D3D3D3	6
3253	#FFFFFF	#D3D3D3	6
3254	#FFFFFF	#D3D3D3	8
3255	#FFFFFF	#D3D3D3	8
3256	#FFFFFF	#D3D3D3	8
3257	#FFFFFF	#D3D3D3	8
3258	#FFFFFF	#D3D3D3	8
3260	#FFFFFF	#D3D3D3	8
3261	#FFFFFF	#D3D3D3	8
3262	#FFFFFF	#D3D3D3	8
3263	#FFFFFF	#D3D3D3	6
3264	#FFFFFF	#D3D3D3	8
3265	#FFFFFF	#D3D3D3	8
3266	#FFFFFF	#D3D3D3	8
3267	#FFFFFF	#D3D3D3	8
3268	#FFFFFF	#D3D3D3	8
3269	#FFFFFF	#D3D3D3	8
3270	#FFFFFF	#D3D3D3	8
3271	#FFFFFF	#D3D3D3	8
3272	#FFFFFF	#D3D3D3	8
3273	#FFFFFF	#D3D3D3	8
3274	#FFFFFF	#D3D3D3	6
3275	#FFFFFF	#D3D3D3	8
3276	#FFFFFF	#D3D3D3	8
3277	#FFFFFF	#D3D3D3	5
3278	#FFFFFF	#D3D3D3	5
3279	#FFFFFF	#D3D3D3	8
3280	#FFFFFF	#D3D3D3	5
3281	#FFFFFF	#D3D3D3	5
3282	#FFFFFF	#D3D3D3	8
3283	#FFFFFF	#D3D3D3	8
3284	#FFFFFF	#D3D3D3	8
3285	#FFFFFF	#D3D3D3	6
3286	#FFFFFF	#D3D3D3	8
3287	#FFFFFF	#D3D3D3	8
3288	#FFFFFF	#D3D3D3	5
3289	#FFFFFF	#D3D3D3	5
3290	#FFFFFF	#D3D3D3	8
3291	#FFFFFF	#D3D3D3	8
3292	#FFFFFF	#D3D3D3	8
3293	#FFFFFF	#D3D3D3	5
3294	#FFFFFF	#D3D3D3	5
3295	#FFFFFF	#D3D3D3	5
3296	#FFFFFF	#D3D3D3	6
3297	#FFFFFF	#D3D3D3	6
3298	#FFFFFF	#D3D3D3	6
3299	#FFFFFF	#D3D3D3	6
3300	#FFFFFF	#D3D3D3	6
3302	#FFFFFF	#D3D3D3	6
3303	#FFFFFF	#D3D3D3	6
3304	#FFFFFF	#D3D3D3	8
3305	#FFFFFF	#D3D3D3	8
3306	#FFFFFF	#D3D3D3	8
3307	#FFFFFF	#D3D3D3	8
3308	#FFFFFF	#D3D3D3	8
3309	#FFFFFF	#D3D3D3	44
3310	#FFFFFF	#D3D3D3	8
3311	#FFFFFF	#D3D3D3	8
3312	#FFFFFF	#D3D3D3	8
3313	#FFFFFF	#D3D3D3	8
3314	#FFFFFF	#D3D3D3	6
3315	#FFFFFF	#D3D3D3	8
3316	#FFFFFF	#D3D3D3	8
3317	#FFFFFF	#D3D3D3	8
3318	#FFFFFF	#D3D3D3	8
3319	#FFFFFF	#D3D3D3	8
3320	#FFFFFF	#D3D3D3	8
3321	#FFFFFF	#D3D3D3	8
3322	#FFFFFF	#D3D3D3	8
3323	#FFFFFF	#D3D3D3	8
3324	#FFFFFF	#D3D3D3	8
3325	#FFFFFF	#D3D3D3	6
3326	#FFFFFF	#D3D3D3	8
3327	#FFFFFF	#D3D3D3	5
3328	#FFFFFF	#D3D3D3	5
3329	#FFFFFF	#D3D3D3	8
3330	#FFFFFF	#D3D3D3	5
3331	#FFFFFF	#D3D3D3	5
3332	#FFFFFF	#D3D3D3	5
3333	#FFFFFF	#D3D3D3	8
3334	#FFFFFF	#D3D3D3	8
3335	#FFFFFF	#D3D3D3	8
3336	#FFFFFF	#D3D3D3	6
3337	#FFFFFF	#D3D3D3	8
3338	#FFFFFF	#D3D3D3	5
3339	#FFFFFF	#D3D3D3	5
3340	#FFFFFF	#D3D3D3	5
3341	#FFFFFF	#D3D3D3	5
3342	#FFFFFF	#D3D3D3	5
3343	#FFFFFF	#D3D3D3	5
3344	#FFFFFF	#D3D3D3	5
3345	#FFFFFF	#D3D3D3	5
3346	#FFFFFF	#D3D3D3	6
3347	#FFFFFF	#D3D3D3	6
3348	#FFFFFF	#D3D3D3	6
3349	#FFFFFF	#D3D3D3	6
3350	#FFFFFF	#D3D3D3	8
3351	#CD1076	#000000	21
3352	#CD1076	#000000	21
3353	#CD1076	#000000	26
3354	#CD1076	#000000	29
3355	#CD1076	#000000	29
3356	#CD1076	#000000	29
3357	#CD1076	#000000	29
3358	#CD1076	#000000	29
3359	#FFFFFF	#D3D3D3	9
3360	#FFFFFF	#D3D3D3	9
3361	#FFFFFF	#D3D3D3	9
3362	#FFFFFF	#D3D3D3	9
3363	#CD1076	#000000	21
3364	#FFFFFF	#D3D3D3	8
3365	#FFFFFF	#D3D3D3	8
3366	#FFFFFF	#D3D3D3	8
3367	#FFFFFF	#D3D3D3	9
3368	#FFFFFF	#D3D3D3	9
3369	#FFFFFF	#D3D3D3	9
3370	#FFFFFF	#D3D3D3	9
3371	#FFFFFF	#D3D3D3	9
3372	#FFFFFF	#D3D3D3	9
3373	#FFFFFF	#D3D3D3	9
3374	#CD1076	#000000	17
3375	#FFFFFF	#D3D3D3	9
3376	#FFFFFF	#D3D3D3	9
3377	#FFFFFF	#D3D3D3	9
3378	#FFFFFF	#D3D3D3	9
3379	#FFFFFF	#D3D3D3	9
3380	#FFFFFF	#D3D3D3	9
3381	#FFFFFF	#D3D3D3	9
3382	#FFFFFF	#D3D3D3	9
3383	#FFFFFF	#D3D3D3	9
3384	#FFFFFF	#D3D3D3	9
3385	#CD1076	#000000	37
3386	#FFFFFF	#D3D3D3	9
3387	#FFFFFF	#D3D3D3	9
3388	#FFFFFF	#D3D3D3	9
3389	#FFFFFF	#D3D3D3	9
3390	#FFFFFF	#D3D3D3	9
3391	#FFFFFF	#D3D3D3	9
3392	#FFFFFF	#D3D3D3	9
3393	#FFFFFF	#D3D3D3	9
3394	#FFFFFF	#D3D3D3	9
3395	#FFFFFF	#D3D3D3	9
3396	#CD1076	#000000	37
3397	#CD1076	#000000	37
3398	#CD1076	#000000	37
3399	#CD1076	#000000	29
3400	#CD1076	#000000	26
3402	#CD1076	#000000	21
3403	#CD1076	#000000	21
3404	#CD1076	#000000	29
3405	#CD1076	#000000	29
3406	#CD1076	#000000	29
3407	#CD1076	#000000	29
3408	#CD1076	#000000	29
3409	#FFFFFF	#D3D3D3	8
3410	#FFFFFF	#D3D3D3	8
3411	#FFFFFF	#D3D3D3	9
3412	#FFFFFF	#D3D3D3	9
3413	#FFFFFF	#D3D3D3	8
3414	#CD1076	#000000	17
3415	#FFFFFF	#D3D3D3	8
3416	#FFFFFF	#D3D3D3	8
3417	#FFFFFF	#D3D3D3	9
3418	#FFFFFF	#D3D3D3	9
3419	#FFFFFF	#D3D3D3	9
3420	#FFFFFF	#D3D3D3	9
3421	#FFFFFF	#D3D3D3	9
3422	#FFFFFF	#D3D3D3	9
3423	#FFFFFF	#D3D3D3	9
3424	#FFFFFF	#D3D3D3	9
3425	#CD1076	#000000	17
3426	#FFFFFF	#D3D3D3	9
3427	#FFFFFF	#D3D3D3	9
3428	#FFFFFF	#D3D3D3	9
3429	#FFFFFF	#D3D3D3	9
3430	#FFFFFF	#D3D3D3	9
3431	#FFFFFF	#D3D3D3	9
3432	#FFFFFF	#D3D3D3	9
3433	#FFFFFF	#D3D3D3	9
3434	#FFFFFF	#D3D3D3	9
3435	#FFFFFF	#D3D3D3	9
3436	#CD1076	#000000	37
3437	#FFFFFF	#D3D3D3	9
3438	#FFFFFF	#D3D3D3	9
3439	#FFFFFF	#D3D3D3	9
3440	#FFFFFF	#D3D3D3	9
3441	#FFFFFF	#D3D3D3	9
3442	#FFFFFF	#D3D3D3	9
3443	#FFFFFF	#D3D3D3	9
3444	#FFFFFF	#D3D3D3	9
3445	#FFFFFF	#D3D3D3	9
3446	#CD1076	#000000	37
3447	#CD1076	#000000	37
3448	#CD1076	#000000	29
3449	#CD1076	#000000	26
3450	#CD1076	#000000	26
3451	#FFFFFF	#D3D3D3	6
3452	#FFFFFF	#D3D3D3	6
3453	#FFFFFF	#D3D3D3	8
3454	#FFFFFF	#D3D3D3	8
3455	#FFFFFF	#D3D3D3	8
3456	#FFFFFF	#D3D3D3	8
3457	#FFFFFF	#D3D3D3	8
3459	#FFFFFF	#D3D3D3	8
3460	#FFFFFF	#D3D3D3	8
3461	#FFFFFF	#D3D3D3	8
3462	#FFFFFF	#D3D3D3	8
3463	#FFFFFF	#D3D3D3	6
3464	#FFFFFF	#D3D3D3	8
3465	#FFFFFF	#D3D3D3	8
3466	#FFFFFF	#D3D3D3	8
3467	#FFFFFF	#D3D3D3	8
3468	#FFFFFF	#D3D3D3	8
3469	#FFFFFF	#D3D3D3	8
3470	#FFFFFF	#D3D3D3	8
3471	#FFFFFF	#D3D3D3	8
3472	#FFFFFF	#D3D3D3	8
3473	#FFFFFF	#D3D3D3	8
3474	#FFFFFF	#D3D3D3	6
3475	#FFFFFF	#D3D3D3	5
3476	#FFFFFF	#D3D3D3	8
3477	#FFFFFF	#D3D3D3	8
3478	#FFFFFF	#D3D3D3	8
3479	#FFFFFF	#D3D3D3	5
3480	#FFFFFF	#D3D3D3	5
3481	#FFFFFF	#D3D3D3	5
3482	#FFFFFF	#D3D3D3	8
3483	#FFFFFF	#D3D3D3	8
3484	#FFFFFF	#D3D3D3	8
3485	#FFFFFF	#D3D3D3	6
3486	#FFFFFF	#D3D3D3	8
3487	#FFFFFF	#D3D3D3	5
3488	#FFFFFF	#D3D3D3	5
3489	#FFFFFF	#D3D3D3	5
3490	#FFFFFF	#D3D3D3	5
3491	#FFFFFF	#D3D3D3	5
3492	#FFFFFF	#D3D3D3	5
3493	#FFFFFF	#D3D3D3	5
3494	#FFFFFF	#D3D3D3	5
3495	#FFFFFF	#D3D3D3	5
3496	#FFFFFF	#D3D3D3	6
3497	#FFFFFF	#D3D3D3	6
3498	#FFFFFF	#D3D3D3	6
3499	#FFFFFF	#D3D3D3	6
3500	#FFFFFF	#D3D3D3	8
3502	#FFFFFF	#D3D3D3	6
3503	#FFFFFF	#D3D3D3	6
3504	#FFFFFF	#D3D3D3	6
3505	#FFFFFF	#D3D3D3	8
3506	#FFFFFF	#D3D3D3	8
3507	#FFFFFF	#D3D3D3	8
3509	#FFFFFF	#D3D3D3	8
3510	#FFFFFF	#D3D3D3	8
3511	#FFFFFF	#D3D3D3	8
3512	#FFFFFF	#D3D3D3	8
3513	#FFFFFF	#D3D3D3	8
3514	#FFFFFF	#D3D3D3	6
3515	#FFFFFF	#D3D3D3	8
3516	#FFFFFF	#D3D3D3	8
3517	#FFFFFF	#D3D3D3	8
3518	#FFFFFF	#D3D3D3	8
3519	#FFFFFF	#D3D3D3	8
3520	#FFFFFF	#D3D3D3	8
3521	#FFFFFF	#D3D3D3	8
3522	#FFFFFF	#D3D3D3	8
3523	#FFFFFF	#D3D3D3	8
3524	#FFFFFF	#D3D3D3	5
3525	#FFFFFF	#D3D3D3	6
3526	#FFFFFF	#D3D3D3	8
3527	#FFFFFF	#D3D3D3	8
3528	#FFFFFF	#D3D3D3	8
3529	#FFFFFF	#D3D3D3	8
3530	#FFFFFF	#D3D3D3	8
3531	#FFFFFF	#D3D3D3	5
3532	#FFFFFF	#D3D3D3	8
3533	#FFFFFF	#D3D3D3	8
3534	#FFFFFF	#D3D3D3	8
3535	#FFFFFF	#D3D3D3	5
3536	#FFFFFF	#D3D3D3	6
3537	#FFFFFF	#D3D3D3	5
3538	#FFFFFF	#D3D3D3	5
3539	#FFFFFF	#D3D3D3	5
3540	#FFFFFF	#D3D3D3	5
3541	#FFFFFF	#D3D3D3	5
3542	#FFFFFF	#D3D3D3	5
3543	#FFFFFF	#D3D3D3	5
3544	#FFFFFF	#D3D3D3	5
3545	#FFFFFF	#D3D3D3	5
3546	#FFFFFF	#D3D3D3	6
3547	#FFFFFF	#D3D3D3	6
3548	#FFFFFF	#D3D3D3	6
3549	#FFFFFF	#D3D3D3	6
3550	#FFFFFF	#D3D3D3	6
3551	#FFFFFF	#D3D3D3	6
3552	#FFFFFF	#D3D3D3	6
3553	#FFFFFF	#D3D3D3	6
3554	#FFFFFF	#D3D3D3	8
3555	#FFFFFF	#D3D3D3	8
3556	#FFFFFF	#D3D3D3	8
3558	#FFFFFF	#D3D3D3	8
3559	#FFFFFF	#D3D3D3	8
3560	#FFFFFF	#D3D3D3	8
3561	#FFFFFF	#D3D3D3	8
3562	#FFFFFF	#D3D3D3	8
3563	#FFFFFF	#D3D3D3	6
3564	#FFFFFF	#D3D3D3	8
3565	#FFFFFF	#D3D3D3	8
3566	#FFFFFF	#D3D3D3	8
3567	#FFFFFF	#D3D3D3	8
3568	#FFFFFF	#D3D3D3	8
3569	#FFFFFF	#D3D3D3	8
3570	#FFFFFF	#D3D3D3	8
3571	#FFFFFF	#D3D3D3	8
3572	#FFFFFF	#D3D3D3	8
3573	#FFFFFF	#D3D3D3	8
3574	#FFFFFF	#D3D3D3	6
3575	#FFFFFF	#D3D3D3	5
3576	#FFFFFF	#D3D3D3	8
3577	#FFFFFF	#D3D3D3	8
3578	#FFFFFF	#D3D3D3	5
3579	#FFFFFF	#D3D3D3	8
3580	#FFFFFF	#D3D3D3	5
3581	#FFFFFF	#D3D3D3	8
3582	#FFFFFF	#D3D3D3	8
3583	#FFFFFF	#D3D3D3	8
3584	#FFFFFF	#D3D3D3	5
3585	#FFFFFF	#D3D3D3	6
3586	#FFFFFF	#D3D3D3	5
3587	#FFFFFF	#D3D3D3	5
3588	#FFFFFF	#D3D3D3	5
3589	#FFFFFF	#D3D3D3	5
3590	#FFFFFF	#D3D3D3	5
3591	#FFFFFF	#D3D3D3	5
3592	#FFFFFF	#D3D3D3	5
3593	#FFFFFF	#D3D3D3	5
3594	#FFFFFF	#D3D3D3	5
3595	#FFFFFF	#D3D3D3	5
3596	#FFFFFF	#D3D3D3	6
3597	#FFFFFF	#D3D3D3	6
3598	#FFFFFF	#D3D3D3	6
3599	#FFFFFF	#D3D3D3	6
3600	#FFFFFF	#D3D3D3	6
3602	#FFFFFF	#D3D3D3	6
3603	#FFFFFF	#D3D3D3	6
3604	#FFFFFF	#D3D3D3	8
3605	#FFFFFF	#D3D3D3	8
3606	#FFFFFF	#D3D3D3	8
3608	#FFFFFF	#D3D3D3	8
3609	#FFFFFF	#D3D3D3	8
3610	#FFFFFF	#D3D3D3	8
3611	#FFFFFF	#D3D3D3	8
3612	#FFFFFF	#D3D3D3	8
3613	#FFFFFF	#D3D3D3	8
3614	#FFFFFF	#D3D3D3	6
3615	#FFFFFF	#D3D3D3	8
3616	#FFFFFF	#D3D3D3	8
3617	#FFFFFF	#D3D3D3	8
3618	#FFFFFF	#D3D3D3	8
3619	#FFFFFF	#D3D3D3	8
3620	#FFFFFF	#D3D3D3	8
3621	#FFFFFF	#D3D3D3	8
3622	#FFFFFF	#D3D3D3	8
3623	#FFFFFF	#D3D3D3	8
3624	#FFFFFF	#D3D3D3	5
3625	#FFFFFF	#D3D3D3	6
3626	#FFFFFF	#D3D3D3	5
3627	#FFFFFF	#D3D3D3	8
3628	#FFFFFF	#D3D3D3	8
3629	#FFFFFF	#D3D3D3	5
3630	#FFFFFF	#D3D3D3	5
3631	#FFFFFF	#D3D3D3	5
3632	#FFFFFF	#D3D3D3	8
3633	#FFFFFF	#D3D3D3	8
3634	#FFFFFF	#D3D3D3	5
3635	#FFFFFF	#D3D3D3	5
3636	#FFFFFF	#D3D3D3	6
3637	#FFFFFF	#D3D3D3	5
3638	#FFFFFF	#D3D3D3	5
3639	#FFFFFF	#D3D3D3	5
3640	#FFFFFF	#D3D3D3	5
3641	#FFFFFF	#D3D3D3	5
3642	#FFFFFF	#D3D3D3	5
3643	#FFFFFF	#D3D3D3	5
3644	#FFFFFF	#D3D3D3	5
3645	#FFFFFF	#D3D3D3	5
3646	#FFFFFF	#D3D3D3	6
3647	#FFFFFF	#D3D3D3	6
3648	#FFFFFF	#D3D3D3	6
3649	#FFFFFF	#D3D3D3	6
3650	#FFFFFF	#D3D3D3	6
3651	#FFFFFF	#D3D3D3	6
3652	#FFFFFF	#D3D3D3	6
3653	#FFFFFF	#D3D3D3	6
3654	#FFFFFF	#D3D3D3	8
3655	#FFFFFF	#D3D3D3	8
3657	#FFFFFF	#D3D3D3	8
3658	#FFFFFF	#D3D3D3	8
3659	#FFFFFF	#D3D3D3	8
3660	#FFFFFF	#D3D3D3	8
3661	#FFFFFF	#D3D3D3	8
3662	#FFFFFF	#D3D3D3	8
3663	#FFFFFF	#D3D3D3	6
3664	#FFFFFF	#D3D3D3	8
3665	#FFFFFF	#D3D3D3	8
3666	#FFFFFF	#D3D3D3	8
3667	#FFFFFF	#D3D3D3	8
3668	#FFFFFF	#D3D3D3	8
3669	#FFFFFF	#D3D3D3	8
3670	#FFFFFF	#D3D3D3	8
3671	#FFFFFF	#D3D3D3	8
3672	#FFFFFF	#D3D3D3	8
3673	#FFFFFF	#D3D3D3	8
3674	#FFFFFF	#D3D3D3	6
3675	#FFFFFF	#D3D3D3	5
3676	#FFFFFF	#D3D3D3	8
3677	#FFFFFF	#D3D3D3	8
3678	#FFFFFF	#D3D3D3	5
3679	#FFFFFF	#D3D3D3	5
3680	#FFFFFF	#D3D3D3	5
3681	#FFFFFF	#D3D3D3	5
3682	#FFFFFF	#D3D3D3	8
3683	#FFFFFF	#D3D3D3	8
3684	#FFFFFF	#D3D3D3	5
3685	#FFFFFF	#D3D3D3	6
3686	#FFFFFF	#D3D3D3	5
3687	#FFFFFF	#D3D3D3	5
3688	#FFFFFF	#D3D3D3	5
3689	#FFFFFF	#D3D3D3	5
3690	#FFFFFF	#D3D3D3	5
3691	#FFFFFF	#D3D3D3	5
3692	#FFFFFF	#D3D3D3	5
3693	#FFFFFF	#D3D3D3	5
3694	#FFFFFF	#D3D3D3	5
3695	#FFFFFF	#D3D3D3	5
3696	#FFFFFF	#D3D3D3	6
3697	#FFFFFF	#D3D3D3	6
3698	#FFFFFF	#D3D3D3	6
3699	#FFFFFF	#D3D3D3	6
3700	#FFFFFF	#D3D3D3	6
3702	#FFFFFF	#D3D3D3	6
3703	#FFFFFF	#D3D3D3	6
3704	#FFFFFF	#D3D3D3	8
3705	#FFFFFF	#D3D3D3	6
3706	#FFFFFF	#D3D3D3	44
3707	#FFFFFF	#D3D3D3	8
3708	#FFFFFF	#D3D3D3	8
3709	#FFFFFF	#D3D3D3	8
3710	#FFFFFF	#D3D3D3	8
3711	#FFFFFF	#D3D3D3	8
3712	#FFFFFF	#D3D3D3	8
3713	#FFFFFF	#D3D3D3	8
3714	#FFFFFF	#D3D3D3	6
3715	#FFFFFF	#D3D3D3	8
3716	#FFFFFF	#D3D3D3	8
3717	#FFFFFF	#D3D3D3	8
3718	#FFFFFF	#D3D3D3	8
3719	#FFFFFF	#D3D3D3	8
3720	#FFFFFF	#D3D3D3	8
3721	#FFFFFF	#D3D3D3	8
3722	#FFFFFF	#D3D3D3	8
3723	#FFFFFF	#D3D3D3	8
3724	#FFFFFF	#D3D3D3	5
3725	#FFFFFF	#D3D3D3	6
3726	#FFFFFF	#D3D3D3	5
3727	#FFFFFF	#D3D3D3	8
3728	#FFFFFF	#D3D3D3	5
3729	#FFFFFF	#D3D3D3	5
3730	#FFFFFF	#D3D3D3	5
3731	#FFFFFF	#D3D3D3	5
3732	#FFFFFF	#D3D3D3	5
3733	#FFFFFF	#D3D3D3	5
3734	#FFFFFF	#D3D3D3	5
3735	#FFFFFF	#D3D3D3	5
3736	#FFFFFF	#D3D3D3	6
3737	#FFFFFF	#D3D3D3	5
3738	#FFFFFF	#D3D3D3	5
3739	#FFFFFF	#D3D3D3	5
3740	#FFFFFF	#D3D3D3	5
3741	#FFFFFF	#D3D3D3	5
3742	#FFFFFF	#D3D3D3	5
3743	#FFFFFF	#D3D3D3	5
3744	#FFFFFF	#D3D3D3	5
3745	#FFFFFF	#D3D3D3	5
3746	#FFFFFF	#D3D3D3	6
3747	#FFFFFF	#D3D3D3	6
3748	#FFFFFF	#D3D3D3	6
3749	#FFFFFF	#D3D3D3	6
3750	#FFFFFF	#D3D3D3	6
3751	#FFFFFF	#D3D3D3	6
3752	#FFFFFF	#D3D3D3	6
3753	#FFFFFF	#D3D3D3	6
3754	#FFFFFF	#D3D3D3	6
3755	#FFFFFF	#D3D3D3	30
3756	#FFFFFF	#D3D3D3	8
3757	#FFFFFF	#D3D3D3	8
3758	#FFFFFF	#D3D3D3	8
3759	#FFFFFF	#D3D3D3	8
3760	#FFFFFF	#D3D3D3	8
3761	#FFFFFF	#D3D3D3	8
3762	#FFFFFF	#D3D3D3	8
3763	#FFFFFF	#D3D3D3	6
3764	#FFFFFF	#D3D3D3	8
3765	#FFFFFF	#D3D3D3	8
3766	#FFFFFF	#D3D3D3	8
3767	#FFFFFF	#D3D3D3	8
3768	#FFFFFF	#D3D3D3	8
3769	#FFFFFF	#D3D3D3	8
3770	#FFFFFF	#D3D3D3	8
3771	#FFFFFF	#D3D3D3	8
3772	#FFFFFF	#D3D3D3	8
3773	#FFFFFF	#D3D3D3	5
3774	#FFFFFF	#D3D3D3	6
3775	#FFFFFF	#D3D3D3	5
3776	#FFFFFF	#D3D3D3	5
3777	#FFFFFF	#D3D3D3	5
3778	#FFFFFF	#D3D3D3	5
3779	#FFFFFF	#D3D3D3	5
3780	#FFFFFF	#D3D3D3	5
3781	#FFFFFF	#D3D3D3	5
3782	#FFFFFF	#D3D3D3	5
3783	#FFFFFF	#D3D3D3	5
3784	#FFFFFF	#D3D3D3	5
3785	#FFFFFF	#D3D3D3	6
3786	#FFFFFF	#D3D3D3	5
3787	#FFFFFF	#D3D3D3	5
3788	#FFFFFF	#D3D3D3	5
3789	#FFFFFF	#D3D3D3	5
3790	#FFFFFF	#D3D3D3	5
3791	#FFFFFF	#D3D3D3	5
3792	#FFFFFF	#D3D3D3	5
3793	#FFFFFF	#D3D3D3	5
3794	#FFFFFF	#D3D3D3	5
3795	#FFFFFF	#D3D3D3	5
3796	#FFFFFF	#D3D3D3	6
3797	#FFFFFF	#D3D3D3	6
3798	#FFFFFF	#D3D3D3	6
3799	#FFFFFF	#D3D3D3	6
3800	#FFFFFF	#D3D3D3	6
3802	#FFFFFF	#D3D3D3	6
3803	#FFFFFF	#D3D3D3	6
3804	#FFFFFF	#D3D3D3	6
3806	#FFFFFF	#D3D3D3	8
3807	#FFFFFF	#D3D3D3	8
3808	#FFFFFF	#D3D3D3	8
3809	#FFFFFF	#D3D3D3	8
3810	#FFFFFF	#D3D3D3	8
3811	#FFFFFF	#D3D3D3	8
3812	#FFFFFF	#D3D3D3	8
3813	#FFFFFF	#D3D3D3	8
3814	#FFFFFF	#D3D3D3	6
3815	#FFFFFF	#D3D3D3	8
3816	#FFFFFF	#D3D3D3	8
3817	#FFFFFF	#D3D3D3	8
3818	#FFFFFF	#D3D3D3	8
3819	#FFFFFF	#D3D3D3	8
3820	#FFFFFF	#D3D3D3	8
3821	#FFFFFF	#D3D3D3	8
3822	#FFFFFF	#D3D3D3	8
3823	#FFFFFF	#D3D3D3	8
3824	#FFFFFF	#D3D3D3	5
3825	#FFFFFF	#D3D3D3	6
3826	#FFFFFF	#D3D3D3	5
3827	#FFFFFF	#D3D3D3	5
3828	#FFFFFF	#D3D3D3	5
3829	#FFFFFF	#D3D3D3	5
3830	#FFFFFF	#D3D3D3	5
3831	#FFFFFF	#D3D3D3	5
3832	#FFFFFF	#D3D3D3	5
3833	#FFFFFF	#D3D3D3	5
3834	#FFFFFF	#D3D3D3	5
3835	#FFFFFF	#D3D3D3	5
3836	#FFFFFF	#D3D3D3	6
3837	#FFFFFF	#D3D3D3	5
3838	#FFFFFF	#D3D3D3	5
3839	#FFFFFF	#D3D3D3	5
3840	#FFFFFF	#D3D3D3	5
3841	#FFFFFF	#D3D3D3	5
3842	#FFFFFF	#D3D3D3	5
3843	#FFFFFF	#D3D3D3	5
3844	#FFFFFF	#D3D3D3	5
3845	#FFFFFF	#D3D3D3	5
3846	#FFFFFF	#D3D3D3	6
3847	#FFFFFF	#D3D3D3	6
3848	#FFFFFF	#D3D3D3	6
3849	#FFFFFF	#D3D3D3	6
3850	#FFFFFF	#D3D3D3	6
3851	#FFFFFF	#D3D3D3	6
3852	#FFFFFF	#D3D3D3	6
3853	#FFFFFF	#D3D3D3	6
3854	#FFFFFF	#D3D3D3	30
3855	#FFFFFF	#D3D3D3	8
3856	#FFFFFF	#D3D3D3	8
3857	#FFFFFF	#D3D3D3	8
3858	#FFFFFF	#D3D3D3	8
3859	#FFFFFF	#D3D3D3	8
3860	#FFFFFF	#D3D3D3	8
3861	#FFFFFF	#D3D3D3	8
3862	#FFFFFF	#D3D3D3	8
3863	#FFFFFF	#D3D3D3	6
3864	#FFFFFF	#D3D3D3	8
3865	#FFFFFF	#D3D3D3	8
3866	#FFFFFF	#D3D3D3	8
3867	#FFFFFF	#D3D3D3	8
3868	#FFFFFF	#D3D3D3	8
3869	#FFFFFF	#D3D3D3	8
3870	#FFFFFF	#D3D3D3	8
3871	#FFFFFF	#D3D3D3	8
3872	#FFFFFF	#D3D3D3	8
3873	#FFFFFF	#D3D3D3	8
3874	#FFFFFF	#D3D3D3	6
3875	#FFFFFF	#D3D3D3	8
3876	#FFFFFF	#D3D3D3	8
3877	#FFFFFF	#D3D3D3	5
3878	#FFFFFF	#D3D3D3	5
3879	#FFFFFF	#D3D3D3	5
3880	#FFFFFF	#D3D3D3	5
3881	#FFFFFF	#D3D3D3	5
3882	#FFFFFF	#D3D3D3	5
3883	#FFFFFF	#D3D3D3	5
3884	#FFFFFF	#D3D3D3	5
3885	#FFFFFF	#D3D3D3	6
3886	#FFFFFF	#D3D3D3	5
3887	#FFFFFF	#D3D3D3	5
3888	#FFFFFF	#D3D3D3	5
3889	#FFFFFF	#D3D3D3	5
3890	#FFFFFF	#D3D3D3	5
3891	#FFFFFF	#D3D3D3	5
3892	#FFFFFF	#D3D3D3	5
3893	#FFFFFF	#D3D3D3	5
3894	#FFFFFF	#D3D3D3	5
3895	#FFFFFF	#D3D3D3	5
3896	#FFFFFF	#D3D3D3	6
3897	#FFFFFF	#D3D3D3	6
3898	#FFFFFF	#D3D3D3	6
3899	#FFFFFF	#D3D3D3	6
3900	#FFFFFF	#D3D3D3	6
3902	#FFFFFF	#D3D3D3	6
3903	#FFFFFF	#D3D3D3	6
3905	#FFFFFF	#D3D3D3	8
3906	#FFFFFF	#D3D3D3	8
3907	#FFFFFF	#D3D3D3	8
3908	#FFFFFF	#D3D3D3	8
3909	#FFFFFF	#D3D3D3	8
3910	#FFFFFF	#D3D3D3	8
3911	#FFFFFF	#D3D3D3	8
3912	#FFFFFF	#D3D3D3	8
3913	#FFFFFF	#D3D3D3	8
3914	#FFFFFF	#D3D3D3	6
3915	#FFFFFF	#D3D3D3	8
3916	#FFFFFF	#D3D3D3	8
3917	#FFFFFF	#D3D3D3	8
3918	#FFFFFF	#D3D3D3	8
3919	#FFFFFF	#D3D3D3	8
3920	#FFFFFF	#D3D3D3	8
3921	#FFFFFF	#D3D3D3	8
3922	#FFFFFF	#D3D3D3	8
3923	#FFFFFF	#D3D3D3	8
3924	#FFFFFF	#D3D3D3	8
3925	#FFFFFF	#D3D3D3	6
3926	#FFFFFF	#D3D3D3	8
3927	#FFFFFF	#D3D3D3	5
3928	#FFFFFF	#D3D3D3	5
3929	#FFFFFF	#D3D3D3	5
3930	#FFFFFF	#D3D3D3	5
3931	#FFFFFF	#D3D3D3	5
3932	#FFFFFF	#D3D3D3	5
3933	#FFFFFF	#D3D3D3	5
3934	#FFFFFF	#D3D3D3	5
3935	#FFFFFF	#D3D3D3	5
3936	#FFFFFF	#D3D3D3	6
3937	#FFFFFF	#D3D3D3	5
3938	#FFFFFF	#D3D3D3	5
3939	#FFFFFF	#D3D3D3	5
3940	#FFFFFF	#D3D3D3	5
3941	#FFFFFF	#D3D3D3	5
3942	#FFFFFF	#D3D3D3	5
3943	#FFFFFF	#D3D3D3	5
3944	#FFFFFF	#D3D3D3	5
3945	#FFFFFF	#D3D3D3	5
3946	#FFFFFF	#D3D3D3	6
3947	#FFFFFF	#D3D3D3	6
3948	#FFFFFF	#D3D3D3	6
3949	#FFFFFF	#D3D3D3	6
3950	#FFFFFF	#D3D3D3	6
3992	#CD1076	#000000	21
3993	#CD1076	#000000	21
3994	#CD1076	#000000	26
3995	#CD1076	#000000	29
3996	#CD1076	#000000	29
3997	#CD1076	#000000	29
3998	#CD1076	#000000	29
3999	#FFFFFF	#D3D3D3	8
4000	#FFFFFF	#D3D3D3	8
4001	#FFFFFF	#D3D3D3	9
4002	#FFFFFF	#D3D3D3	9
4003	#FFFFFF	#D3D3D3	8
4004	#CD1076	#000000	17
4005	#FFFFFF	#D3D3D3	8
4006	#FFFFFF	#D3D3D3	8
4007	#FFFFFF	#D3D3D3	8
4008	#FFFFFF	#D3D3D3	9
4009	#FFFFFF	#D3D3D3	9
4010	#FFFFFF	#D3D3D3	9
4011	#FFFFFF	#D3D3D3	9
4012	#FFFFFF	#D3D3D3	9
4013	#FFFFFF	#D3D3D3	9
4014	#FFFFFF	#D3D3D3	9
4015	#CD1076	#000000	17
4016	#FFFFFF	#D3D3D3	9
4017	#FFFFFF	#D3D3D3	9
4018	#FFFFFF	#D3D3D3	9
4019	#FFFFFF	#D3D3D3	9
4020	#FFFFFF	#D3D3D3	9
4021	#FFFFFF	#D3D3D3	9
4022	#FFFFFF	#D3D3D3	9
4023	#FFFFFF	#D3D3D3	9
4024	#FFFFFF	#D3D3D3	9
4025	#FFFFFF	#D3D3D3	9
4026	#CD1076	#000000	37
4027	#FFFFFF	#D3D3D3	9
4028	#FFFFFF	#D3D3D3	9
4029	#FFFFFF	#D3D3D3	9
4030	#FFFFFF	#D3D3D3	9
4031	#FFFFFF	#D3D3D3	9
4032	#FFFFFF	#D3D3D3	9
4033	#FFFFFF	#D3D3D3	8
4034	#FFFFFF	#D3D3D3	9
4035	#FFFFFF	#D3D3D3	9
4036	#FFFFFF	#D3D3D3	9
4037	#CD1076	#000000	37
4038	#CD1076	#000000	37
4039	#CD1076	#000000	29
4040	#CD1076	#000000	29
4041	#CD1076	#000000	26
4043	#CD1076	#000000	21
4044	#CD1076	#000000	17
4045	#CD1076	#000000	29
4046	#CD1076	#000000	29
4047	#CD1076	#000000	29
4048	#CD1076	#000000	29
4049	#FFFFFF	#D3D3D3	8
4050	#FFFFFF	#D3D3D3	8
4051	#FFFFFF	#D3D3D3	8
4052	#FFFFFF	#D3D3D3	9
4053	#FFFFFF	#D3D3D3	8
4054	#FFFFFF	#D3D3D3	8
4055	#CD1076	#000000	17
4056	#FFFFFF	#D3D3D3	9
4057	#FFFFFF	#D3D3D3	9
4058	#FFFFFF	#D3D3D3	9
4059	#FFFFFF	#D3D3D3	9
4060	#FFFFFF	#D3D3D3	9
4061	#FFFFFF	#D3D3D3	9
4062	#FFFFFF	#D3D3D3	9
4063	#FFFFFF	#D3D3D3	9
4064	#FFFFFF	#D3D3D3	9
4065	#FFFFFF	#D3D3D3	9
4066	#CD1076	#000000	17
4067	#FFFFFF	#D3D3D3	9
4068	#FFFFFF	#D3D3D3	9
4069	#FFFFFF	#D3D3D3	9
4070	#FFFFFF	#D3D3D3	9
4071	#FFFFFF	#D3D3D3	9
4072	#FFFFFF	#D3D3D3	9
4073	#FFFFFF	#D3D3D3	9
4074	#FFFFFF	#D3D3D3	9
4075	#FFFFFF	#D3D3D3	9
4076	#FFFFFF	#D3D3D3	9
4077	#CD1076	#000000	17
4078	#FFFFFF	#D3D3D3	9
4079	#FFFFFF	#D3D3D3	9
4080	#FFFFFF	#D3D3D3	9
4081	#FFFFFF	#D3D3D3	9
4082	#FFFFFF	#D3D3D3	9
4083	#FFFFFF	#D3D3D3	8
4084	#FFFFFF	#D3D3D3	9
4085	#FFFFFF	#D3D3D3	9
4086	#FFFFFF	#D3D3D3	9
4087	#CD1076	#000000	37
4088	#CD1076	#000000	4
4089	#CD1076	#000000	29
4090	#CD1076	#000000	26
4091	#CD1076	#000000	29
4092	#CD1076	#000000	21
4093	#CD1076	#000000	17
4094	#CD1076	#000000	29
4095	#CD1076	#000000	29
4096	#CD1076	#000000	29
4097	#CD1076	#000000	29
4098	#FFFFFF	#D3D3D3	8
4099	#FFFFFF	#D3D3D3	8
4100	#FFFFFF	#D3D3D3	8
4101	#FFFFFF	#D3D3D3	8
4102	#FFFFFF	#D3D3D3	9
4103	#FFFFFF	#D3D3D3	9
4104	#CD1076	#000000	17
4105	#FFFFFF	#D3D3D3	8
4106	#FFFFFF	#D3D3D3	9
4107	#FFFFFF	#D3D3D3	9
4108	#FFFFFF	#D3D3D3	9
4109	#FFFFFF	#D3D3D3	9
4110	#FFFFFF	#D3D3D3	9
4111	#FFFFFF	#D3D3D3	9
4112	#FFFFFF	#D3D3D3	9
4113	#FFFFFF	#D3D3D3	9
4114	#FFFFFF	#D3D3D3	9
4115	#CD1076	#000000	17
4116	#FFFFFF	#D3D3D3	9
4117	#FFFFFF	#D3D3D3	9
4118	#FFFFFF	#D3D3D3	9
4119	#FFFFFF	#D3D3D3	9
4120	#FFFFFF	#D3D3D3	9
4121	#FFFFFF	#D3D3D3	9
4122	#FFFFFF	#D3D3D3	9
4123	#FFFFFF	#D3D3D3	9
4124	#FFFFFF	#D3D3D3	9
4125	#FFFFFF	#D3D3D3	9
4126	#CD1076	#000000	17
4127	#FFFFFF	#D3D3D3	9
4128	#FFFFFF	#D3D3D3	9
4129	#FFFFFF	#D3D3D3	9
4130	#FFFFFF	#D3D3D3	9
4131	#FFFFFF	#D3D3D3	9
4132	#FFFFFF	#D3D3D3	9
4133	#FFFFFF	#D3D3D3	8
4134	#FFFFFF	#D3D3D3	9
4135	#FFFFFF	#D3D3D3	32
4137	#CD1076	#000000	37
4138	#CD1076	#000000	37
4139	#CD1076	#000000	4
4140	#CD1076	#000000	29
4141	#CD1076	#000000	29
4143	#CD1076	#000000	21
4144	#CD1076	#000000	69
4145	#CD1076	#000000	29
4146	#CD1076	#000000	29
4147	#CD1076	#000000	29
4148	#FFFFFF	#D3D3D3	8
4149	#FFFFFF	#D3D3D3	8
4150	#FFFFFF	#D3D3D3	8
4151	#FFFFFF	#D3D3D3	8
4152	#FFFFFF	#D3D3D3	9
4153	#FFFFFF	#D3D3D3	9
4154	#FFFFFF	#D3D3D3	8
4155	#CD1076	#000000	69
4156	#FFFFFF	#D3D3D3	8
4157	#FFFFFF	#D3D3D3	9
4158	#FFFFFF	#D3D3D3	9
4159	#FFFFFF	#D3D3D3	9
4160	#FFFFFF	#D3D3D3	9
4161	#FFFFFF	#D3D3D3	9
4162	#FFFFFF	#D3D3D3	9
4163	#FFFFFF	#D3D3D3	9
4164	#FFFFFF	#D3D3D3	9
4165	#FFFFFF	#D3D3D3	9
4166	#CD1076	#000000	17
4167	#FFFFFF	#D3D3D3	9
4168	#FFFFFF	#D3D3D3	9
4169	#FFFFFF	#D3D3D3	9
4170	#FFFFFF	#D3D3D3	9
4171	#FFFFFF	#D3D3D3	9
4172	#FFFFFF	#D3D3D3	9
4173	#FFFFFF	#D3D3D3	9
4174	#FFFFFF	#D3D3D3	9
4175	#FFFFFF	#D3D3D3	9
4176	#FFFFFF	#D3D3D3	9
4177	#CD1076	#000000	17
4178	#FFFFFF	#D3D3D3	9
4179	#FFFFFF	#D3D3D3	9
4180	#FFFFFF	#D3D3D3	9
4181	#FFFFFF	#D3D3D3	9
4182	#FFFFFF	#D3D3D3	9
4183	#FFFFFF	#D3D3D3	8
4184	#FFFFFF	#D3D3D3	9
4185	#FFFFFF	#D3D3D3	9
4186	#FFFFFF	#D3D3D3	32
4187	#CD1076	#000000	60
4188	#CD1076	#000000	4
4189	#CD1076	#000000	4
4190	#CD1076	#000000	29
4191	#CD1076	#000000	29
4192	#CD1076	#000000	21
4193	#CD1076	#000000	17
4194	#CD1076	#000000	29
4195	#CD1076	#000000	29
4196	#CD1076	#000000	29
4197	#FFFFFF	#D3D3D3	8
4198	#FFFFFF	#D3D3D3	8
4199	#FFFFFF	#D3D3D3	8
4200	#FFFFFF	#D3D3D3	8
4201	#FFFFFF	#D3D3D3	8
4202	#FFFFFF	#D3D3D3	9
4203	#FFFFFF	#D3D3D3	8
4204	#CD1076	#000000	69
4205	#FFFFFF	#D3D3D3	8
4206	#FFFFFF	#D3D3D3	8
4207	#FFFFFF	#D3D3D3	9
4208	#FFFFFF	#D3D3D3	9
4209	#FFFFFF	#D3D3D3	9
4210	#FFFFFF	#D3D3D3	9
4211	#FFFFFF	#D3D3D3	9
4212	#FFFFFF	#D3D3D3	9
4213	#FFFFFF	#D3D3D3	9
4214	#FFFFFF	#D3D3D3	9
4215	#CD1076	#000000	17
4216	#FFFFFF	#D3D3D3	9
4217	#FFFFFF	#D3D3D3	9
4218	#FFFFFF	#D3D3D3	9
4219	#FFFFFF	#D3D3D3	9
4220	#FFFFFF	#D3D3D3	9
4221	#FFFFFF	#D3D3D3	9
4222	#FFFFFF	#D3D3D3	9
4223	#FFFFFF	#D3D3D3	9
4224	#FFFFFF	#D3D3D3	9
4225	#FFFFFF	#D3D3D3	9
4226	#CD1076	#000000	17
4227	#FFFFFF	#D3D3D3	9
4228	#FFFFFF	#D3D3D3	9
4229	#FFFFFF	#D3D3D3	9
4230	#FFFFFF	#D3D3D3	9
4231	#FFFFFF	#D3D3D3	9
4232	#FFFFFF	#D3D3D3	9
4233	#FFFFFF	#D3D3D3	8
4234	#FFFFFF	#D3D3D3	9
4236	#FFFFFF	#D3D3D3	9
4237	#CD1076	#000000	60
4238	#CD1076	#000000	4
4239	#CD1076	#000000	4
4240	#CD1076	#000000	4
4241	#CD1076	#000000	29
4243	#CD1076	#000000	21
4244	#CD1076	#000000	17
4245	#CD1076	#000000	29
4246	#CD1076	#000000	29
4247	#FFFFFF	#D3D3D3	8
4248	#FFFFFF	#D3D3D3	8
4249	#FFFFFF	#D3D3D3	8
4250	#FFFFFF	#D3D3D3	8
4251	#FFFFFF	#D3D3D3	8
4252	#FFFFFF	#D3D3D3	8
4253	#FFFFFF	#D3D3D3	8
4254	#FFFFFF	#D3D3D3	9
4255	#CD1076	#000000	17
4256	#FFFFFF	#D3D3D3	9
4257	#FFFFFF	#D3D3D3	8
4258	#FFFFFF	#D3D3D3	8
4259	#FFFFFF	#D3D3D3	9
4260	#FFFFFF	#D3D3D3	9
4261	#FFFFFF	#D3D3D3	9
4262	#FFFFFF	#D3D3D3	9
4263	#FFFFFF	#D3D3D3	9
4264	#FFFFFF	#D3D3D3	9
4265	#FFFFFF	#D3D3D3	9
4266	#CD1076	#000000	17
4267	#FFFFFF	#D3D3D3	9
4268	#FFFFFF	#D3D3D3	9
4269	#FFFFFF	#D3D3D3	9
4270	#FFFFFF	#D3D3D3	9
4271	#FFFFFF	#D3D3D3	9
4272	#FFFFFF	#D3D3D3	9
4273	#FFFFFF	#D3D3D3	9
4274	#FFFFFF	#D3D3D3	9
4275	#FFFFFF	#D3D3D3	9
4276	#FFFFFF	#D3D3D3	9
4277	#CD1076	#000000	60
4278	#FFFFFF	#D3D3D3	9
4279	#FFFFFF	#D3D3D3	9
4280	#FFFFFF	#D3D3D3	9
4281	#FFFFFF	#D3D3D3	9
4282	#FFFFFF	#D3D3D3	9
4283	#FFFFFF	#D3D3D3	8
4284	#FFFFFF	#D3D3D3	8
4286	#FFFFFF	#D3D3D3	9
4287	#CD1076	#000000	60
4288	#CD1076	#000000	4
4289	#CD1076	#000000	4
4290	#CD1076	#000000	29
4291	#CD1076	#000000	29
4292	#CD1076	#000000	21
4293	#CD1076	#000000	21
4294	#CD1076	#000000	29
4295	#CD1076	#000000	29
4296	#FFFFFF	#D3D3D3	8
4297	#FFFFFF	#D3D3D3	8
4298	#FFFFFF	#D3D3D3	8
4299	#FFFFFF	#D3D3D3	8
4300	#FFFFFF	#D3D3D3	8
4301	#FFFFFF	#D3D3D3	8
4302	#FFFFFF	#D3D3D3	8
4303	#FFFFFF	#D3D3D3	8
4304	#CD1076	#000000	17
4305	#FFFFFF	#D3D3D3	9
4306	#FFFFFF	#D3D3D3	9
4307	#FFFFFF	#D3D3D3	8
4308	#FFFFFF	#D3D3D3	9
4309	#FFFFFF	#D3D3D3	9
4310	#FFFFFF	#D3D3D3	9
4311	#FFFFFF	#D3D3D3	9
4312	#FFFFFF	#D3D3D3	9
4313	#FFFFFF	#D3D3D3	9
4314	#FFFFFF	#D3D3D3	9
4315	#CD1076	#000000	17
4316	#FFFFFF	#D3D3D3	9
4317	#FFFFFF	#D3D3D3	9
4318	#FFFFFF	#D3D3D3	9
4319	#FFFFFF	#D3D3D3	9
4320	#FFFFFF	#D3D3D3	9
4321	#FFFFFF	#D3D3D3	9
4322	#FFFFFF	#D3D3D3	9
4323	#FFFFFF	#D3D3D3	9
4324	#FFFFFF	#D3D3D3	9
4325	#FFFFFF	#D3D3D3	9
4326	#CD1076	#000000	60
4327	#FFFFFF	#D3D3D3	9
4328	#FFFFFF	#D3D3D3	9
4329	#FFFFFF	#D3D3D3	9
4330	#FFFFFF	#D3D3D3	9
4331	#FFFFFF	#D3D3D3	9
4332	#FFFFFF	#D3D3D3	9
4333	#FFFFFF	#D3D3D3	8
4335	#FFFFFF	#D3D3D3	9
4336	#FFFFFF	#D3D3D3	9
4337	#CD1076	#000000	60
4338	#CD1076	#000000	60
4339	#CD1076	#000000	4
4340	#CD1076	#000000	29
4341	#CD1076	#000000	29
4343	#CD1076	#000000	21
4344	#CD1076	#000000	17
4345	#CD1076	#000000	29
4346	#FFFFFF	#D3D3D3	8
4347	#FFFFFF	#D3D3D3	8
4348	#FFFFFF	#D3D3D3	8
4349	#FFFFFF	#D3D3D3	8
4350	#FFFFFF	#D3D3D3	8
4351	#FFFFFF	#D3D3D3	8
4352	#FFFFFF	#D3D3D3	8
4353	#FFFFFF	#D3D3D3	8
4354	#FFFFFF	#D3D3D3	9
4355	#CD1076	#000000	17
4356	#FFFFFF	#D3D3D3	9
4357	#FFFFFF	#D3D3D3	9
4358	#FFFFFF	#D3D3D3	8
4359	#FFFFFF	#D3D3D3	9
4360	#FFFFFF	#D3D3D3	9
4361	#FFFFFF	#D3D3D3	9
4362	#FFFFFF	#D3D3D3	9
4363	#FFFFFF	#D3D3D3	9
4364	#FFFFFF	#D3D3D3	9
4365	#FFFFFF	#D3D3D3	9
4366	#CD1076	#000000	18
4367	#FFFFFF	#D3D3D3	9
4368	#FFFFFF	#D3D3D3	9
4369	#FFFFFF	#D3D3D3	9
4370	#FFFFFF	#D3D3D3	9
4371	#FFFFFF	#D3D3D3	9
4372	#FFFFFF	#D3D3D3	9
4373	#FFFFFF	#D3D3D3	9
4374	#FFFFFF	#D3D3D3	9
4375	#FFFFFF	#D3D3D3	9
4376	#FFFFFF	#D3D3D3	9
4377	#CD1076	#000000	18
4378	#FFFFFF	#D3D3D3	9
4379	#FFFFFF	#D3D3D3	9
4380	#FFFFFF	#D3D3D3	9
4381	#FFFFFF	#D3D3D3	8
4382	#FFFFFF	#D3D3D3	8
4383	#FFFFFF	#D3D3D3	8
4385	#FFFFFF	#D3D3D3	8
4386	#FFFFFF	#D3D3D3	9
4387	#CD1076	#000000	18
4388	#CD1076	#000000	60
4389	#CD1076	#000000	75
4390	#CD1076	#000000	29
4391	#CD1076	#000000	29
4392	#CD1076	#000000	21
4393	#CD1076	#000000	17
4394	#CD1076	#000000	29
4395	#FFFFFF	#D3D3D3	8
4396	#FFFFFF	#D3D3D3	8
4397	#FFFFFF	#D3D3D3	8
4398	#FFFFFF	#D3D3D3	8
4399	#FFFFFF	#D3D3D3	8
4400	#FFFFFF	#D3D3D3	8
4401	#FFFFFF	#D3D3D3	8
4402	#FFFFFF	#D3D3D3	8
4403	#FFFFFF	#D3D3D3	9
4404	#CD1076	#000000	17
4405	#FFFFFF	#D3D3D3	9
4406	#FFFFFF	#D3D3D3	9
4407	#FFFFFF	#D3D3D3	9
4408	#FFFFFF	#D3D3D3	8
4409	#FFFFFF	#D3D3D3	8
4410	#FFFFFF	#D3D3D3	9
4411	#FFFFFF	#D3D3D3	8
4412	#FFFFFF	#D3D3D3	9
4413	#FFFFFF	#D3D3D3	9
4414	#FFFFFF	#D3D3D3	9
4415	#CD1076	#000000	75
4416	#FFFFFF	#D3D3D3	9
4417	#FFFFFF	#D3D3D3	9
4418	#FFFFFF	#D3D3D3	9
4419	#FFFFFF	#D3D3D3	9
4420	#FFFFFF	#D3D3D3	9
4421	#FFFFFF	#D3D3D3	9
4422	#FFFFFF	#D3D3D3	9
4423	#FFFFFF	#D3D3D3	9
4424	#FFFFFF	#D3D3D3	9
4425	#FFFFFF	#D3D3D3	9
4426	#CD1076	#000000	18
4427	#FFFFFF	#D3D3D3	9
4428	#FFFFFF	#D3D3D3	9
4429	#FFFFFF	#D3D3D3	9
4430	#FFFFFF	#D3D3D3	8
4431	#FFFFFF	#D3D3D3	8
4432	#FFFFFF	#D3D3D3	8
4434	#FFFFFF	#D3D3D3	8
4435	#FFFFFF	#D3D3D3	9
4436	#FFFFFF	#D3D3D3	9
4437	#CD1076	#000000	18
4438	#CD1076	#000000	75
4439	#CD1076	#000000	75
4440	#CD1076	#000000	75
4441	#CD1076	#000000	75
4443	#CD1076	#000000	21
4444	#CD1076	#000000	17
4445	#FFFFFF	#D3D3D3	8
4446	#FFFFFF	#D3D3D3	8
4447	#FFFFFF	#D3D3D3	8
4448	#FFFFFF	#D3D3D3	8
4449	#FFFFFF	#D3D3D3	8
4450	#FFFFFF	#D3D3D3	8
4451	#FFFFFF	#D3D3D3	8
4452	#FFFFFF	#D3D3D3	8
4453	#FFFFFF	#D3D3D3	8
4454	#FFFFFF	#D3D3D3	8
4455	#CD1076	#000000	75
4456	#FFFFFF	#D3D3D3	8
4457	#FFFFFF	#D3D3D3	8
4458	#FFFFFF	#D3D3D3	9
4459	#FFFFFF	#D3D3D3	8
4460	#FFFFFF	#D3D3D3	9
4461	#FFFFFF	#D3D3D3	8
4462	#FFFFFF	#D3D3D3	9
4463	#FFFFFF	#D3D3D3	9
4464	#FFFFFF	#D3D3D3	9
4465	#FFFFFF	#D3D3D3	8
4466	#CD1076	#000000	73
4467	#FFFFFF	#D3D3D3	9
4468	#FFFFFF	#D3D3D3	9
4469	#FFFFFF	#D3D3D3	9
4470	#FFFFFF	#D3D3D3	9
4471	#FFFFFF	#D3D3D3	9
4472	#FFFFFF	#D3D3D3	9
4473	#FFFFFF	#D3D3D3	9
4474	#FFFFFF	#D3D3D3	9
4475	#FFFFFF	#D3D3D3	9
4476	#FFFFFF	#D3D3D3	9
4477	#CD1076	#000000	18
4478	#FFFFFF	#D3D3D3	9
4479	#FFFFFF	#D3D3D3	9
4480	#FFFFFF	#D3D3D3	9
4481	#FFFFFF	#D3D3D3	9
4482	#FFFFFF	#D3D3D3	8
4484	#FFFFFF	#D3D3D3	9
4485	#FFFFFF	#D3D3D3	8
4486	#FFFFFF	#D3D3D3	9
4487	#CD1076	#000000	18
4488	#CD1076	#000000	75
4489	#CD1076	#000000	75
4490	#CD1076	#000000	75
4491	#CD1076	#000000	75
4492	#CD1076	#000000	21
4493	#CD1076	#000000	21
4494	#CD1076	#000000	37
4495	#CD1076	#000000	37
4496	#CD1076	#000000	11
4497	#CD1076	#000000	37
4498	#FFFFFF	#D3D3D3	9
4499	#FFFFFF	#D3D3D3	9
4500	#FFFFFF	#D3D3D3	9
4501	#FFFFFF	#D3D3D3	9
4502	#FFFFFF	#D3D3D3	9
4503	#FFFFFF	#D3D3D3	9
4504	#CD1076	#000000	17
4505	#FFFFFF	#D3D3D3	9
4506	#FFFFFF	#D3D3D3	9
4507	#FFFFFF	#D3D3D3	9
4508	#FFFFFF	#D3D3D3	9
4509	#FFFFFF	#D3D3D3	9
4510	#FFFFFF	#D3D3D3	9
4511	#FFFFFF	#D3D3D3	9
4512	#FFFFFF	#D3D3D3	9
4513	#FFFFFF	#D3D3D3	9
4514	#FFFFFF	#D3D3D3	9
4515	#CD1076	#000000	17
4516	#FFFFFF	#D3D3D3	9
4517	#FFFFFF	#D3D3D3	9
4518	#FFFFFF	#D3D3D3	9
4519	#FFFFFF	#D3D3D3	9
4520	#FFFFFF	#D3D3D3	9
4521	#FFFFFF	#D3D3D3	9
4522	#FFFFFF	#D3D3D3	9
4523	#FFFFFF	#D3D3D3	9
4524	#FFFFFF	#D3D3D3	9
4525	#FFFFFF	#D3D3D3	9
4526	#CD1076	#000000	17
4527	#FFFFFF	#D3D3D3	9
4528	#FFFFFF	#D3D3D3	9
4529	#FFFFFF	#D3D3D3	9
4530	#FFFFFF	#D3D3D3	9
4531	#FFFFFF	#D3D3D3	9
4532	#FFFFFF	#D3D3D3	9
4537	#CD1076	#000000	17
4538	#CD1076	#000000	37
4539	#CD1076	#000000	12
4540	#CD1076	#000000	12
4541	#CD1076	#000000	12
4543	#CD1076	#000000	21
4544	#CD1076	#000000	21
4545	#CD1076	#000000	37
4546	#CD1076	#000000	37
4547	#CD1076	#000000	37
4548	#FFFFFF	#D3D3D3	9
4549	#FFFFFF	#D3D3D3	9
4550	#FFFFFF	#D3D3D3	9
4551	#FFFFFF	#D3D3D3	9
4552	#FFFFFF	#D3D3D3	9
4553	#FFFFFF	#D3D3D3	9
4554	#FFFFFF	#D3D3D3	9
4555	#CD1076	#000000	17
4556	#FFFFFF	#D3D3D3	9
4557	#FFFFFF	#D3D3D3	9
4558	#FFFFFF	#D3D3D3	9
4559	#FFFFFF	#D3D3D3	9
4560	#FFFFFF	#D3D3D3	9
4561	#FFFFFF	#D3D3D3	9
4562	#FFFFFF	#D3D3D3	9
4563	#FFFFFF	#D3D3D3	9
4564	#FFFFFF	#D3D3D3	9
4565	#FFFFFF	#D3D3D3	9
4566	#CD1076	#000000	17
4567	#FFFFFF	#D3D3D3	9
4568	#FFFFFF	#D3D3D3	9
4569	#FFFFFF	#D3D3D3	9
4570	#FFFFFF	#D3D3D3	9
4571	#FFFFFF	#D3D3D3	9
4572	#FFFFFF	#D3D3D3	9
4573	#FFFFFF	#D3D3D3	9
4574	#FFFFFF	#D3D3D3	9
4575	#FFFFFF	#D3D3D3	9
4576	#FFFFFF	#D3D3D3	9
4577	#CD1076	#000000	17
4578	#FFFFFF	#D3D3D3	9
4579	#FFFFFF	#D3D3D3	9
4580	#FFFFFF	#D3D3D3	9
4581	#FFFFFF	#D3D3D3	9
4582	#FFFFFF	#D3D3D3	9
4587	#CD1076	#000000	37
4588	#CD1076	#000000	37
4589	#CD1076	#000000	37
4590	#CD1076	#000000	12
4591	#CD1076	#000000	12
4592	#CD1076	#000000	21
4593	#CD1076	#000000	21
4594	#CD1076	#000000	12
4595	#CD1076	#000000	37
4596	#CD1076	#000000	37
4597	#FFFFFF	#D3D3D3	9
4598	#FFFFFF	#D3D3D3	9
4599	#FFFFFF	#D3D3D3	9
4600	#FFFFFF	#D3D3D3	9
4601	#FFFFFF	#D3D3D3	9
4602	#FFFFFF	#D3D3D3	9
4603	#FFFFFF	#D3D3D3	9
4604	#CD1076	#000000	25
4605	#FFFFFF	#D3D3D3	9
4606	#FFFFFF	#D3D3D3	9
4607	#FFFFFF	#D3D3D3	9
4608	#FFFFFF	#D3D3D3	9
4609	#FFFFFF	#D3D3D3	9
4610	#FFFFFF	#D3D3D3	9
4611	#FFFFFF	#D3D3D3	9
4612	#FFFFFF	#D3D3D3	9
4613	#FFFFFF	#D3D3D3	9
4614	#FFFFFF	#D3D3D3	9
4615	#CD1076	#000000	17
4616	#FFFFFF	#D3D3D3	9
4617	#FFFFFF	#D3D3D3	9
4618	#FFFFFF	#D3D3D3	9
4619	#FFFFFF	#D3D3D3	9
4620	#FFFFFF	#D3D3D3	9
4621	#FFFFFF	#D3D3D3	9
4622	#FFFFFF	#D3D3D3	9
4623	#FFFFFF	#D3D3D3	9
4624	#FFFFFF	#D3D3D3	9
4625	#FFFFFF	#D3D3D3	9
4626	#CD1076	#000000	17
4627	#FFFFFF	#D3D3D3	9
4628	#FFFFFF	#D3D3D3	9
4629	#FFFFFF	#D3D3D3	9
4630	#FFFFFF	#D3D3D3	9
4631	#FFFFFF	#D3D3D3	9
4637	#CD1076	#000000	17
4638	#CD1076	#000000	37
4639	#CD1076	#000000	37
4640	#CD1076	#000000	12
4641	#CD1076	#000000	12
4643	#CD1076	#000000	21
4644	#CD1076	#000000	25
4645	#CD1076	#000000	12
4646	#CD1076	#000000	37
4647	#FFFFFF	#D3D3D3	9
4648	#FFFFFF	#D3D3D3	9
4649	#FFFFFF	#D3D3D3	9
4650	#FFFFFF	#D3D3D3	9
4651	#FFFFFF	#D3D3D3	9
4652	#FFFFFF	#D3D3D3	9
4653	#FFFFFF	#D3D3D3	9
4654	#FFFFFF	#D3D3D3	9
4655	#CD1076	#000000	25
4656	#FFFFFF	#D3D3D3	9
4657	#FFFFFF	#D3D3D3	9
4658	#FFFFFF	#D3D3D3	9
4659	#FFFFFF	#D3D3D3	9
4660	#FFFFFF	#D3D3D3	9
4661	#FFFFFF	#D3D3D3	9
4662	#FFFFFF	#D3D3D3	9
4663	#FFFFFF	#D3D3D3	9
4664	#FFFFFF	#D3D3D3	9
4665	#FFFFFF	#D3D3D3	9
4666	#CD1076	#000000	17
4667	#FFFFFF	#D3D3D3	9
4668	#FFFFFF	#D3D3D3	9
4669	#FFFFFF	#D3D3D3	9
4670	#FFFFFF	#D3D3D3	9
4671	#FFFFFF	#D3D3D3	9
4672	#FFFFFF	#D3D3D3	9
4673	#FFFFFF	#D3D3D3	9
4674	#FFFFFF	#D3D3D3	9
4675	#FFFFFF	#D3D3D3	9
4676	#FFFFFF	#D3D3D3	9
4677	#CD1076	#000000	37
4678	#FFFFFF	#D3D3D3	9
4679	#FFFFFF	#D3D3D3	9
4680	#FFFFFF	#D3D3D3	9
4681	#FFFFFF	#D3D3D3	9
4687	#CD1076	#000000	17
4688	#CD1076	#000000	37
4689	#CD1076	#000000	37
4690	#CD1076	#000000	12
4691	#CD1076	#000000	12
4692	#CD1076	#000000	21
4693	#CD1076	#000000	25
4694	#CD1076	#000000	12
4695	#CD1076	#000000	37
4696	#FFFFFF	#D3D3D3	9
4697	#FFFFFF	#D3D3D3	9
4698	#FFFFFF	#D3D3D3	9
4699	#FFFFFF	#D3D3D3	9
4700	#FFFFFF	#D3D3D3	9
4701	#FFFFFF	#D3D3D3	9
4702	#FFFFFF	#D3D3D3	9
4703	#FFFFFF	#D3D3D3	9
4704	#CD1076	#000000	25
4705	#FFFFFF	#D3D3D3	9
4706	#FFFFFF	#D3D3D3	9
4707	#FFFFFF	#D3D3D3	9
4708	#FFFFFF	#D3D3D3	9
4709	#FFFFFF	#D3D3D3	9
4710	#FFFFFF	#D3D3D3	9
4711	#FFFFFF	#D3D3D3	9
4712	#FFFFFF	#D3D3D3	9
4713	#FFFFFF	#D3D3D3	9
4714	#FFFFFF	#D3D3D3	9
4715	#CD1076	#000000	25
4716	#FFFFFF	#D3D3D3	9
4717	#FFFFFF	#D3D3D3	9
4718	#FFFFFF	#D3D3D3	9
4719	#FFFFFF	#D3D3D3	9
4720	#FFFFFF	#D3D3D3	9
4721	#FFFFFF	#D3D3D3	9
4722	#FFFFFF	#D3D3D3	9
4723	#FFFFFF	#D3D3D3	9
4724	#FFFFFF	#D3D3D3	9
4725	#FFFFFF	#D3D3D3	9
4726	#CD1076	#000000	25
4727	#FFFFFF	#D3D3D3	9
4728	#FFFFFF	#D3D3D3	9
4729	#FFFFFF	#D3D3D3	9
4730	#FFFFFF	#D3D3D3	9
4737	#CD1076	#000000	37
4738	#CD1076	#000000	37
4739	#CD1076	#000000	37
4740	#CD1076	#000000	37
4741	#CD1076	#000000	12
4743	#CD1076	#000000	21
4744	#CD1076	#000000	25
4745	#CD1076	#000000	37
4746	#FFFFFF	#D3D3D3	9
4747	#FFFFFF	#D3D3D3	9
4748	#FFFFFF	#D3D3D3	9
4749	#FFFFFF	#D3D3D3	9
4750	#FFFFFF	#D3D3D3	9
4751	#FFFFFF	#D3D3D3	9
4752	#FFFFFF	#D3D3D3	9
4753	#FFFFFF	#D3D3D3	9
4754	#FFFFFF	#D3D3D3	9
4755	#CD1076	#000000	25
4756	#FFFFFF	#D3D3D3	9
4757	#FFFFFF	#D3D3D3	9
4758	#FFFFFF	#D3D3D3	9
4759	#FFFFFF	#D3D3D3	9
4760	#FFFFFF	#D3D3D3	9
4761	#FFFFFF	#D3D3D3	9
4762	#FFFFFF	#D3D3D3	9
4763	#FFFFFF	#D3D3D3	9
4764	#FFFFFF	#D3D3D3	9
4765	#FFFFFF	#D3D3D3	9
4766	#CD1076	#000000	25
4767	#FFFFFF	#D3D3D3	9
4768	#FFFFFF	#D3D3D3	9
4769	#FFFFFF	#D3D3D3	9
4770	#FFFFFF	#D3D3D3	9
4771	#FFFFFF	#D3D3D3	9
4772	#FFFFFF	#D3D3D3	9
4773	#FFFFFF	#D3D3D3	9
4774	#FFFFFF	#D3D3D3	9
4775	#FFFFFF	#D3D3D3	9
4776	#FFFFFF	#D3D3D3	9
4777	#CD1076	#000000	37
4778	#FFFFFF	#D3D3D3	9
4779	#FFFFFF	#D3D3D3	9
4780	#FFFFFF	#D3D3D3	9
4787	#CD1076	#000000	37
4788	#CD1076	#000000	37
4789	#CD1076	#000000	37
4790	#CD1076	#000000	37
4791	#CD1076	#000000	37
4792	#CD1076	#000000	21
4793	#CD1076	#000000	21
4794	#CD1076	#000000	37
4795	#FFFFFF	#D3D3D3	9
4796	#FFFFFF	#D3D3D3	9
4797	#FFFFFF	#D3D3D3	9
4798	#FFFFFF	#D3D3D3	9
4799	#FFFFFF	#D3D3D3	9
4800	#FFFFFF	#D3D3D3	9
4801	#FFFFFF	#D3D3D3	9
4802	#FFFFFF	#D3D3D3	9
4803	#FFFFFF	#D3D3D3	9
4804	#CD1076	#000000	25
4805	#FFFFFF	#D3D3D3	9
4806	#FFFFFF	#D3D3D3	9
4807	#FFFFFF	#D3D3D3	9
4808	#FFFFFF	#D3D3D3	9
4809	#FFFFFF	#D3D3D3	9
4810	#FFFFFF	#D3D3D3	9
4811	#FFFFFF	#D3D3D3	9
4812	#FFFFFF	#D3D3D3	9
4813	#FFFFFF	#D3D3D3	9
4814	#FFFFFF	#D3D3D3	9
4815	#CD1076	#000000	37
4816	#FFFFFF	#D3D3D3	9
4817	#FFFFFF	#D3D3D3	9
4818	#FFFFFF	#D3D3D3	9
4819	#FFFFFF	#D3D3D3	9
4820	#FFFFFF	#D3D3D3	9
4821	#FFFFFF	#D3D3D3	9
4822	#FFFFFF	#D3D3D3	9
4823	#FFFFFF	#D3D3D3	9
4824	#FFFFFF	#D3D3D3	9
4825	#FFFFFF	#D3D3D3	9
4826	#CD1076	#000000	37
4827	#FFFFFF	#D3D3D3	9
4828	#FFFFFF	#D3D3D3	9
4829	#FFFFFF	#D3D3D3	9
4837	#CD1076	#000000	37
4838	#CD1076	#000000	37
4839	#CD1076	#000000	37
4840	#CD1076	#000000	37
4841	#CD1076	#000000	37
4843	#CD1076	#000000	21
4844	#CD1076	#000000	25
4845	#FFFFFF	#D3D3D3	9
4846	#FFFFFF	#D3D3D3	9
4847	#FFFFFF	#D3D3D3	9
4848	#FFFFFF	#D3D3D3	9
4849	#FFFFFF	#D3D3D3	9
4850	#FFFFFF	#D3D3D3	9
4851	#FFFFFF	#D3D3D3	9
4852	#FFFFFF	#D3D3D3	9
4853	#FFFFFF	#D3D3D3	9
4854	#FFFFFF	#D3D3D3	9
4855	#CD1076	#000000	37
4856	#FFFFFF	#D3D3D3	9
4857	#FFFFFF	#D3D3D3	9
4858	#FFFFFF	#D3D3D3	9
4859	#FFFFFF	#D3D3D3	9
4860	#FFFFFF	#D3D3D3	9
4861	#FFFFFF	#D3D3D3	9
4862	#FFFFFF	#D3D3D3	9
4863	#FFFFFF	#D3D3D3	9
4864	#FFFFFF	#D3D3D3	9
4865	#FFFFFF	#D3D3D3	9
4866	#CD1076	#000000	37
4867	#FFFFFF	#D3D3D3	9
4868	#FFFFFF	#D3D3D3	9
4869	#FFFFFF	#D3D3D3	9
4870	#FFFFFF	#D3D3D3	9
4871	#FFFFFF	#D3D3D3	9
4872	#FFFFFF	#D3D3D3	9
4873	#FFFFFF	#D3D3D3	9
4874	#FFFFFF	#D3D3D3	9
4875	#FFFFFF	#D3D3D3	9
4876	#FFFFFF	#D3D3D3	9
4877	#CD1076	#000000	37
4878	#FFFFFF	#D3D3D3	9
4879	#FFFFFF	#D3D3D3	9
4887	#CD1076	#000000	37
4888	#CD1076	#000000	37
4889	#CD1076	#000000	37
4890	#CD1076	#000000	37
4891	#CD1076	#000000	37
4892	#CD1076	#000000	21
4893	#CD1076	#000000	21
4894	#FFFFFF	#D3D3D3	9
4895	#FFFFFF	#D3D3D3	9
4896	#FFFFFF	#D3D3D3	9
4897	#FFFFFF	#D3D3D3	9
4898	#FFFFFF	#D3D3D3	9
4899	#FFFFFF	#D3D3D3	9
4900	#FFFFFF	#D3D3D3	9
4901	#FFFFFF	#D3D3D3	9
4902	#FFFFFF	#D3D3D3	9
4903	#FFFFFF	#D3D3D3	9
4904	#CD1076	#000000	25
4905	#FFFFFF	#D3D3D3	9
4906	#FFFFFF	#D3D3D3	9
4907	#FFFFFF	#D3D3D3	9
4908	#FFFFFF	#D3D3D3	9
4909	#FFFFFF	#D3D3D3	9
4910	#FFFFFF	#D3D3D3	9
4911	#FFFFFF	#D3D3D3	9
4912	#FFFFFF	#D3D3D3	9
4913	#FFFFFF	#D3D3D3	9
4914	#FFFFFF	#D3D3D3	9
4915	#CD1076	#000000	37
4916	#FFFFFF	#D3D3D3	9
4917	#FFFFFF	#D3D3D3	9
4918	#FFFFFF	#D3D3D3	9
4919	#FFFFFF	#D3D3D3	9
4920	#FFFFFF	#D3D3D3	9
4921	#FFFFFF	#D3D3D3	9
4922	#FFFFFF	#D3D3D3	9
4923	#FFFFFF	#D3D3D3	9
4924	#FFFFFF	#D3D3D3	9
4925	#FFFFFF	#D3D3D3	9
4926	#CD1076	#000000	37
4927	#FFFFFF	#D3D3D3	9
4928	#FFFFFF	#D3D3D3	9
4937	#CD1076	#000000	37
4938	#CD1076	#000000	37
4939	#CD1076	#000000	37
4940	#CD1076	#000000	37
4941	#CD1076	#000000	37
4943	#CD1076	#000000	21
4944	#CD1076	#000000	25
4945	#FFFFFF	#D3D3D3	9
4946	#FFFFFF	#D3D3D3	9
4947	#FFFFFF	#D3D3D3	9
4948	#FFFFFF	#D3D3D3	9
4949	#FFFFFF	#D3D3D3	9
4950	#FFFFFF	#D3D3D3	9
4951	#FFFFFF	#D3D3D3	9
4952	#FFFFFF	#D3D3D3	9
4953	#FFFFFF	#D3D3D3	9
4954	#FFFFFF	#D3D3D3	9
4955	#CD1076	#000000	37
4956	#FFFFFF	#D3D3D3	9
4957	#FFFFFF	#D3D3D3	9
4958	#FFFFFF	#D3D3D3	9
4959	#FFFFFF	#D3D3D3	9
4960	#FFFFFF	#D3D3D3	9
4961	#FFFFFF	#D3D3D3	9
4962	#FFFFFF	#D3D3D3	9
4963	#FFFFFF	#D3D3D3	9
4964	#FFFFFF	#D3D3D3	9
4965	#FFFFFF	#D3D3D3	9
4966	#CD1076	#000000	37
4967	#FFFFFF	#D3D3D3	9
4968	#FFFFFF	#D3D3D3	9
4969	#FFFFFF	#D3D3D3	9
4970	#FFFFFF	#D3D3D3	9
4971	#FFFFFF	#D3D3D3	9
4972	#FFFFFF	#D3D3D3	9
4973	#FFFFFF	#D3D3D3	9
4974	#FFFFFF	#D3D3D3	9
4975	#FFFFFF	#D3D3D3	9
4976	#FFFFFF	#D3D3D3	9
4977	#CD1076	#000000	37
4978	#FFFFFF	#D3D3D3	9
4987	#CD1076	#000000	37
4988	#CD1076	#000000	37
4989	#CD1076	#000000	37
4990	#CD1076	#000000	37
4991	#FFFFFF	#D3D3D3	9
