x	y	clickSelects
-0.00247677790986149	0.0181214521795854	6
0.0154514544163077	0.11120731851545	6
-0.0593422924585415	0.3820485656484	6
-0.00583608984109496	0.0283948688362999	6
-0.0382810773972686	0.203063541098363	6
-0.048310652653527	0.159705011561993	6
-0.0944234307822505	0.218616929244287	6
0.0468116835048319	0.112356719587701	6
-0.117442969945814	0.325502613134147	6
0.0597947397465295	0.115691277663791	6
0.0197243282969561	0.0353050521882449	6
-0.0271219164768857	0.0635064267172407	6
0.0412930854545189	0.0913071039861241	6
-0.0558046150851288	0.0990676122101566	6
0.00647095270969589	0.0148420441238903	6
0.0118853026080947	0.0293207201755834	6
0.114668268760513	0.512928408625518	6
-0.0593093724341634	0.201210887225582	6
-0.0230158169827138	0.0805986560262332	6
-0.0100807005604221	0.0216011035865754	6
-0.011729856670707	0.0274273568832619	6
0.0987165434451605	0.30775768772999	6
-0.00251698962884772	0.00487357449015785	6
0.0616331007961661	0.136570511235302	6
-0.100644493911238	0.544180120431448	6
0.093264415123607	0.219601597733121	6
-0.00865247211838563	0.0214774481147619	6
0.0324714480979836	0.0633642718974392	6
0.106414398404837	0.136360468310175	6
0.0128559668282396	0.00324833418577329	6
-0.0922218436542782	0.20091516114493	6
0.0552892270092908	0.133780894206279	6
0.103413857706642	0.394774784127879	6
-0.0814727305564446	0.222320196906046	6
0.10639426793393	0.293212173593223	6
0.0604898241709356	0.143459223408114	6
-0.104247687266063	0.21503576243516	6
0.0719980417011245	0.179230778805587	6
-0.00376830701168339	0.0116791350214493	6
-0.02425246936065	0.0671039564917979	6
-0.0139967074329035	0.0188455416522504	6
-0.0683056134806678	0.0809667597172762	6
0.0586875611431788	0.0735298098276594	6
0.0408217297194921	0.042934645129718	6
0.0315488252729376	0.0450150127621642	8
-0.0161225276014169	0.0250102333479658	8
-0.0810188503225226	0.364374802788425	8
0.0443232652374151	0.193490721325885	8
-0.0592446412506869	0.265640786025366	8
0.0404038943872629	0.127465791113394	8
-0.0941379833788783	0.220653240561608	8
0.0481544926191306	0.0906820166159561	8
-0.113045864447312	0.275941499444847	5
-0.0591298358377074	0.0907790076566891	5
0.0140976515485693	0.0204516247188282	5
-0.0424750191064633	0.0611877730102541	8
0.109701527402617	0.161332219029651	8
0.0869437549669838	0.0725634355291254	8
-0.0187120825663592	0.0358562920156758	8
0.0486687900722753	0.145100583766689	8
0.0954618479444288	0.361743412958838	8
0.073962554277962	0.236572444702012	8
0.0983740276977233	0.324279964507055	8
0.0599624435137775	0.137520024920743	8
0.078602219923086	0.119876271450593	8
0.0978123509588998	0.187562990208241	8
-0.111033727204608	0.342389555236962	8
0.0243304079664331	0.0582170041293296	8
-0.0473927476627094	0.0920290627757594	8
-0.109214844657697	0.101104659526507	8
-0.0914835071814262	0.305680676193186	8
-0.0261228735862911	0.0788684428996941	8
-0.0329807891519645	0.118125272612973	8
0.0534492505607851	0.151047413583709	8
-0.0206190320973902	0.0567330590316097	8
-0.111308229144823	0.380935647216621	8
-0.0697109212051941	0.287797731777005	8
0.0690124588708567	0.36817113690875	8
0.0524097096254516	0.194173788853831	8
-0.0256014626712421	0.22326724612291	6
-0.0280004692999342	0.233478730372363	6
-0.0297826469398455	0.195413779490634	6
0.0335626914594344	0.219683387917134	6
0.0104685522625793	0.0561057305391997	6
0.051360636170456	0.308377411382738	6
-0.0498182668602766	0.195606501124313	6
0.106316237832433	0.275367299734329	6
0.113441334236722	0.337916409724225	6
0.0509790485613988	0.096379757863822	6
0.0540055217224745	0.133357347061038	6
-0.0572830388906074	0.128443261448817	6
0.0893304396978647	0.166366103155183	6
0.0236938252655753	0.0496497683840151	6
0.105792662374681	0.262261841631581	6
0.0823895289065035	0.237668553589177	6
-0.00658575188952751	0.0162802185130294	6
0.0146364639313787	0.0352633674223716	6
-0.0794473664291582	0.32032258020464	6
0.0940769969477463	0.465290671782421	6
-0.0527635934017971	0.208024196956713	6
0.0210669090947753	0.0732253467099209	6
-0.114233970277457	0.506399509268381	6
0.00586324368983961	0.0123854813169438	6
0.0062837560892866	0.0139063369726797	6
0.0228730850565902	0.0579518060710517	6
-0.103901288978456	0.291754024962733	6
-0.026285254501304	0.0697786255509066	6
-0.0468363713270103	0.250305289542387	6
-0.0431690707201937	0.15551436994036	6
0.0986236591943396	0.237460679362716	6
-0.0909417130569589	0.175707413162274	6
0.0131952553757402	0.0326636248363792	6
0.0660949535053727	0.15140484455052	6
0.00271343820236733	0.0043190656480356	6
-0.0762115419134398	0.155815218963597	6
0.0218647785812334	0.0107971935659322	6
0.122247825270294	0.502556520926052	6
0.0034305069160493	0.00717559880895024	6
-0.00329727273576778	0.00747620209119054	6
-0.0716103601733121	0.149611210192468	6
0.0282420295010034	0.0665098203099768	6
-0.0915973503313517	0.403824638839194	6
-0.0127271060186699	0.0397064386161707	6
0.0793267467116146	0.212427280764778	6
-0.117446514043816	0.176152221216163	6
-0.0865477570391576	0.117277389188036	6
0.000487091459310426	0.000533340215485637	6
-0.06473977251871	0.0810409524925452	6
0.0332360921917227	0.0367505560901403	6
-0.029492643094829	0.0382623449304485	8
-0.00052711563010799	0.00189189651284394	8
-0.11880140951136	0.716045337763732	8
0.0485121680311439	0.245854061183478	8
0.00333457147397836	0.00989198547145184	8
-0.045423461190629	0.0833134685133238	8
-0.0977123160770449	0.297512169305222	8
0.0964821879973125	0.22563882928163	5
0.0701356264316498	0.105214086059278	5
-0.072896058312761	0.11183872664606	8
-0.10033218627328	0.119753284232527	8
-0.0443546010602337	0.0553577374074409	8
-0.094625830002446	0.109104902908459	8
0.120436825290683	0.112427777738843	8
-0.0760567245752731	0.240970861779929	8
0.0230168726826227	0.073721212166562	8
0.081944059095203	0.305791412049779	8
-0.024680047535087	0.065170582629301	8
0.0673770764800489	0.152786763656657	8
0.0991837560618957	0.164652317925925	8
0.0886697127238653	0.250728086461261	8
0.0447323826101646	0.0780970234278764	8
0.064670834597053	0.0864467871991525	8
-0.0823054300132647	0.0949757201684893	8
0.0610423898877716	0.202314299620492	8
-0.0874473368061105	0.328007848966012	8
-0.112063111616531	0.368655281094546	8
0.0511302538933557	0.149962011997209	8
-0.109749992234642	0.50681298750188	8
-0.0120175133100521	0.095389767867841	6
-0.00187542085860661	0.0130236700482256	6
-0.0714370164806368	0.730979332674474	6
-0.0446921769280344	0.323429890436494	6
0.0205824507307796	0.111941659219497	6
-0.0647564619086327	0.352967226949868	6
-0.0267146250027672	0.0549627205166769	6
-0.0109976169965957	0.0299865767378157	6
0.0809361758766017	0.200472219697707	6
0.00178024957160539	0.00421487903021569	6
0.00638268401772316	0.0145278889639621	6
-0.115066605378312	0.395931401070045	6
-0.108556356954366	0.601994903667461	6
-0.00490279012524029	0.0175732648043755	6
0.0548261165827861	0.258580917813908	6
-0.0289066606754824	0.0831629736572201	6
-0.117422449551178	0.395661399952159	6
-0.0763019352878667	0.166308940666677	6
-0.0923440138929702	0.397833427236213	6
-0.124286015446373	0.414609233910013	6
-0.0146506798710197	0.0407709969525574	6
0.0746674582340836	0.216365608335581	6
-0.104405154059623	0.394600617635396	6
0.0358917754613523	0.152480705658706	6
-0.0818730757735657	0.530652435447028	6
0.081270882890359	0.355084689197751	6
0.123921636187409	0.40998758473453	6
0.0272281310959104	0.0639694413465143	6
0.0604610184234572	0.20327048964122	6
0.00490263938104831	0.0106957692491102	6
-0.0746896763787812	0.129223518517629	6
0.0462205165695104	0.105247046885547	6
0.0642592643454837	0.144248906496266	6
-0.0106319909665862	0.0236028651956521	6
-0.0904989520234055	0.386429966574053	6
0.00846336892998257	0.0194146437794912	6
-0.0348218648499425	0.131196788366547	6
0.0953971100497711	0.395095658623709	6
-0.00435845358365044	0.0134154090198345	6
0.107933867834058	0.387160242965927	6
-0.116288180930593	0.201232947574536	6
-0.118924871809737	0.182533937339103	6
-0.0458461035338584	0.084632262051165	6
-0.0865151101480107	0.116787767290387	6
0.0602426489032696	0.0750595784808108	6
-0.0628766476032673	0.0697564444238735	6
-0.10703504269637	0.202421585138505	8
0.0865124869772727	0.15990186207361	8
-0.0169309985293146	0.0331330273295119	8
-0.0797730357733956	0.157429512833307	8
0.057405738796987	0.256516664277863	8
0.046946038125065	0.22786850688186	8
0.0441954899248745	0.208340554687514	8
-0.00726632819295176	0.0219540625893022	8
0.0731582155950704	0.155725556515849	8
-0.120534532036225	0.434291090409264	8
0.122832588744061	0.416561853258621	5
0.0237492660328224	0.0588893309808385	5
0.0384014754128857	0.0636704253677409	5
-0.0889616937656874	0.114212237044642	8
0.0464385962266308	0.0770047806121406	8
0.00642406239494887	0.0113588025680581	8
-0.0397243009958134	0.0500639993998481	8
0.050859178081999	0.0621470094324477	8
-0.00890373772370397	0.0119118199991712	8
0.0565090509733658	0.0588974983007936	8
-0.0709473550441544	0.248475023563411	8
-0.0746325915799879	0.320883670844244	8
0.0564237899261192	0.202087837385002	8
-0.0830678150523248	0.217336067065002	8
0.096656158916087	0.277887629127864	8
-0.0315208817253014	0.071188966748381	8
0.0852502687558436	0.184620129531357	8
-0.00325528745980627	0.00872541453569159	8
-0.0640264427813845	0.196478893289111	8
-0.119129335250736	0.262451358402734	8
0.0839353412272858	0.176883725933367	8
0.00691249446189335	0.0101113034295	8
0.0976498963780576	0.0854426840001219	8
0.0756178636675126	0.0826684667436441	8
-0.0835597761878878	0.215489305496651	8
-0.0359286136145828	0.116472129515465	8
-0.0333261861170388	0.11057409899721	8
-0.015106912526823	0.0562487436216283	8
-0.0355734800090857	0.10626241296601	8
-0.109142649007911	0.217099065105476	8
0.0202320234737943	0.0406327393305015	8
-0.00216088755624866	0.00536665493743225	8
-0.103431713947314	0.332775740213854	8
-0.0700187395967664	0.270010694391264	8
0.0724260574951386	0.172354779630767	8
0.0000696730939035811	0.00051536366912941	6
0.0266671089258497	0.230406185574377	6
0.00208387783415879	0.0113801365536441	6
-0.0125414388296993	0.0642186098579262	6
0.00150069064533698	0.00693964853379021	6
0.0505791669363553	0.23676783589755	6
-0.0413098683819456	0.19421078704322	6
-0.0231024892587949	0.0934894171344961	6
0.0503699128956182	0.209458620050038	6
0.0661941984328768	0.290350349013454	6
-0.053983553819904	0.210369248507042	6
0.0129474289707514	0.0431781505591027	6
-0.0198326949083635	0.0730428493028937	6
-0.0185521962494223	0.0625870891388472	6
0.0926399292785312	0.395992349637006	6
-0.119973454771481	0.585372399456872	6
0.0570183496794707	0.252048610274391	6
-0.0977723753834493	0.534533394434948	6
0.0738920259620684	0.398494929621074	6
-0.00499591385908574	0.0206314260149148	6
-0.0866491727381047	0.491722650351632	6
0.110399365793819	0.802814811220323	6
0.104860115126154	0.666686693953412	6
-0.0512962476241764	0.251202816726475	6
0.0322623417398495	0.141039608067734	6
0.0136131108337219	0.047899024686877	6
0.0429059433053235	0.173065577537223	6
0.0356563646671956	0.132785938699081	6
-0.032347961500812	0.120655027270352	6
0.0837084688721083	0.411447024643785	6
0.041134213031386	0.166777241432428	6
-0.0648233901844522	0.282216003447992	6
0.040481834982807	0.162269487903425	6
0.0954934331155288	0.50215559423275	6
0.0146801855281355	0.0612144200647856	6
0.05928337530426	0.297797932397343	6
-0.0480502891420769	0.209706328651036	6
-0.0240956928883108	0.0862253071976009	6
0.0152121178280974	0.0522178941918949	6
-0.00562536213143848	0.0203652379745848	6
-0.120055887947373	0.603475242280114	6
-0.0509228114422789	0.175114046894765	6
-0.0272998647501845	0.0819559131680569	6
0.0218645050708333	0.0741728672233314	6
0.0142376575501672	0.0530523782779736	6
-0.0534032547873513	0.173529183100621	6
-0.0654877051390498	0.0358866581833844	7
-0.108771153112577	0.183030198272357	7
0.117221132824628	0.393271276382457	6
0.0348123530553095	0.0958549862338069	6
-0.10140174872383	0.424322244377739	6
0.12297720226671	0.510335798502049	6
0.0821807567599088	0.328875469470805	6
0.0955871500443	0.354245057977818	6
-0.00793729723562762	0.0243885342753836	6
-0.0983282253316107	0.372819811415809	6
-0.118656080340508	0.426529590656991	6
-0.0817984496970655	0.264802785409596	6
-0.0638272263424469	0.168059092483808	6
-0.018050938755617	0.0378814212585378	6
-0.0246818862914904	0.0567502592882896	6
-0.0313261245668189	0.0660921742769662	6
0.120836277540116	0.317340475205812	6
0.0280436290883002	0.0535216047035517	6
-0.122422995661066	0.329129903710695	6
-0.0765934799972511	0.17745383251662	6
0.057356795655715	0.122305334672889	6
0.0445451582548167	0.101728762232683	6
-0.0872886862074416	0.233349746241811	8
0.0660282838272263	0.185397729662633	8
-0.0477397166296444	0.166395435627468	8
0.0649568911491375	0.245250867433715	8
-0.0391669146300015	0.167701075243961	8
0.0951999510295115	0.316209839741218	5
0.0714327993139218	0.154764370302982	5
0.0400965344646307	0.0892459478523093	8
-0.0180851404479438	0.0379878452820097	8
0.0771143858421025	0.181398226333892	8
0.071027902714064	0.146290162871725	8
-0.0740135742077198	0.158288905287908	8
0.0916506083369123	0.214989515203775	8
-0.0460059051058386	0.0946937911607707	8
-0.0591566835871483	0.107214113074275	8
0.072530770490686	0.229058121607977	8
0.0819464291144978	0.325586601495533	8
-0.0319098927214857	0.105507166717845	8
-0.0836832307016615	0.317915196383507	8
-0.022842022566953	0.0687559656045888	8
0.00524270746487486	0.0144979012766126	8
-0.0235237504617371	0.060321293577348	8
-0.0641065506843065	0.175921477738553	8
-0.0356093920547841	0.103007063288987	8
-0.0671499162021812	0.201017094956428	8
0.00404413304511243	0.0103205111025375	8
0.0388344869128371	0.103190728137014	8
0.0693090018091638	0.142073821158903	8
0.0938450577991889	0.327230049968743	8
0.100499686437177	0.370167307902269	8
-0.0565277381078814	0.19634739490444	8
-0.0052534645065961	0.0150843447066424	8
0.0926378784322722	0.373244968377134	8
0.0609166842329509	0.247715442554769	8
-0.0348495827815596	0.129763330571095	8
0.0115596174604395	0.027999697225489	8
-0.0136436009661949	0.111026563014016	6
-0.00149079596830885	0.0101965467415294	6
0.0648088992969978	0.469756552695233	6
-0.0987854376104128	0.748215695429571	6
-0.0172767074275168	0.087589375074237	6
-0.014442931575455	0.0585414384504821	6
-0.0919379383562019	0.523056058091835	6
-0.0765118385069519	0.405677380608692	6
0.00321068696843976	0.0116435565458214	6
0.0292986733828883	0.0986353617756502	6
0.00620183915390993	0.0196374590202984	6
-0.0635335717952458	0.261537686341546	6
0.0442170489108359	0.167560733946763	6
0.0595295143351754	0.216833547851396	6
-0.0908163917880142	0.358327930949855	6
0.0523007467960372	0.198402711746509	6
0.092971424553895	0.424085055144348	6
-0.0770473890571118	0.353486046253195	6
0.0828840071590237	0.422002428878931	6
-0.0641155366996659	0.292320882001049	6
0.0809947218024691	0.443528538059407	6
-0.124458295611513	0.859631730442988	6
0.00399121888633439	0.0158825183228414	6
-0.0799295314074683	0.499224979080498	6
0.0812260376107093	0.479560828410471	6
0.0506671617723449	0.246998449405292	6
0.059968699531826	0.287739069001619	6
-0.0504236336041313	0.214819925092973	6
-0.0596314501897553	0.221640018724771	6
-0.0574465671513688	0.23270032092502	6
0.0186804451199285	0.0697559922619575	6
-0.0917633271082042	0.395926686308515	6
-0.0331497143664409	0.127086508263745	6
0.0561810178362543	0.240334082844208	6
-0.0412348004821271	0.170414217038839	6
0.00995009781802798	0.0365673252285784	6
-0.108421092362473	0.628230261294821	6
0.0253138202707396	0.126692424639981	6
-0.103690490996226	0.721861624425059	6
-0.00844899416451445	0.0373985810172553	6
0.108071803070335	0.560929897635635	6
0.00848496489608434	0.0328478145510876	6
-0.0531962984725353	0.213732842452614	6
0.000480414720977041	0.00171385880572705	6
-0.0557069174766638	0.21144716403579	6
0.0913901120664163	0.332418055050658	6
0.089840183098291	0.460427358474178	6
0.0918640719458522	0.330198536342799	6
0.0482629426218395	0.130774772065461	6
-0.0418477365690084	0.0887242154618298	7
0.106022593063378	0.365471874040191	6
0.0353145702682893	0.131393935464413	6
-0.121885487239329	0.554282363538839	6
-0.119775073916737	0.505741182587338	6
0.0123511424761286	0.0380866398815054	6
-0.0634808623408415	0.222230845093623	6
0.0327245197825638	0.115704699637059	6
-0.108331391338866	0.498349863354778	6
-0.027234276958234	0.0888857282188726	6
-0.0648791330770346	0.219590533201308	6
0.04288591562204	0.138738764491597	6
0.0803705232027074	0.215639335417151	6
0.0941423591997578	0.216424034291983	6
-0.0321345290845227	0.0702873267009181	6
0.105407790210647	0.222266119695463	6
0.0510040172313129	0.10883367707571	6
-0.0531382379487827	0.12031421675578	8
0.0756429282479085	0.166320412174306	8
-0.0199503374005911	0.0411401208959075	8
-0.00303065847723327	0.00627450591674271	8
-0.110123086318741	0.301755193461726	8
-0.0258251012094058	0.0894935351787028	8
0.0443065564623849	0.178445435005882	8
-0.0600055328656499	0.244913394642866	8
-0.0345559328607931	0.157354945491799	8
0.105509666604267	0.447932204913118	5
-0.0349162336005139	0.101710670566755	8
-0.0538507850519946	0.150771325912164	8
0.0933390373497679	0.323434353959588	5
0.124785560103972	0.403764380597561	5
0.0612414593936618	0.106162065661738	5
-0.0690241711180374	0.15480671187586	8
0.109827285875521	0.232695244061807	8
-0.11848225596344	0.296822606402238	8
0.00198127686307941	0.00341062056811979	8
-0.0629947066845333	0.106009006335741	8
0.0203480400020496	0.0380001353223138	8
-0.0393188640856677	0.0720616061757012	8
0.0802683671008437	0.143366252315796	8
0.00328557297848813	0.00924375532927003	8
0.0863035009037854	0.358285501675563	8
-0.101611733498302	0.43892218230015	8
0.0512844916094712	0.164542553224237	8
0.0321700820268097	0.0911370582833014	8
0.0532465421303383	0.135817851307691	8
-0.0488396350634827	0.131257391897878	8
-0.0428337902102669	0.124888364455461	8
-0.0977885475654272	0.384220910732415	8
-0.101679300446238	0.402836632120523	8
0.0833911281332036	0.245633750615913	8
-0.0351271621057052	0.0996799417686946	8
-0.0631566589480437	0.21313002515407	8
-0.0110955613235468	0.0359345173193063	8
-0.0728315368847699	0.329572340429941	8
-0.0355214185581178	0.141035996169696	8
-0.0692447084911106	0.192704538602993	8
0.00782985592997435	0.0610346752304404	6
-0.0336863139102849	0.289176303664717	6
0.0856723840228318	0.645952192171015	6
-0.0728323729008725	0.248750612862829	6
-0.0136855593133614	0.0469683927719981	6
-0.00901291408497212	0.0232792150149304	6
0.0862392859267677	0.247124607920518	6
0.119993950255714	0.408461365256946	6
0.0678365712863636	0.253055130629141	6
-0.0201728390758786	0.0738163142786441	6
0.106452010005379	0.370390836451158	6
0.050165919203706	0.152083752104856	6
0.110399914800695	0.516634114022962	6
0.0923704998377884	0.431185568458462	6
-0.0800784682527233	0.28143063531003	6
0.030777375850415	0.146875808491605	6
-0.0131795439467608	0.0619563782725893	6
-0.0437441190462327	0.231183860799488	6
0.0818192376801397	0.477232179596902	6
-0.00801846771925469	0.0334499485135249	6
0.103604386042271	0.731242291113476	6
0.0787850878572721	0.313342197765238	6
-0.0242373753668426	0.0543091416686031	6
-0.0079058899119066	0.0248431619227758	6
-0.00898073788666152	0.0327272308191588	6
-0.0918112315349035	0.383081591840212	6
0.00947225695389281	0.026932004351169	6
0.0274753116725357	0.0920093475899542	6
-0.0119217122487412	0.033235922508244	6
-0.0671190833342941	0.195783987964249	6
-0.0344711898817497	0.172930299823352	6
-0.0691722177433707	0.461474104212728	6
0.0425741231987732	0.176461044276949	6
-0.107449311192159	0.377258487470814	6
0.00954708173585864	0.0351506480738823	6
0.0380174721276179	0.0957256313318821	6
-0.119821872610137	0.508123926695882	6
-0.0739412161038204	0.207063824920037	6
-0.043636454393241	0.0828500156880878	6
-0.0379786968653098	0.094905838445833	6
0.0484817662093847	0.116124540085051	6
-0.0229543968619274	0.0339858018457937	6
0.0958400540128449	0.150375851646337	6
0.0543691179951249	0.158800692409704	6
0.106038306334984	0.31152587762835	6
-0.04655592014902	0.119900174985902	6
0.0977583564644509	0.21238388570454	6
0.0201412547281386	0.0532014224527203	6
-0.00305908007716553	0.0124985279034794	6
-0.0456191041375155	0.231309768208479	6
0.0963818387566825	0.533883259452881	6
0.0975729995352945	0.506403968057186	6
0.112325845401194	0.254322257066618	6
-0.109320712397696	0.197877625977263	6
0.114515921647441	0.150405337339718	6
0.0641595634495574	0.0895824617104795	6
-0.124054257583619	0.261364147753338	8
0.00180082534576674	0.00303894524930747	8
0.0592118755675156	0.16126262225521	8
0.0825123710500607	0.173568505485424	8
0.0315837556995053	0.0667912917440039	8
0.0470865178876103	0.236706627295701	8
-0.0936497841715922	0.583048782342895	8
0.123978372601143	0.847652672114381	5
0.0105132412547048	0.0371653002510348	5
-0.000887158735600258	0.00271027029320777	5
0.11129068326922	0.440439999946837	5
-0.103631983230062	0.110447939299656	5
0.0951119442886587	0.138353337955276	5
0.0541169853407249	0.109271505341627	8
-0.00460039477741342	0.00790629130526432	8
-0.0684562048158902	0.0676790314859947	8
0.0116783840896674	0.0161003812343082	8
0.00144070418503073	0.00186232203989049	8
0.102248489444627	0.14726254013341	8
0.111677454524243	0.350553828721798	8
0.040127747837404	0.164294845745648	8
-0.0428260967141355	0.179509024396462	8
0.0158991827484978	0.0559603675167716	8
0.022051930562758	0.0698306660114724	8
0.0141477579779647	0.0325466233936089	8
-0.0345946368294656	0.0995066481676851	78
0.112096668197459	0.303410624939497	78
-0.039410806185397	0.128931314586255	8
0.0660167383470388	0.151482610293954	8
-0.0592455861198295	0.101786850070113	8
0.0278868233440055	0.0686028732520505	8
-0.0732414788074566	0.31027502175948	8
-0.00374088719150055	0.0120317313594842	8
0.00142593117692448	0.00551424101559872	8
-0.0853400530357832	0.326537171863775	8
-0.0939208392345912	0.190115625988173	8
-0.0343849723164203	0.0949499023399775	8
-0.0828801840422817	0.243103869963252	8
0.0231131712348689	0.0668807524424179	8
0.0620481184604383	0.211193847002279	8
-0.0167111147365909	0.138186591701131	6
0.0295826428005752	0.243989221304752	6
0.0463723484838546	0.312323805347956	6
-0.0973348030876256	0.640147098779489	6
0.0199992210853959	0.100120464394544	6
0.0134704660154794	0.0679911806789427	6
0.0231707167009447	0.119728298849914	6
-0.0730176370273244	0.317347912246901	6
0.0250898841096873	0.0961076297971374	6
0.0886732363855868	0.447130360386267	6
-0.0563928112906632	0.213285823900694	6
-0.0556021440500899	0.245341766014567	6
0.0322139448032265	0.133020802803369	6
0.0379952608858816	0.200106160873758	6
0.114825539341934	0.703262166437628	6
-0.0234005488890671	0.11868709547661	6
0.0462440159431541	0.263233525761777	6
-0.025117010285791	0.12918035548273	6
0.0367608172170968	0.192440431160863	6
-0.00743231327728357	0.0337236259809858	6
0.0576623859698321	0.361717716098901	6
-0.102514274059351	0.615925151480129	6
-0.102955798958578	0.398566268199837	6
0.115517986873381	0.694608021416774	6
-0.0766418726113907	0.395438285647698	6
0.0638384318444224	0.336567289158291	6
0.0937656326562171	0.492602889150815	6
0.0141146957548141	0.0448528227297246	6
0.00321807053772879	0.0118125287562208	6
-0.106628911990834	0.780379314074169	6
-0.0347658470730924	0.202374160671406	6
0.0578694610893914	0.306818210918091	6
-0.121058692577483	0.532537956115494	6
0.0497348316665747	0.265880306053192	6
-0.0855504278781078	0.343842750752529	6
-0.067918083271901	0.334611659465731	6
0.0884475198356077	0.352351301014882	6
0.0773171265223203	0.211577390697237	6
0.0950425522317006	0.379455521562195	6
-0.046098877205634	0.233829434545679	6
-0.0831603919105033	0.316934480347731	6
-0.0648452899245238	0.0354311867942761	6
-0.051915410501376	0.0702163666904289	6
-0.0509642558956862	0.182110027078698	6
0.104148398697788	0.456387715275414	6
0.0235905018731349	0.115942849409626	6
0.116530911317057	0.49207913076919	6
-0.056761310088009	0.167559294597303	6
0.0481590792189596	0.168562369625449	6
-0.115815189370978	0.731596717419051	6
-0.0917230254032236	0.521399677234662	6
-0.0339572126390897	0.142875633465482	6
-0.100239485321832	0.541666239506018	6
-0.0527013661562709	0.237691105238182	6
0.0514383424319455	0.119260315150618	6
0.073988567277056	0.169964969300074	6
-0.0316190191387979	0.0798712461386883	6
-0.035611574902389	0.0807142615852324	6
-0.0642171556305996	0.116793561313176	6
0.0099397385007176	0.0251993513665171	6
0.0641571307834542	0.147198742056856	6
0.0932594913067248	0.347841769865184	8
0.0277796491024831	0.0685449629243246	8
0.113928132109372	0.353253704578432	8
-0.0908047555095009	0.260238720612181	8
-0.0477044696861249	0.198019013179323	8
-0.056344120742713	0.313532878755829	8
0.0638334411527522	0.342426875343797	5
-0.0815510926686147	0.426054402440776	5
0.068001092295695	0.282259941986555	5
-0.0337720810851111	0.0992217698792427	5
-0.00468166983971516	0.0110454033512749	5
0.0566064884200244	0.23127912871272	5
0.0500838331431426	0.179043523641907	5
-0.0648531107498035	0.248577521116544	5
0.036742366092461	0.0906328701800658	5
0.079452898972477	0.142949367486067	5
-0.0169454456444804	0.0351426063906487	8
0.0760560125829413	0.192187123697213	8
-0.0977056969193522	0.149154556055922	8
0.0314370239827014	0.0647968561808538	8
0.0901186179295265	0.227581807206657	8
-0.116106271369973	0.184958710943498	8
0.0703291768596041	0.122957611610502	8
-0.0118710908951725	0.0356737955025447	8
-0.0575009671932139	0.263838667328107	8
-0.0407342496619251	0.166375176232318	8
0.0306041972563654	0.101344205527158	8
-0.0607082181616523	0.164462637007086	8
-0.115117869711522	0.385955407889691	8
0.0736317704693861	0.268550821909599	78
-0.0714724789436183	0.183443395697717	8
0.0945849008259632	0.466554861295952	78
0.0941409502747969	0.309749006957305	8
0.0150979837857875	0.0348566335150086	8
-0.00353026907333278	0.00509927232130138	8
0.0153318406661518	0.0444133821425259	8
0.0440496254616	0.179744433598246	8
0.0893596965891052	0.37583329604025	8
-0.0849973872039419	0.471338343632404	8
-0.0319183911498217	0.116479490871368	8
-0.0550541036989267	0.109433481942392	8
-0.118645735348135	0.441836828889551	8
-0.0200238240634035	0.0576489131399113	8
0.071992171403033	0.263138305416679	8
0.0182318804892973	0.0536742989205323	8
0.0158381283073141	0.133189278229883	6
0.0118919339994606	0.0921585115056816	6
0.0422071191995227	0.28079137995762	6
-0.0188562989730999	0.115544506262567	6
0.0311442408993828	0.205878967498533	6
0.0153831226281456	0.08761160343763	6
-0.0823229904721618	0.595620677743328	6
-0.0412227545964845	0.243421801629227	6
0.0584051702493726	0.371451555013191	6
-0.0155305143638031	0.0824583126775078	6
0.0452346239491874	0.279137431314713	6
-0.00418149519865896	0.0202860267383418	6
-0.110254423450608	0.864281713725248	6
0.112042361960194	0.883718418305551	6
0.05224206326099	0.322336846820696	6
-0.0309111260622176	0.172726193982965	6
-0.0695495377938765	0.456530722674843	6
0.0801192164405521	0.555605727178256	6
-0.0642736200157621	0.403952729648705	6
-0.0837127634146203	0.54949528106505	6
0.0392366580036972	0.216485860957939	6
0.100560498165539	0.767019285109761	6
0.0192758764810553	0.093875895407163	6
-0.0943378727811521	0.668020307272294	6
0.0181030642270636	0.0912824816351628	6
0.0262921484319312	0.130487379997065	6
-0.0875751337830223	0.607591297369699	6
0.0523960944967957	0.319303620307414	6
0.114168835917109	0.888570503049292	6
-0.0767810137703401	0.512804681032815	6
-0.0136686634698146	0.0677851524838675	6
0.00970798483212063	0.0463554175642287	6
-0.0558243929468617	0.304681122547443	6
0.0538408594110174	0.290091144555388	6
0.0419985866437313	0.238608674430389	6
-0.0159461463579405	0.0789926780191675	6
-0.110899804479932	0.805417475470435	6
0.121614474311748	0.775963801926808	6
0.0340567434837699	0.181492660769923	6
-0.0379941948529104	0.197482098010469	6
0.0454273236640079	0.225092026652137	6
0.0206257402176301	0.104161966732373	6
-0.000685499197324892	0.00283924405823132	6
-0.0105264033081478	0.0390078190351873	6
0.00080872756960478	0.0027096673292508	6
-0.0233585544957386	0.104479042510907	6
0.0351831325304017	0.189349551387475	6
-0.0297706635436538	0.123326400572699	6
-0.0433464119427426	0.150534920782372	6
0.0179759041331519	0.0445748195073337	6
-0.0191189656391412	0.0690080601105275	6
0.093875002902186	0.518871483564973	6
0.0568644088918409	0.204666188387214	6
-0.0360674873956027	0.131298168503528	6
0.0084152086831731	0.0235133150222789	6
-0.0882531498981437	0.256192006663118	6
-0.0774040567153696	0.28246428394517	6
0.0755627382375748	0.351357169716108	6
0.0298097803295249	0.0868707075979453	6
-0.0500835084536808	0.155293219823825	6
0.0554438557801396	0.176161149406208	6
0.0985142716072953	0.318634324623889	6
-0.113058146554701	0.356555302425483	8
-0.0389049273950582	0.102810535186705	8
0.0203724640794608	0.0646909743587708	6
-0.0170567473461686	0.0494721159581221	8
0.103576736448967	0.350886401245777	8
-0.0774512173315752	0.255909415988463	8
0.0873932048133359	0.299914199104918	8
-0.0303318996890827	0.0932264060707018	8
-0.0591588888185907	0.186419260632476	8
0.107612198079585	0.493799997075967	8
-0.101343171754271	0.429736852077444	8
0.0877303009045949	0.294088262133262	5
0.0194522322550589	0.0550493070752977	5
-0.0626088450619588	0.234647628966406	5
0.103168829989255	0.419713698444832	5
-0.0910582660286435	0.368459648186326	5
0.0760143448233751	0.181182417027469	5
0.0294764967297317	0.0838495865029078	5
-0.0763166353825133	0.212776829963782	8
-0.0726303975442614	0.22740319405182	8
-0.0628072620013469	0.183641215902081	8
-0.037557625304335	0.107572680758979	8
-0.0166969707622915	0.0405847765184111	8
0.100076464156533	0.252547182229777	8
-0.0232335939567182	0.0574979356619326	8
-0.0564290358810211	0.17184311673866	8
0.068956558470301	0.208826678436234	8
-0.0886961512455573	0.307573108356447	8
-0.0122390907418955	0.0330484927429369	8
-0.0821422284162164	0.294315399213	8
-0.0749844714255446	0.255356241212809	8
0.0197260056524054	0.0627707347199156	78
0.0980933272822056	0.280280006403697	78
0.0435998134318802	0.122924085800787	78
-0.0895070789596837	0.366594624479034	8
-0.0504803571464313	0.159049784336383	8
-0.0963667678459721	0.363128569469312	8
-0.0266095695110786	0.0745729329437524	8
0.0301766737944362	0.0647795613792534	8
-0.0225780689553896	0.0528507616699147	8
0.0183218452313014	0.0595315900960367	8
-0.113574349519539	0.417425199830183	8
0.0422409854516064	0.125787190169509	8
-0.0542604453231956	0.196453030830718	8
-0.0774678281717117	0.212304247089023	8
0.0541108059273394	0.18229766505175	8
0.0867241910367361	0.314667970333058	8
0.115858027832171	0.427875599268015	8
0.0130276257652941	0.0322872873492369	8
0.0600495903152487	0.0907814947121582	8
0.0203792611238912	0.175924617433612	6
-0.000239191065991829	0.00166038353659761	6
0.00886817233828976	0.0648571534272758	6
0.0130750027425915	0.0944608880021788	6
-0.0395854251437374	0.287255864509105	6
0.00156717401231321	0.00820452371658556	6
0.0138160525701362	0.0769011453311944	6
-0.000731116567719897	0.00368342191958735	6
-0.000987850333847632	0.00488359731809642	6
-0.0636438003202602	0.427700954339964	6
0.0544116317390523	0.352440247327872	6
-0.0103674398607476	0.05388731237358	6
-0.0473186817429365	0.292911109424859	6
-0.0103042311563389	0.0529215439066819	6
-0.0813633036206464	0.579817034832311	6
-0.0181179451205418	0.0955757450642342	6
0.0259047067812546	0.141778413725293	6
-0.121984166709876	0.92136563840588	6
-0.0117659029108991	0.0485969672096415	6
0.0349762859594268	0.157262514491113	6
-0.0194484909570127	0.0869949937035484	6
-0.0445337063347007	0.237199279336811	6
-0.0631800151346271	0.367030931471528	6
0.0534235486588758	0.333100057902773	6
0.0723336545377126	0.482034990102067	6
-0.00418536272584037	0.0201960015926579	6
0.0126526357465992	0.0652218444340111	6
0.0188893971567606	0.0975361525426997	6
0.0125331019139991	0.0628011129867765	6
0.108392354279376	0.853168304158359	6
-0.00298562709071251	0.0143899801137035	6
0.035062718456984	0.200445338223256	6
0.0585066042141525	0.372308956988191	6
0.0246221583147384	0.127795288778033	6
-0.0464080405795036	0.213084481438982	6
-0.0842093345485776	0.566832992911967	6
0.121394909500806	0.951895923610086	6
0.0285841741357932	0.143314007221408	6
0.040002071745128	0.229691968403861	6
-0.0038209288489105	0.0185050417144454	6
-0.018418971983223	0.0942339073527324	6
0.098343810159291	0.718454979174703	6
0.00237962444457526	0.0110687324025445	6
0.122416505869291	0.985544430380798	6
-0.0785913022629514	0.528237772807775	6
-0.0664349594902793	0.402708052252975	6
0.0901799716639115	0.578083500909914	6
0.0164160950034261	0.0741571094777136	6
-0.0984090233660439	0.479432462647217	6
-0.0944390287945654	0.355357535122684	6
0.0329405121222786	0.116886871176959	6
-0.0643250928240066	0.263470210888129	6
0.0271703104198835	0.10586243571888	6
0.0690573782269715	0.15215560849653	6
-0.0440345128191964	0.103201413146249	6
-0.0488680029128192	0.152543850301981	6
-0.0331740103068124	0.1277236854773	6
-0.00383400513122135	0.0125134646697678	6
-0.0547928272982176	0.212508199040997	6
-0.0452752628192232	0.162257732933264	6
-0.119439120410687	0.456424328579727	8
0.0670675588819964	0.215899822156672	6
0.0282587002998685	0.0876717982461647	6
0.124363892520045	0.517230827433577	6
0.0201489287222477	0.0543004336118632	6
0.0521061623744125	0.164748625932469	8
0.0561681257579919	0.188614799393431	8
-0.0683443275664839	0.245016171523954	8
0.0338867932342258	0.105326544866403	8
-0.0771406042371106	0.192910223020311	8
-0.0456404713176898	0.0732878027184801	8
-0.0599197440670234	0.132992422743417	5
0.0364237769032671	0.117769802046709	5
0.00889831594166014	0.0260915593624576	5
0.0689739004305955	0.195873101122476	5
-0.0185749154714745	0.0473360059476602	5
-0.0569119474569162	0.175900327383085	5
-0.0416497794924122	0.131088702685237	5
-0.0658091964543739	0.207251730992587	5
0.108366707472874	0.366673706418452	5
-0.02365963143651	0.0675104506525303	8
-0.006638017412582	0.0178225146782376	8
0.1002456151818	0.351803820059145	8
0.0130699674800287	0.0368660719114424	8
0.104202933764391	0.358384594520932	8
0.0197612371077217	0.056186624090023	8
0.0909971422505489	0.322696040180655	8
-0.0924524687762993	0.337302725531593	8
-0.000834457415728685	0.00237492754411333	8
0.00508866585976729	0.0108249974924029	8
-0.0131050182582665	0.0298347345541253	8
-0.000989350944419402	0.00242056096684845	8
0.0121019969378316	0.0330339199225083	8
0.090373283566166	0.306907287202602	8
0.112787682767957	0.438683458453119	78
-0.0142183988605793	0.0368476451369417	78
0.0829149617456368	0.254225202795644	78
0.0875986404289848	0.318996461654655	78
0.0650409930884044	0.219687362141146	78
0.0801750230772344	0.232487689646085	78
0.0300587003316911	0.0913507480132795	8
0.119690260546312	0.471087688133111	8
-0.0246282163710339	0.0791897288583982	8
-0.037824380441715	0.108229522423004	8
0.0498252693503665	0.120587106921666	8
0.0373867302142332	0.0788086076058433	8
0.0495486326836025	0.134209871151223	8
-0.0576630083073026	0.18996828241951	8
-0.0163038784184613	0.0407031323670797	8
0.0897482151374712	0.324250743190083	8
-0.0309550212370906	0.0783477819265955	8
0.00000376396547677277	0.00000721314165765968	8
0.0128326152925996	0.103978218505121	6
0.0291014349078117	0.256785173886491	6
0.062924852658638	0.622169095900246	6
0.00244059235606306	0.0134016339820613	6
0.0620481584244679	0.451943459538287	6
-0.0190548975646357	0.111157660509355	6
-0.00580465307383524	0.0306992217167679	6
0.04756184186717	0.295900517944509	6
0.0858656483325887	0.598744912827972	6
-0.0383483116581834	0.227978338569978	6
-0.0312396581929547	0.186292865798362	6
0.00845051683992663	0.0422759289853614	6
-0.113270838532749	0.909687310589915	6
-0.0201438772500571	0.0997471468101823	6
0.0738092305319005	0.473211916848607	6
0.0631296497245799	0.401785960025454	6
0.000866592572266845	0.00318600061282804	6
-0.0686814999523168	0.270818802300059	6
0.0181698090201515	0.0641185873992216	6
-0.0657661147550184	0.278049356533553	6
-0.070320781228889	0.467573932428519	6
0.0118392018758908	0.0555722449094445	6
-0.0115988493441358	0.0568281590051717	6
-0.0782139496981483	0.559362010156439	6
0.0283225031605487	0.143681414317683	6
0.0893453784560327	0.518570363949482	6
0.0220498865745175	0.108358448732041	6
-0.00216072045215496	0.00984982310813681	6
0.00829442623205514	0.0400675149800124	6
0.00424283121142458	0.0202976336299653	6
0.0276319816707045	0.143120608891629	6
-0.0163302241471564	0.0685686617236918	6
-0.116811788159275	0.408873146892882	6
-0.00836053438152864	0.0354689906008853	6
0.0159417374555445	0.081057136523943	6
-0.0103245397280365	0.0370634499714979	6
-0.0258027246564438	0.136310811789867	6
-0.0591033246619974	0.379108274772904	6
0.072248444134986	0.425102214377123	6
-0.0344886965707305	0.188509535017576	6
-0.0622361111777866	0.402183322693531	6
0.0574654248126497	0.3727421846885	6
0.0322442061161079	0.178745562504855	6
-0.0554204163499891	0.243297329628525	6
0.0032271285398171	0.0148016981576205	6
0.098587242338672	0.716491296032499	6
0.0364650942857171	0.0605178064514152	6
-0.0470186782709427	0.174712170742153	6
0.0599301587184012	0.241117461988451	6
0.00339717386227518	0.0106373082800618	6
0.0191999302849171	0.0384819578668774	6
-0.0367849473282769	0.119275448802302	6
0.0185427199830239	0.0720130141100938	6
-0.028723722720769	0.0896372164537447	6
0.0930912785506942	0.497937790601472	6
0.0368720813104426	0.126047034840015	6
0.0264725264963963	0.0249385935707371	6
0.00788644787021251	0.0251758357581949	6
0.0173167759989282	0.0590563092872513	6
-0.0171647591956712	0.0609411157401821	6
0.114541816861348	0.484869021378468	6
-0.0293781423494088	0.094576258886195	8
-0.0651326984657836	0.251798753878447	8
-0.0894847922786908	0.258269017418977	8
-0.110140097052477	0.267928777204044	8
0.0408690135665538	0.109967066335388	8
0.000890635202079679	0.00223457609612897	8
0.0351471352406476	0.0992484214328314	8
-0.123806693879793	0.426337523848166	8
0.0163888355053499	0.0433432331133859	8
0.0420641920258454	0.0475112504193394	8
0.0464113229707988	0.124732979096178	5
-0.103637451976678	0.191108408101402	5
-0.116866886347784	0.384316336285884	8
-0.0182526188432148	0.0578415314579584	5
0.0374686463067806	0.113354954156887	5
0.0398101770704163	0.102464567214456	5
0.0114681693757959	0.0328166535137697	8
-0.0553047016576664	0.158477478778132	8
0.0327936565820462	0.089509872331258	8
-0.111812753312073	0.412876349953317	8
0.0378497248311881	0.136132771452709	8
0.0774678279823149	0.237088023081077	8
0.0219088406592274	0.0603834443854966	8
0.0175546835046868	0.0514190886945743	8
0.0571922213220691	0.223389615483684	8
-0.0301344458445913	0.0967747907680118	8
-0.00633985080867408	0.00825115875402708	8
-0.107627378737383	0.178949872766226	8
0.0507541979991343	0.188133993535307	78
0.0660221696238466	0.127101324497756	78
-0.0187663458323357	0.0363871955426449	78
-0.0289864476413595	0.0963116569976928	8
-0.072347936324039	0.183303124701637	8
-0.0334791272709074	0.109201861106578	8
-0.00223687660158385	0.00570667146588115	8
0.0312780211116102	0.0779569630939067	8
-0.0000221217109898474	0.000161399201136235	6
0.0196878223475521	0.159830027022988	6
0.0412756892350039	0.336047388338276	6
0.0455858310779358	0.323437167345873	6
0.00385746345464832	0.0209779136401604	6
-0.0303670994307841	0.185840149111838	6
0.0371896800764107	0.226015683570441	6
-0.0272620735132392	0.15181649436142	6
0.0595602352795048	0.403769983098215	6
0.0137969884938517	0.0748115690258535	6
0.000000473294018598445	0.00000224563459959281	6
0.0330867940265979	0.188959379522736	6
-0.0709240622323619	0.472498801525496	6
0.0398274381458779	0.23198175382173	6
-0.0170957218104863	0.0893266695719432	6
-0.00444468325965413	0.0188593072352874	6
0.0322988488078516	0.139135538319045	6
-0.041761736459433	0.168084457030631	6
0.0517152665514443	0.249718376119977	6
0.0306028756801011	0.126258848632304	6
0.0329339784838005	0.184683358646685	6
-0.0617795088295558	0.386978038890093	6
0.0883146419124778	0.637679790112708	6
-0.037933503001271	0.224170482311236	6
0.000208644703522259	0.000956997936069179	6
0.0084086193500756	0.0386694834013764	6
0.0768409518543778	0.505578021046332	6
-0.0790510922055372	0.538274961968329	6
-0.0677708664365368	0.438741660546714	6
-0.075278916097078	0.506427933993257	6
-0.027419116789172	0.148251593166129	6
-0.00414202119230697	0.0193369611865192	6
-0.0197324474537916	0.067201183156581	6
0.0731821707189469	0.454711208442536	6
-0.0286098787147804	0.152368117961712	6
0.000163559024583358	0.000759691355519795	6
0.0200845804016151	0.104874259374788	6
0.0798433588032089	0.507203249598148	6
0.023452964944462	0.119561266072454	6
0.0784522063339292	0.505670462441743	6
0.0231255449211078	0.123093388618442	6
0.0563355627703307	0.346099950193603	6
-0.0577468089484972	0.329291744639269	6
-0.0169651470624546	0.0784962554900947	6
0.00596244282397233	0.017906484341767	6
-0.0410300105430993	0.157515154750936	6
0.0914137503005057	0.284548458913269	6
-0.0787661891545391	0.34988739924241	6
-0.0727161588052803	0.259666737506914	6
-0.0206568127503425	0.0764342835710202	6
-0.0868690091109607	0.12523388919321	6
0.00784376426072243	0.0182429835703943	6
-0.0227983478025771	0.0749392289361735	6
0.0155130498563892	0.0508151022013295	6
0.0380000275537638	0.134147565608593	6
-0.0447523163120517	0.151690795928397	6
0.0362330642601117	0.115566055788359	6
-0.0221935840589548	0.066077123975882	8
0.110174979027667	0.363712935252981	8
0.029407019870555	0.0823058900611103	8
-0.00946476216826538	0.0224250874811117	8
-0.106408396002785	0.393306959106108	8
-0.0017825761944555	0.00486322646696886	8
-0.0515149644730585	0.132946459097131	8
0.105569321537193	0.194594824257243	5
-0.0124879438212017	0.0325975988451891	5
-0.00560044036622597	0.0150408758981078	5
-0.124652122202748	0.310211543962975	5
0.0308788068885778	0.0723765984581908	5
0.0282994850413514	0.0679607440253152	5
0.0474879034620084	0.146850946358456	5
0.0579258930869432	0.183954855894231	5
0.117990143474576	0.418903045135501	5
0.0199289542548646	0.0535237904115603	8
-0.0897126893828956	0.294769557317399	8
0.0205525227155693	0.0598214685077202	8
-0.0275019079116718	0.0759179461554452	8
0.0963415446502987	0.325797887853601	8
0.0640057304203593	0.196992100945484	8
0.0435558335553402	0.138334249756391	8
0.0217527625426767	0.0557436083971368	8
0.00298760720755926	0.00476595596571452	8
-0.0983208350964267	0.291146974448851	8
-0.0573653393091703	0.162156062140454	8
0.0734020831137756	0.255103564102237	78
-0.117385673550834	0.463022183036127	8
0.0654707528948382	0.15353843316587	8
0.078215304158498	0.244644573893902	78
0.0840562093835479	0.218921134669829	78
0.0240649935193895	0.0746326764261867	35
-0.0589970675114531	0.199947671676604	8
-0.03106371930884	0.0974866079025648	8
0.0798521281061349	0.186421421042091	8
0.092283181518304	0.323160358477639	8
0.00232420894512613	0.00435749114666838	8
0.0125046740970002	0.101250844411953	6
0.00618852238130446	0.0458186738455725	6
0.0204116380723876	0.150520819168166	6
0.0324347812683822	0.245340006761347	6
0.0532001567059639	0.410895437304677	6
0.00501178570381945	0.0274966353142661	6
-0.00785125806278004	0.0416174626777839	6
-0.0442162889754157	0.284810600849759	6
0.0739713455867955	0.549692180391443	6
-0.04540018551152	0.288395343546583	6
0.105709795792425	0.84871509287549	6
-0.0401418912417792	0.237718233017951	6
-0.0300079576241949	0.169142269241555	6
0.074725500972484	0.519017613523366	6
0.0572123956763519	0.339747759795802	6
-0.0130099280178905	0.0566295534296577	6
0.0084897654834199	0.0348269913167787	6
-0.0675663381052549	0.377240221748712	6
0.0404234832469654	0.207161307025263	6
0.00694672053817218	0.0344144373943635	6
-0.111785446838082	0.876962627314704	6
0.0641035942131861	0.424195801737484	6
0.0668238457171554	0.447914300599801	6
0.0374618458859387	0.211009942901496	6
-0.0528326845985581	0.314394463002682	6
-0.0564915229749048	0.35740844913644	6
-0.0908497420577096	0.66508865079455	6
-0.0206536575432009	0.108659571851637	6
-0.0192950447669746	0.100045275348046	6
-0.0568965671500508	0.342687530793956	6
0.0783770381969938	0.369291883223595	6
0.0291388597043854	0.148314131454893	6
-0.0460662622245668	0.253965211664172	6
-0.0193684227141356	0.100010535062408	6
-0.0212017809778906	0.107430013866071	6
0.0309477138823154	0.164961831448432	6
-0.0126447211538121	0.0620476449131938	6
-0.0128502834453691	0.0622643180063799	6
0.00925341631374205	0.0437291366982038	6
-0.0582270996359214	0.318322468068606	6
0.106920350746351	0.629097040179887	6
0.0035561492863901	0.0130631755439511	6
0.0855091239643851	0.0890643450894442	6
0.0279706346712133	0.0724757007474598	6
-0.0940166598195168	0.401393484181959	6
0.0434169390696344	0.135536032100482	6
0.111672576344228	0.44355723502958	6
0.0755638785505208	0.278763720947311	6
0.063013655272828	0.216927008887873	6
0.000436425567552264	0.00126616874419577	6
0.117056937055304	0.469365083858571	6
-0.00235375049073143	0.00381481612820592	6
-0.0875095799777714	0.153418982940996	6
0.00437817195290449	0.00507478725349223	6
0.0276379251386144	0.0568600018047959	6
-0.0461977041330851	0.151896769970445	6
0.0871795069793989	0.311450765451868	6
0.0356246953086965	0.109779221059375	6
-0.056031336161998	0.185760588984906	8
0.109819425435929	0.417413412872252	8
-0.0361945883770285	0.107646223434682	8
-0.0713966693955063	0.238783070457251	8
-0.0529263460842428	0.158055958911663	8
0.0809085353816671	0.270034776285225	8
0.0211313932850425	0.0568723594567264	8
0.0491626456045463	0.145036528078586	8
0.0609420971089892	0.0956530677846481	8
0.0451455086267838	0.140725640519706	5
-0.0751876473567387	0.250204907448586	5
-0.0150594565487405	0.0375537190167726	5
-0.110916932777926	0.385128043666989	8
-0.0818791145597823	0.269016410490103	8
-0.0911003029526971	0.294440966383302	8
0.0502623999876869	0.15729895526306	8
0.119698812991044	0.427118549703872	8
-0.113935124208538	0.378462053832941	8
0.015744396832042	0.0431380145910838	8
-0.00968079962813485	0.0265694556490595	8
0.118849380428347	0.405268341878104	8
0.0985453241733835	0.337838840234311	8
-0.0176387822261758	0.0491163898108451	8
-0.00670054741735296	0.0187467500750027	8
-0.0693959097656203	0.143468629249075	8
-0.116232665050014	0.273497831848553	8
-0.123356828599876	0.410619045804937	8
-0.0674747308151628	0.195383338893731	8
-0.0875164663035359	0.3023944806836	8
0.0206438787839265	0.0579474379665066	8
-0.0775902046883723	0.194708862392019	8
-0.0335098412670842	0.100706623793053	78
0.0481861963717079	0.139319897046951	78
-0.0501334736068495	0.145044254692083	8
0.0819126004892879	0.272475064201328	35
-0.0706837740800718	0.224536442784907	8
-0.106899161452848	0.343254147783345	8
0.0282909640711131	0.0591590332302966	8
-0.0479822624874713	0.116416986288948	8
0.0501661227624935	0.141824135227278	8
-0.0962658779762234	0.293237799667379	8
0.0209906854759563	0.0539654852517059	8
0.0270467600884607	0.0545092962846037	8
-0.0268412613127606	0.0304514407529111	8
-0.00541544193337146	0.0416219283874091	6
0.0143063439057402	0.113129831088794	6
-0.00405616493138141	0.0281749187066994	6
0.0604814635105155	0.530708527082551	6
-0.0270930578392289	0.188010984002031	6
0.050517341253296	0.356202048229373	6
0.0209371476680148	0.122092977356384	6
0.0534151886013996	0.359764585390756	6
0.0538915774459508	0.359374246864071	6
0.00466861633692918	0.0236589287273521	6
-0.056533044854918	0.369943193053834	6
-0.0612724815170472	0.404851890556628	6
0.0210203874633585	0.11254645454779	6
0.0677667088774497	0.43896005542128	6
0.0276078688265674	0.137305156710712	6
-0.0529509104211668	0.299513012779123	6
0.0466171058095752	0.260786739144682	6
0.0210938952665742	0.109336194412612	6
0.101307373868158	0.773885758743825	6
-0.0490135715694069	0.29524700395021	6
0.0471607640090142	0.281466616629159	6
0.0427629824798506	0.249262492826981	6
0.0130377332797243	0.0650280140924324	6
-0.0178899134604097	0.0934934236242493	6
-0.0376918303333687	0.214701933774512	6
-0.0929585874339534	0.664365542666703	6
0.0413466705371859	0.23268447497087	6
-0.0958019160613864	0.644889666230611	6
0.0272024152780576	0.139708811905225	6
0.0331690561397604	0.163954787380781	6
0.00111959649777742	0.004855975792044	6
-0.0891252728484335	0.604916706106391	6
-0.0935864188335533	0.65615704843137	6
0.0334719602106189	0.183687219071439	6
0.0116882702039288	0.0556556349889442	6
-0.0656622539146003	0.379808720329945	6
0.0581227743999168	0.308398663598391	6
0.105855591052951	0.698317373299886	6
0.0811537047833825	0.512020256067772	6
-0.0300837351091239	0.117304413709734	6
0.00823215866109904	0.0273845707651767	6
0.12163888579899	0.237219076162126	6
-0.0228351262862049	0.0452390867508718	6
-0.0791749968780295	0.229065514530361	6
-0.0139418679239756	0.045775475359553	6
-0.0610632430852749	0.214172315718687	6
0.0809506491160796	0.264449594351882	6
-0.00951373319613649	0.0242231049859151	6
-0.120522665758162	0.462431294993521	6
0.106078442010267	0.363634328444994	6
0.072641362569107	0.237580723765828	6
-0.0263311767086913	0.0456476806766044	6
-0.0422420233323349	0.145664103002111	6
-0.120668305523271	0.491164895829265	6
0.0611487812012262	0.213662505996107	6
-0.0475891624469988	0.152513044637439	6
0.0471521430440611	0.136617995693486	6
-0.0850930251787159	0.280910880757148	8
-0.0114379272558395	0.0334425815326408	8
-0.112116927888379	0.417832967905624	8
0.0762957674419929	0.215882310760062	8
-0.0648555983908982	0.197227587066303	8
-0.0849949897773191	0.283960274230267	8
0.0121215427205658	0.0329186525651646	8
-0.0206634895075069	0.055593612757656	8
0.0911679687567219	0.213947046642893	8
0.0460654317311715	0.0766353844018539	8
-0.0634732855535308	0.189784857832703	5
-0.00528698784768459	0.0138802834986448	5
0.0429474783809296	0.118244694101144	5
0.096487213801223	0.296540941265151	5
-0.119052019887965	0.392668037164478	8
0.0160336049373631	0.0360486411324345	8
-0.046561148821459	0.130252408608505	8
0.0299888459055033	0.0807357849489283	8
-0.108358551694882	0.378035272634374	8
-0.0543183338504252	0.153810801540759	8
-0.0764529176958412	0.259957759408981	8
0.0230020917872652	0.0685131407205021	8
-0.020017484542195	0.0502895335206029	8
0.114425798460403	0.338416120933569	8
-0.0501334842864815	0.144547590575064	8
0.0555714646975689	0.174973441352152	8
-0.102017391820321	0.319834530624278	8
-0.061520934735516	0.172417761944779	8
0.044991962784841	0.117406412374339	8
0.00583777992057995	0.0141694179915674	8
0.0313220278788757	0.0687205347935804	8
-0.119489391046517	0.332928843475336	8
0.0773249851730708	0.215450604635223	8
0.0904048208239003	0.281953168796445	8
-0.113302648532653	0.395001104170451	8
-0.122435397547125	0.403483426846636	8
0.0664082136051422	0.18911599901115	8
-0.101642226334562	0.369920281382454	8
0.0650435661556477	0.174032677109098	8
-0.0512875368714453	0.139090336344421	8
0.122574089964479	0.413951230079787	78
0.0462219031766166	0.119405653985278	78
0.0637542746938947	0.174835950083839	35
-0.0467014092439924	0.127018096087349	8
0.0159276095424324	0.0336670561381851	8
0.0173367469249183	0.0318629700824727	8
0.0000793213583856395	0.000170285532452161	8
0.0159809974818065	0.0353689286339247	8
-0.0241918013817393	0.0579088650982429	8
0.0221324422852531	0.0462476193652391	8
0.0105362205374095	0.0115341719442124	8
0.00597490448002285	0.0459496752642217	6
0.00902951476367063	0.0699780660346414	6
0.0184416064939134	0.13735294901047	6
-0.00915448689270094	0.0580027178259348	6
0.0356799780273318	0.222966657416313	6
-0.0121369019606889	0.0671748802302057	6
0.0202082934332377	0.116535876604514	6
-0.0532870711683413	0.347408440879016	6
0.0310986722529383	0.180080775358294	6
-0.0248028603046558	0.136154195845351	6
-0.0622524023182107	0.405540429444296	6
0.0103015662426214	0.051889843329783	6
-0.0499762352575115	0.277644134754142	6
-0.00665483921224386	0.0267602076465894	6
-0.0804096234758682	0.44241458587024	6
0.0299990157464941	0.166319644324155	6
0.10009826678891	0.727290302145224	6
-0.0661734500089062	0.420630307681719	6
-0.0890357439796239	0.65015521538297	6
0.079755805105868	0.532078307518582	6
0.0227732443901989	0.114969710815483	6
0.0990857062424887	0.697355770358285	6
0.0683217901978724	0.447285506749814	6
-0.0227421585263195	0.118632055345425	6
-0.0360855167734501	0.20049485114017	6
-0.00320231940701383	0.0149693884111133	6
-0.0514430124163872	0.29181537117761	6
-0.0207617600129212	0.0928539189994463	6
0.102778686550049	0.454663819235292	6
0.000423292207295291	0.00176790888916817	6
-0.103488489254618	0.743522016225837	6
-0.0201358937900455	0.089315336595708	6
-0.0271482283226465	0.145349639533665	6
0.0145428734871839	0.0667965797674042	6
-0.056334686971679	0.327770990420036	6
-0.0112831601918743	0.0533751037294184	6
-0.0812442164871335	0.534822268293747	6
-0.0565349487906229	0.322843558760527	6
-0.104503689317782	0.553929598228223	6
0.0382213910234423	0.152815313903087	6
0.0775913137883606	0.0953141852202271	6
-0.0211862272298952	0.0345163535626406	6
-0.024244051413323	0.0590428830775918	6
-0.122328314757368	0.415727902027247	6
-0.0244463201084577	0.0729549108936223	6
0.00896295859363243	0.0229253573554045	6
-0.0032876804046245	0.00810600981892032	6
-0.102125507603707	0.379641374384868	6
-0.0755687794965804	0.23446830009333	6
0.0389968965985307	0.113085325489321	6
0.0280312234133643	0.041092043869765	6
-0.0360028913117466	0.0467133624481482	6
-0.0757058494808925	0.211152952079911	6
-0.0983957789820206	0.433022329838976	6
-0.120056594403372	0.507861075618221	6
-0.0182444401000092	0.0566100132440556	6
-0.00627850395696881	0.0190853385874219	6
-0.0415977523585505	0.136613230497727	6
0.0638770301741271	0.203893300213731	6
-0.113432995102742	0.375690895886441	8
-0.0342083030830457	0.092136348395816	8
-0.0147843148583284	0.0390103488618947	8
0.0143719343831346	0.0385036359837711	8
-0.0464531822187285	0.131292125358795	8
0.108740800946966	0.365329953832858	8
-0.0916365293428139	0.285939992845069	8
0.100834502321335	0.158517572337888	8
0.113248775569601	0.392145403057828	5
-0.0215341472903432	0.0573005068419503	8
0.0582373676659709	0.184207448257425	8
-0.0988421067664599	0.306573933819497	8
-0.0349618025826416	0.0838761118461073	8
-0.0159904178764206	0.0413796813731646	8
-0.0713984515551848	0.237862357541646	8
-0.00525172819106461	0.0130935009056072	8
-0.094108241781233	0.317032471124933	8
-0.0787070202849874	0.255274161534914	8
0.052514102179191	0.156757437618257	8
-0.108230974052298	0.37879593173553	8
-0.00934084363308325	0.0240098210879206	8
0.065035479321829	0.200531065471205	8
0.00250692046406869	0.00636678748970354	8
0.0197421811985424	0.0466892693060952	8
0.0403401745663965	0.0810904880229149	8
0.0111589390524983	0.0255885057338162	8
0.0224574926093629	0.0538762783901412	8
0.0606589618373035	0.15575464332893	8
0.0174241017387421	0.0358388264245286	8
-0.109951467947591	0.263712192003462	8
-0.0124761065766007	0.0301218784532611	8
-0.108042712415262	0.374020308374062	8
0.0969588915682515	0.309339777992131	35
0.0560551932298837	0.171442408884416	35
-0.0888064007872203	0.209978163472855	8
0.0356263314167467	0.0551909975909288	8
-0.0707802755429524	0.199322793521206	8
-0.113602204877164	0.339468981225557	8
-0.103300735570949	0.250772661346849	8
-0.0456495940902404	0.0917089708948798	8
0.0123594170598736	0.0227200785298369	8
0.00470637912254591	0.0357317957088469	6
0.00478990456904029	0.0342572844189437	6
-0.0330228748993441	0.267623946889509	6
-0.0238833702850234	0.145436052449609	6
0.0394912074658655	0.267412458837661	6
0.0422102578632166	0.287955273802866	6
-0.0224624363813729	0.127822617980396	6
-0.0110997187283492	0.0581651826170019	6
-0.0598495482323552	0.388752358979296	6
0.0525104658288619	0.327274406277045	6
0.0543975342978762	0.342684127632594	6
-0.087839825252362	0.543758220829172	6
-0.108256613848806	0.603864552992824	6
-0.0372260932761435	0.161640562581753	6
0.072507268683553	0.386684688194972	6
-0.0914012732789778	0.471449134330672	6
0.0667211787555849	0.428950034781178	6
-0.0920232018775343	0.63503151425961	6
0.0690421891167656	0.453761769703093	6
-0.01185943150998	0.061310079171402	6
-0.11851556677463	0.880382452073062	6
0.0405849191742012	0.221590631942207	6
0.0980209801441425	0.727242241197883	6
0.0829597612875523	0.56733462480136	6
-0.0205783978608546	0.10613953447557	6
0.113016004069805	0.886173010408897	6
0.0642117522126698	0.39541614933016	6
0.0299624920815854	0.145415022677577	6
-0.0290699829007258	0.135548037703287	6
-0.0883609564595364	0.6057836036166	6
0.0516934284926042	0.253451045591671	6
0.0442135013906576	0.253639383820684	6
0.000158938245077718	0.000745927206811735	6
0.00581381983954435	0.0255023859670849	6
-0.0580657700502494	0.343109526361056	6
0.0570877649655969	0.349992629076329	6
0.0838520695437252	0.561693553175571	6
-0.00657844572381813	0.0258291364174644	6
0.0407015777705638	0.17837020295488	6
-0.0310842243065653	0.0832337351256697	6
-0.00501264353416997	0.0128276811052933	6
-0.0233328781279858	0.0749371627999089	6
0.00683816114365824	0.0167769102879259	6
0.0172017121644768	0.0373225227698181	6
0.0295456837526117	0.0792171624985313	6
-0.092864267657943	0.303551083800616	6
-0.0512704856771998	0.14795716876419	6
0.0604930705507195	0.0946118157553977	6
0.0816307569549198	0.101127954409967	6
-0.0383732398362944	0.0669493473201894	6
0.0885449381010172	0.230136292343731	6
0.0940425961924977	0.409099081242562	6
-0.0347045983047788	0.129131356768235	6
-0.0546577694119429	0.208169037028649	6
-0.122840569451729	0.598598346341063	6
0.0450212428150538	0.1608095963229	6
0.0201573292667244	0.0609156721825783	6
-0.0604476785148008	0.16440855732073	8
-0.0137170367317549	0.0389567212785758	8
0.0220439294969859	0.0547994443544317	8
-0.00291107436635183	0.00657132981120621	8
-0.0747275490588629	0.235901787737306	8
-0.00266389676184007	0.00698188439417338	8
-0.0690466995084055	0.213319909259986	8
0.0426956337101951	0.123178111680054	8
0.115786749196964	0.230091341027931	8
-0.106349143764558	0.333807114563707	8
-0.115597340466705	0.382230348701202	8
-0.0143177944602418	0.0308359016066549	8
-0.0296457290502105	0.0640542782719396	8
0.084646346689309	0.243375196355035	8
0.0349566633366084	0.103337661465787	8
-0.0487049000513444	0.146748694604242	8
-0.0652245460314947	0.180536083781446	8
0.023959788944114	0.0657965272885775	8
-0.107700112872876	0.418502896875485	8
-0.00653166459683327	0.0184702757385015	8
0.0459978394857406	0.135090956459475	8
-0.0779877928360174	0.269462967553038	8
-0.0588364165373862	0.149006829621611	8
0.100379807433716	0.278436398047619	8
0.091996417675385	0.243155819092885	8
-0.020539473368445	0.0521912613507896	8
-0.00905020473488186	0.0173661143203178	8
-0.0583531623841444	0.191958556292009	8
-0.102189408756601	0.375637712912294	8
0.00319916308359338	0.00880451114549689	35
-0.0561363009730496	0.0993910052735262	35
0.0218866862516999	0.053993522197404	35
0.0464840695224242	0.0906459083313373	35
0.0825657266933114	0.154685961364568	8
0.0203281433285656	0.176156755893748	6
0.00308385355531926	0.0222632076593558	6
0.00257016547889405	0.016047112551282	6
-0.00487868391600935	0.0302016170535743	6
0.0675303580941632	0.587569522654259	6
0.010633371230093	0.0586919383974129	6
0.0348220478291313	0.209657775960816	6
-0.00165295207732872	0.00812795012693553	6
0.000444098533256359	0.0021225316602157	6
-0.0297060013890313	0.164494136869699	6
-0.0521848021687871	0.28916444022732	6
-0.0507355107527551	0.24634425022595	6
-0.111759802675693	0.661558192669798	6
-0.00567324314417554	0.0238094296539241	6
0.0566758905727785	0.302825020336091	6
0.095041505881279	0.567104674608421	6
-0.0131095740955037	0.066882252473403	6
0.00931943413445063	0.0443384952905847	6
0.000127162258982066	0.000596922993230606	6
-0.0227449290271246	0.121496145624109	6
-0.0373347250148427	0.19478570312579	6
0.0964901891142498	0.671915675346431	6
0.0521111191829768	0.314228483842639	6
-0.0505184681084883	0.300734665621636	6
-0.0167619994827588	0.085945297439386	6
0.0295374721619091	0.160224468046389	6
0.0764866530624118	0.504763586893678	6
0.00443218788617244	0.0191835315917364	6
0.115797012608085	0.488939696062565	6
-0.00910961099940583	0.0385805184920036	6
-0.0913432959089555	0.649705018977915	6
-0.0572425609451429	0.349567507901313	6
0.0360368320916529	0.204076626158073	6
-0.0566791785778813	0.31769516794156	6
0.0355831651292306	0.192231056274609	6
-0.0198344789019781	0.101349171526866	6
-0.00507266971853584	0.0241655287850948	6
-0.01146133875534	0.0542974929129303	6
0.0049278268657713	0.0180664007345752	6
0.0200985194130588	0.0782939844802349	6
0.0113984267373634	0.0124427462162933	6
-0.0662221279188315	0.141737309498953	6
-0.0545963144151114	0.160563214899825	6
-0.0401773312557526	0.134043755039643	6
0.0926246332400654	0.278513558634305	6
-0.0136807250700299	0.0369607366454397	6
0.0264799781605843	0.0850301946636581	6
-0.0513994765038796	0.169310477841505	6
0.0223369354020823	0.0642328296575703	6
-0.078221116628183	0.301333193984678	6
0.0666662226285856	0.192790370149867	6
-0.0285339059057536	0.0526487528544947	6
0.0590348462844887	0.149703967765661	6
-0.0439803803917143	0.182628420700783	6
-0.103545142291733	0.520632567101902	6
0.00900675662694934	0.0308386513574999	6
0.0495553836530085	0.197869431983764	6
0.0287984016300243	0.0995931733019448	6
-0.0684413386670282	0.23116289577698	8
-0.0552708937810064	0.16038796496777	8
-0.110751607734247	0.316829982280655	8
-0.0755658936799094	0.223654581424842	8
0.0229781334027489	0.0627041594228561	8
0.0244116913356939	0.0513104982644749	8
-0.070258814191114	0.138400431779087	8
0.0597127200046983	0.09882669343983	8
0.103196511928166	0.320144466830598	8
0.0993782789135323	0.249158390304098	5
-0.0536513911430878	0.125877503280313	8
-0.109803943838526	0.406678165408198	8
-0.0616310739369956	0.194545639260794	8
0.0590680979678032	0.17466508868003	8
0.0565176283722285	0.171620293809139	8
0.0566505047229322	0.176419068527726	8
0.0741957234662834	0.206815918553762	8
-0.00992645948901716	0.0276072120565854	8
-0.0734491861647092	0.251220042537075	8
-0.0388417682796661	0.11651941128367	8
-0.0915528474936744	0.300499077203358	8
0.0659366849535248	0.230697050945517	8
-0.0215133781780702	0.0620994935593295	8
0.0739026579752885	0.130699055310287	8
0.0835406220382079	0.231631181115728	8
-0.0220722192561306	0.0524159288491605	8
-0.0230097038414571	0.0558845624338969	8
-0.0243042101367824	0.0551542395379705	8
-0.0985157574416343	0.363440303732389	8
-0.101635207541468	0.364395677442964	8
-0.0385020598677874	0.0956434162537023	8
-0.0214127602784783	0.0434457248668245	8
-0.0920253784856049	0.21835767183737	8
-0.106995224210128	0.310497168664928	8
0.0953133541680254	0.268815478663843	8
0.0806260852384273	0.291938153566965	8
-0.0518175935532545	0.122309874892313	35
-0.0920848607705049	0.208011012127586	35
0.020446163927875	0.0318938360252593	8
0.00105341070082434	0.0078067456668474	6
0.00378448405543634	0.027381113432539	6
-0.0120593736192847	0.0870314422021046	6
-0.00888883565595073	0.0562963196193666	6
-0.0160547821541227	0.0969576394424513	6
-0.0494629592374454	0.327733912138405	6
-0.0122512929286371	0.0652902057768702	6
-0.0175474990286061	0.0947712028696472	6
-0.0907219011046765	0.683007681699821	6
0.0201567536428186	0.103785759415255	6
-0.124454463113795	0.970985681152403	6
0.0874629021171994	0.596089360547325	6
-0.0531073144009968	0.300912908854604	6
0.0504273317749975	0.293693373021454	6
-0.0998325130302006	0.729155745971209	6
0.0911668184844306	0.650967466787116	6
-0.00947943408952154	0.0456968132508996	6
0.0223214902051693	0.118095630217552	6
0.0407005027856968	0.237066046629715	6
-0.0301960197093479	0.164459865570422	6
0.0601796507184814	0.378271177106255	6
0.0456287783581119	0.26573004474602	6
-0.00348382152045933	0.0168191467554949	6
-0.0988678570848702	0.73863215517911	6
-0.0233082566680114	0.120829564638492	6
0.0999281495215934	0.538549825716326	6
0.0291230887372053	0.137807963312968	6
0.0384442677626269	0.193407216921352	6
0.0658922612783851	0.398483767830927	6
0.0294142860842335	0.153927005317179	6
0.0261182644062058	0.134815216629412	6
0.0328676563706975	0.168010059282098	6
0.0456777390985171	0.238684988037949	6
0.0546252020170845	0.286664662574556	6
-0.0250868056313735	0.123078953206232	6
-0.120249176738361	0.594179394806174	6
0.0861483666341563	0.347946006652355	6
-0.0155310048062327	0.0223026832550592	6
-0.0449012078673934	0.102395978991036	6
-0.023731512327857	0.0569053366964759	6
0.0263404308327253	0.0908920657470367	6
0.0113230284585952	0.0363232623717175	6
0.0751991245918942	0.237693784204547	6
-0.0349012226976548	0.0988883372959748	6
-0.100029854921893	0.403557184612199	6
-0.0152246566658262	0.0413629044031278	6
-0.00766130973558967	0.020719943348393	6
0.0765896246248181	0.173269528885066	6
0.025035330771506	0.0470446767341054	6
-0.114228855518434	0.469046132126998	6
0.117170885636946	0.496405303190784	6
0.0683023370933576	0.258830261892947	6
-0.0269328482641647	0.0875695584819429	6
-0.0596366605111271	0.211160011622977	6
-0.0629465370620941	0.203277157405623	6
0.0298523891189091	0.0835357521092798	6
0.0111443342738264	0.0312040510114373	6
-0.120654974440608	0.426649395643206	6
-0.0538169184086906	0.181761597379495	6
0.0688527736723215	0.216799828172091	6
0.0124306991382794	0.0305771979426982	6
0.0741912511140646	0.239915219770256	6
-0.0650011786867209	0.215915037347823	8
-0.0965387646499371	0.325151984323784	8
-0.0458904048636869	0.137207069609626	8
-0.0598361760366476	0.162211654418996	8
0.124590427815594	0.349375165305616	8
-0.0211792138669735	0.0361105221334063	8
0.0435041186838879	0.0866471079076267	8
-0.0446279374975323	0.0880882872093892	8
-0.0592532252992633	0.168150250814836	5
-0.0469163400708426	0.138299522090428	8
0.101982185681182	0.303542199828759	8
0.102782999225016	0.295074658490571	8
-0.0590627520469225	0.167692962046543	8
0.00746509716402074	0.0206681792017308	8
0.046819403022425	0.151767702457871	8
-0.101616091775073	0.3430108788051	8
0.0827816613098203	0.224033663829491	8
0.00457785349121629	0.0114326559734627	8
0.0752486362753391	0.235793411384872	5
-0.0880647045804764	0.261778065855198	8
0.0864914543316971	0.211153531326769	8
-0.0278705922183316	0.0715107444647449	8
0.0507149334521277	0.139589473302022	8
0.0338292294043589	0.0917320662051821	8
-0.106888284565718	0.325677304471781	8
-0.0582187682386795	0.16550054514753	8
0.0259171762222094	0.0670547187608653	8
0.0412715870960282	0.113947099041161	8
0.0125239398332602	0.0317943601964431	8
0.0624349700669591	0.179737749783171	8
-0.106398880990121	0.318765796405784	8
0.102864527150658	0.298548421099321	35
0.120000409650708	0.37797122377957	35
0.118513843774789	0.323394522055758	35
0.0313938324566052	0.0713590976500584	8
-0.109568935313702	0.274715144253956	8
0.0444576039216315	0.0936478011835371	8
0.0128417729397014	0.105672585988338	6
-0.0000932521119250062	0.000657955767702873	6
0.0332388889808683	0.269694496885173	6
0.0222199632940996	0.150126002947634	6
0.0229366936411903	0.135948703269039	6
0.0577295730145852	0.400755347406055	6
-0.104529530656838	0.865516575147042	6
0.0285054541709832	0.159120581402367	6
0.0834360071766766	0.605324953179298	6
-0.0861676677594352	0.599264665435087	6
-0.0684298490948391	0.449005966869436	6
0.0595355154611515	0.375147018347502	6
0.0231523645190852	0.119071174041652	6
-0.0251724979127558	0.13429722483531	6
0.0913184712062488	0.639859831415101	6
0.0282286545394548	0.150103585754926	6
0.00468167193728808	0.0227526768572246	6
-0.02453974138955	0.127603528352268	6
-0.0198596901227512	0.103493354723072	6
0.019464755380419	0.102682667509343	6
-0.0238504230475346	0.129342491188935	6
-0.0420353098491953	0.246634583793632	6
0.0547077520225457	0.335350798536949	6
0.0254665177160283	0.132853175920308	6
-0.06377390336714	0.375399984648013	6
-0.0606381843819163	0.355946815073325	6
0.0665461571050086	0.35156915130614	6
0.0882931598563066	0.529748142219982	6
-0.100481256674122	0.647732918361582	6
0.0334798479317652	0.181317562969392	6
-0.123864970523589	0.817018515543768	6
0.0309166946515268	0.16524669708669	6
-0.0457363729237067	0.233004644570449	6
-0.0309505432755541	0.135297044888551	6
-0.049867903508454	0.202680921725584	6
-0.0128711190174558	0.0528627616544289	6
0.0623660114528737	0.361261947095129	6
0.104004906213498	0.40227215191864	6
0.0437995588098744	0.0368800999493242	6
-0.103774750120279	0.163338334251388	6
0.0816917795330808	0.167222996508613	6
0.091056671812996	0.398684317651369	6
-0.121261518797797	0.515899396089123	6
0.0544429597285397	0.209201399467037	6
-0.0848275188039055	0.309378667512758	6
0.0997965973749632	0.251802361899137	6
0.0250087497630843	0.064885284319932	6
-0.0768515280715784	0.326104723201818	6
-0.0117376110566289	0.0337714672718885	6
0.0651104314009191	0.215228298307328	6
0.064801766022039	0.233699350102599	6
-0.0857789992336904	0.30724135466384	6
0.0749065780924966	0.255333671297604	6
-0.0743449040481725	0.220036170284078	6
0.0747871016054159	0.232397933054743	6
0.021490226212174	0.0544919537071919	6
-0.124582201291703	0.507723288703232	6
-0.0125889933959643	0.0328471324097185	6
0.0554966071202398	0.190524245682597	6
-0.0213343579746765	0.0568002667502827	8
-0.00131737509013035	0.00344126702145426	8
0.0412338889846416	0.120570405063404	8
-0.00987320160942803	0.0253820428476367	8
-0.0396528541416541	0.0963720916537172	8
-0.116032537802735	0.332127144629889	8
-0.0783078092310868	0.1840875688108	8
-0.111348740026838	0.364411059299111	8
0.0792012497463994	0.261286047764317	5
0.00170817966496056	0.00460079925333487	5
-0.0374321569275282	0.100368859373514	8
-0.0934352559620818	0.220789576312645	8
0.0231385758940261	0.0658161985130979	8
0.115558936470393	0.451620710996286	8
0.000586955390127936	0.00148817417212712	8
-0.0927923299334941	0.280354185687459	8
-0.0165326803594719	0.0363495842899073	8
-0.0365226960762624	0.097008310398936	8
0.0569466785990719	0.160738945412549	5
0.0304515591714053	0.077014085818628	5
0.0230724717742965	0.0548426564362648	8
-0.116589797600499	0.411144188698031	8
0.00498905318351859	0.0113657271845509	8
0.0594597039383345	0.161091143771695	8
0.109126251857395	0.322035536715272	8
0.0395265707946571	0.107859014615171	8
0.0685979102318733	0.212723450377173	8
0.108973324124425	0.372583595578266	8
-0.0102386864386426	0.0248114307440393	8
0.043824853859906	0.128085740536975	8
-0.0618768567719756	0.174513956187146	8
0.100224218331292	0.265297347177516	8
-0.0729579538289907	0.17700853257487	35
0.121965952308828	0.381693115471922	35
-0.0988680850581499	0.280841365176359	35
-0.0897955470884257	0.23938193154809	35
0.0732641997713784	0.196761505138469	35
-0.0364302276234335	0.0935287127837492	8
-0.0695084839090122	0.143849922532977	8
0.0935980029485098	0.26447025733576	8
-0.00291489063129517	0.00676893756724323	8
-0.122215048623499	0.322252709293095	8
0.0363621980774843	0.0796164782703367	8
0.0144621887542378	0.119995564018418	6
0.012879757472395	0.10012615420621	6
-0.0112471107787677	0.0782543693948868	6
0.0406888447056981	0.286622054929832	6
0.0621680514688117	0.453272993594972	6
0.0013387277877569	0.00677843948313403	6
0.0222915743151923	0.121775727934311	6
-0.0534671582256214	0.33326839590344	6
-0.0855287487143837	0.578909745252395	6
0.106195056488394	0.770288052828881	6
0.0414400563627894	0.22973114271432	6
-0.0606516724145924	0.356013737554304	6
-0.0405157627403002	0.224645616124855	6
-0.0791559166866492	0.548500866988133	6
-0.0394833722047107	0.22563988699669	6
0.0658811385919195	0.438163863648247	6
-0.0164412470560993	0.0856228165131757	6
-0.000629044015929709	0.00298004795885028	6
0.0637002623046365	0.410329699007198	6
-0.0322955851430318	0.180591508906853	6
-0.0331676881448107	0.188220587651421	6
0.0208949385235316	0.109822777014444	6
-0.0482475175066358	0.287976634978246	6
-0.0102729486006343	0.0508763213183397	6
-0.103093118166991	0.749766609554772	6
-0.0434103591414101	0.237448776169195	6
0.0739812436655807	0.443106001120876	6
0.0659716123150796	0.408735060912191	6
0.0395292450804447	0.220440418708782	6
-0.0725606023666205	0.465776092374532	6
0.0226151011679795	0.113213576710107	6
0.0186702543691759	0.088614308230868	6
0.0766396896048754	0.48926530659975	6
0.0496729422993786	0.270115394623191	6
-0.0867621933294094	0.559517053370642	6
-0.0012231102983398	0.00507209380716483	6
-0.0296961170826429	0.12628400141249	6
-0.0227252556821454	0.0533631984960756	6
0.0200952509323946	0.0524187123972659	6
0.0547423516197567	0.176640347531818	6
0.0087196359301393	0.0234334859328971	6
0.0130709473848214	0.0389388723118172	6
-0.0976856306210917	0.356659354022812	6
-0.0237895931431843	0.0755346879193917	6
0.111602519684651	0.208426528947069	6
0.0637248356160752	0.199930197110969	6
0.0797563702754453	0.32794033058458	6
-0.0748661061136779	0.294324823716464	8
0.0354379587924483	0.120294518997824	6
0.0593441225984964	0.213315476289385	6
0.02236604492014	0.0725710898903043	6
0.0266881741832618	0.077709019345583	6
-0.0925262815689545	0.329429230198217	6
0.0567725742846231	0.1712834064708	6
-0.0212404289568057	0.060788829845844	6
0.0933004877570504	0.307649172282649	6
0.0243268673021051	0.0696155296389575	6
-0.0427444767288484	0.129185204533294	6
0.107695172550142	0.365742876339507	6
0.00393598484284225	0.0105049638705448	8
0.107140737065491	0.398051561010542	6
0.0578886509938087	0.162271558659535	8
-0.0807657236427591	0.244910338930156	8
-0.0515996811633745	0.130949081312208	8
-0.0717353887900149	0.141235677533842	8
-0.0316402385932331	0.0554663949102012	8
0.0423838126552199	0.120607115319541	5
0.111654706957599	0.325559987973658	5
0.0372750428567359	0.100264249850035	5
-0.0244371985087097	0.0625142760491148	5
-0.0669860216350654	0.19910771309295	8
0.0770523206422596	0.245223305793945	5
0.0592007259708528	0.166709123711635	5
0.00317769445157831	0.00835286714147062	5
-0.0481265873288511	0.138487302979976	8
0.0395222198795242	0.112841306066402	5
0.0470185633696131	0.144951900910968	5
-0.0677993159299696	0.202223937013498	5
0.0690292570803986	0.206818842461054	5
-0.0495623939048854	0.135611965695561	8
-0.0256575527378704	0.0594598368021215	8
0.0894100995730567	0.249751062839797	8
-0.0585869165666683	0.160314519300353	8
-0.0125088540503732	0.0309846495355091	8
0.0947042794063559	0.283067943576916	8
-0.0261871666948018	0.0733317945187963	8
-0.0185721411847984	0.0490333677058093	8
0.0259918153383699	0.0623835982428708	8
0.0247760618000939	0.0630093046672499	8
-0.00268357048247103	0.00657231175477014	8
0.0668319170710306	0.175880756547247	35
-0.0555883669556953	0.113893697428776	35
0.105123635987664	0.22778281014286	35
-0.0211359612318417	0.0486107701599615	8
0.00453118875830653	0.00942781928884106	8
0.0988432359032479	0.236293206661099	8
0.0151945264384362	0.0334987307226613	8
0.0186820750212514	0.159103964824072	6
0.0285637047454655	0.252178978327817	6
-0.0427331243986457	0.368982583530421	6
-0.00104562588852562	0.00590946734803149	6
0.0243176288552227	0.145028860493438	6
0.00103540927416857	0.00525883250586176	6
0.0114245219041371	0.0571755350830035	6
0.0357372201768947	0.188505656598071	6
0.0993445466864375	0.645768998707816	6
0.0812034250561247	0.532399734919392	6
-0.0266557133988424	0.135457995218601	6
-0.00189874527526786	0.00790270128342313	6
-0.0315499771776182	0.18238636438783	6
-0.0160845932571792	0.0835408035116387	6
0.0112446154836979	0.0567244195830634	6
0.0601242997642963	0.409866093758003	6
0.0714634163982665	0.470779619828263	6
0.0101471921833383	0.0494048553798409	6
0.0418615654359777	0.242191044782318	6
0.101422640116848	0.792031757050834	6
-0.0923279783767629	0.683447733602935	6
-0.00963116642164972	0.0482899559722241	6
0.0321704167013673	0.182183680787513	6
0.0381516224367272	0.204293175740174	6
-0.0556152978864569	0.317321629471572	6
0.110861812129556	0.857234570518231	6
-0.0220825177330884	0.102049153811183	6
0.120731992528152	0.99784687688106	6
-0.0174945138526456	0.0915043051688587	6
0.0578804686189324	0.343226220086215	6
0.103807049269471	0.754440893325971	6
0.00574273368704744	0.0275080504378441	6
0.0184802078866551	0.0961642156798825	6
-0.11115034684659	0.819763642426314	6
-0.118580232792219	0.78173163656927	6
-0.0630158174810199	0.362235176192455	6
-0.0349240178368711	0.170326433883897	6
-0.0195440453975484	0.0235588725675058	6
0.0333978906154906	0.0745766409816533	6
0.017143325878909	0.0515313796738631	6
0.0279804287189047	0.0887754524228125	6
0.0228066309517439	0.0849979890049505	6
-0.0727372263518853	0.233814786903199	6
0.064079505590823	0.209707993139569	6
0.0672748124004622	0.279599287082127	6
-0.0620257746997054	0.23259154835714	6
-0.102752405700079	0.378947256828896	6
0.0115367650499207	0.0398286358127262	6
0.0789069991913052	0.290141589507538	6
0.0996311563467397	0.193473459075965	6
-0.0634511076049036	0.156555745389636	8
-0.0954246276205276	0.436863156730918	8
-0.103075161106799	0.476204527627423	8
-0.110736617918619	0.43573542248563	8
0.124321332701183	0.581809102684998	6
0.113963472988294	0.561821204113785	6
-0.00417427592757722	0.0136226551715376	6
0.0802131493924921	0.31214651731033	6
0.0969179069069967	0.316389731552845	6
0.00517806115825935	0.0136388915189994	6
0.116487631065709	0.484446324313364	6
0.0850102090901733	0.270607993608795	6
-0.0986108847217933	0.339698562538874	6
-0.0922113826283891	0.273914857475252	6
0.0958204219376067	0.316995830770877	6
0.110015961414041	0.391336682500336	6
-0.117082867544839	0.407044191405393	8
0.0921664578130332	0.308041253911407	8
-0.087365304033586	0.225545493202211	8
0.0838254869752886	0.131119806923118	8
-0.0839592051892503	0.150919945641121	8
0.10030003606758	0.330421719434838	5
0.00401688258355385	0.00839614868197487	5
0.0198168398479548	0.0509967406785983	5
0.0802202760681386	0.278946757910102	5
0.111225721797271	0.393077847538388	5
0.063684522386191	0.180231699808862	5
0.0544261892919419	0.150485163347734	5
-0.0193032334526575	0.0531304505849757	8
-0.124550532462569	0.404705603818196	8
-0.0273403427308407	0.0830522232278474	8
-0.0099533948246926	0.0290352511158053	8
0.0993663553508102	0.356263312662617	5
0.0883540816853586	0.301486858581386	5
0.0187233779868534	0.0544990214189664	8
0.0125809852928562	0.0368890599368539	8
-0.0744850271907385	0.25200138807553	8
-0.0744752906470259	0.123447114385285	8
0.09259514908912	0.248571869744782	8
0.107818911051419	0.310019017048701	8
0.108244974588143	0.394655534688248	8
-0.0482576595989338	0.141382421854214	8
-0.117390671613896	0.389565943688861	8
0.0687513318973597	0.15409466860319	8
-0.062873911361366	0.180225363365479	8
0.00672621443497013	0.0165922810656756	8
0.0495125165904684	0.136706476950356	8
-0.0282082905327152	0.0853100521498822	8
-0.12073371318892	0.473012982212759	8
0.0246500837417083	0.0722693233097975	8
0.00493395342110999	0.00647771548233976	35
0.0976025496896575	0.216933113630328	35
0.0250744307073331	0.0664803434230887	8
-0.109672833907424	0.322519162107481	8
0.0122576012821651	0.0996028675321513	6
0.0247609587632032	0.210659137369791	6
-0.026748651783426	0.212270471395662	6
-0.0414538865363005	0.308317281937616	6
-0.016522567561866	0.0945654760149218	6
-0.0193321183198603	0.106058936970186	6
-0.123458843326522	1.02665969951025	6
-0.0251724036382895	0.134643443454936	6
-0.0608649977906787	0.38539192349912	6
-0.0117276989380864	0.0576444559148016	6
0.0545607278607155	0.333273922744118	6
0.0266348960364107	0.151704065412978	6
-0.105760218404219	0.833463267317135	6
0.0566702970241101	0.36923993044914	6
0.00327547697571963	0.016275937308277	6
0.0458514916041129	0.278211367653418	6
-0.121077107953281	0.986317116539628	6
-0.0142129456111385	0.073135937112575	6
-0.0898296264653562	0.667873751285187	6
0.0088946557141431	0.0441839913875485	6
-0.0180577519639865	0.0947882293193316	6
0.0117495004422319	0.0593953090720485	6
0.0477460494367092	0.281626154872222	6
-0.00173119358264618	0.00791894014406012	6
0.0987936625990547	0.535987736390373	6
0.00982891019053209	0.0448257853941822	6
0.0744097126999431	0.482524134258004	6
-0.0480936408050883	0.274931423553684	6
0.0365817588971972	0.210114698167587	6
0.000555098124755034	0.00262981727633423	6
-0.115877995692425	0.911092477426026	6
-0.0165298155451544	0.0834102642506874	6
-0.0466873168009407	0.272097394311502	6
0.102778245813074	0.728747415696181	6
0.0059770197174495	0.0282469814213644	6
0.0170939903683096	0.0732674602332958	6
0.0362517693127372	0.161330309246824	6
-0.039324616872616	0.0407298184594911	6
-0.0462207814225965	0.0846825058524912	6
0.0141886664735719	0.0342382063589379	6
0.115878327979702	0.41182643192909	6
-0.0038287124832952	0.0108352274177924	6
-0.0494823851443336	0.148958242688541	6
0.0524256936641198	0.171109696220226	6
-0.0166813865925386	0.0542406064928929	6
-0.0002406298900008	0.000729765074584231	6
-0.00945331449125949	0.0289203763200222	6
0.114130356597116	0.497316059699619	6
0.0495580096000768	0.159094316882933	6
-0.122002255673068	0.240404805182305	8
-0.00423842517435269	0.00607490371973625	8
0.124286558592091	0.299156397351315	6
-0.0155743717498423	0.0424594868240762	8
-0.0467082284401273	0.169917739562973	8
-0.00436959313740714	0.0141930477059179	8
-0.12335145278425	0.56777415740421	8
-0.0568951758302095	0.197617475811461	8
0.00595218177465816	0.0174677575503332	8
0.0303098344234609	0.0876551874377631	6
0.0231862660223173	0.0675531642491889	6
0.0486988031762571	0.160978310257609	6
-0.0234452391020697	0.0641288862480957	6
-0.0614372512551481	0.197725487426509	6
-0.0120069171823423	0.0327695476159477	8
-0.0436768254077036	0.124269630774551	8
-0.115941357508038	0.376657451265852	8
0.036969506221878	0.0789493803893774	8
-0.0570978964936349	0.170916715178829	8
0.0292668178206158	0.0779547678840895	5
0.0316955596199392	0.0933430986942495	5
-0.11282583401688	0.388219977912545	5
-0.115877400775196	0.398302610142251	5
-0.0203572597265725	0.0525377434247013	5
0.0390255907227996	0.108736951360341	5
0.123607243499797	0.495569991586313	5
0.0420032737889442	0.130018535083196	5
0.108338833681267	0.389402948501307	5
0.11110918126955	0.415141685854328	5
-0.0638257601610424	0.213069903362455	8
0.000200828341297366	0.000540861135467389	8
-0.08412722641199	0.269630263591258	8
0.0291980715944918	0.0786261250903442	8
0.108170839494555	0.249118168385637	8
0.0424048175980962	0.105398839561269	8
-0.116829025643049	0.371822354225255	8
-0.00527373331371716	0.0130482282308855	8
0.0074155277613704	0.0189225263226697	8
0.0255976511182239	0.0733491928659881	8
0.0493523770639218	0.143433988405198	8
-0.0168943321115458	0.0437895371594135	8
0.0163917860170541	0.0433030911542798	8
-0.0287380278716762	0.0809881148969124	8
0.0356087041481398	0.0779036087902878	8
-0.110588752186616	0.254811400668042	8
0.0839234013321704	0.213207522804916	35
-0.0206161735156415	0.0475602380979994	8
-0.0461549234031764	0.119112858046929	8
0.120483638264996	0.309967938986118	8
0.0131414618889699	0.108518118147947	6
0.0000522953890392977	0.000366796414266744	6
0.0269441876875468	0.208169005053558	6
-0.0016501433049693	0.00931914134377839	6
0.0325037074071805	0.194574643133003	6
0.0255934416851596	0.142433926269105	6
0.0342955437971448	0.192413419509128	6
-0.00432059916221567	0.0206507833227303	6
-0.0264935420333219	0.144677869368327	6
0.00712775360522738	0.0365730935044324	6
-0.0454627793401331	0.281479405251036	6
-0.0184296479831434	0.0995906365937832	6
0.0502310532831514	0.320637410860978	6
0.00286068484174286	0.0140345176352992	6
-0.0642833842043074	0.424190745777377	6
0.0220655610106736	0.121017860581297	6
-0.112911852776956	0.921619876008449	6
0.0171903464631193	0.0889829951928408	6
-0.0000441932614384392	0.000206290262022187	6
-0.120324289488175	0.956321363635225	6
0.109175679941221	0.845028516292813	6
0.0398194614153094	0.185145100505844	6
0.0496510990166597	0.287885459274003	6
-0.0469240748153931	0.26225046909708	6
-0.108866514608707	0.792913596984149	6
0.055807027683669	0.344739841536854	6
0.0228475548241418	0.120085291399315	6
0.0428257937224732	0.249299556079685	6
0.00765993042681928	0.0366924515914532	6
0.00197561055175575	0.00890643771880705	6
-0.0837990575846281	0.539593738176422	6
0.0197729182590235	0.0976836694831226	6
0.023087167723704	0.117806333754278	6
0.0465184687560529	0.234787106935841	6
-0.0980383505067673	0.291988898961509	6
-0.0791493572012296	0.269447214550301	6
-0.0225829166511621	0.0849318397257623	6
-0.0780905338790067	0.314362930886649	6
0.11339725686259	0.437759970887691	6
0.00911185005895017	0.0271050809706008	6
0.10583321874875	0.441609474664351	6
-0.0272182370651441	0.0910781564650912	6
-0.06179456547304	0.216373630209424	6
0.092049023289243	0.216434717640341	6
0.0253913163073852	0.0738800197907084	8
0.0103362872446816	0.0336689823217018	8
-0.0928327975171476	0.342687111756162	8
0.0200651534637694	0.0616605062941957	8
0.068590994926234	0.233735497190037	6
-0.109729387423103	0.401293737486533	8
0.00831684844772202	0.0231611561356834	8
-0.101364018967966	0.396765320617807	8
-0.0256889586202674	0.0748999426254231	6
0.026336212535826	0.075841421043158	6
0.0758662384342841	0.24495778153356	6
0.12410848563183	0.513597368186425	6
0.0728807396802769	0.233903931159464	6
0.0191749029748175	0.0533944322027961	6
0.0247570065026461	0.0479109438255485	6
0.059924876202093	0.125776591745372	6
-0.0263054461297157	0.0737926187854925	8
-0.0037874705660443	0.00934403478824118	5
0.0324332797380298	0.0954964497646491	5
-0.00296896309480789	0.00765620841007182	5
0.0840193346221384	0.290277151400975	5
0.0652911080934851	0.189715688042534	5
-0.0778116880944211	0.263675585017063	5
0.0558358729276023	0.159293893483754	5
-0.094564451462128	0.32595455876486	5
0.112668169785473	0.437654764124568	5
-0.00213896111072744	0.00569035423601506	8
-0.0561681681300526	0.178991601140111	8
-0.0762311040657962	0.234289766932681	8
0.012041106172227	0.0331205999369673	8
0.0918922388597257	0.338059363795137	8
0.0898189415303566	0.217858802666661	8
0.0394596716055786	0.0852666125394634	8
0.110157700107213	0.368504749385569	8
-0.0124501356010089	0.0364898619002874	8
-0.0535404238481353	0.145553235690271	8
-0.00217147312312364	0.00603855064080822	8
-0.113510638646655	0.435499256906166	8
-0.0649705327905711	0.187959776704141	8
0.0359022427967257	0.102268438260903	8
0.0156474622865718	0.0388465339807048	8
0.0930286743795418	0.292261736704804	35
0.0761189451828742	0.212553955979965	35
0.0240596307283012	0.0603102112419045	8
-0.101452363422265	0.319640228710842	8
0.0149335280567578	0.033502536911725	8
0.0202987376701356	0.0228037456986561	8
0.0117894074571334	0.0959469709049597	6
-0.0167036221200164	0.13162818488701	6
-0.0355892155238499	0.267070415638604	6
0.0062435746506138	0.033783304868801	6
-0.00108741609061031	0.0054070088455351	6
0.0501999493173007	0.31332438918117	6
0.00839555546972283	0.0427492775082334	6
0.0389238586581537	0.231179812046957	6
0.0524122610105256	0.339496616358359	6
-0.0215184890532025	0.119822137653609	6
-0.0113081680289925	0.0588109218510555	6
0.0193781294791183	0.10506549654886	6
-0.0875226619500571	0.648621476128806	6
0.0286639904703488	0.162770259888948	6
-0.0106464191609004	0.0543118740109087	6
-0.0504821552800524	0.315975139676065	6
-0.0300379550592361	0.170961571276302	6
0.00418836522033569	0.0199022391590603	6
0.0283030378801711	0.153807551541187	6
-0.0428418441471737	0.247042850756063	6
-0.0404714219007315	0.235119085333406	6
-0.0862551691427173	0.559759283195931	6
0.0808571148445299	0.526771942856553	6
-0.0124900099114911	0.0614677159590397	6
0.0700576468244139	0.455530311266354	6
0.0129038487555985	0.0634786301686451	6
0.0452275541364371	0.270793128368069	6
0.0210378594562217	0.103650068580455	6
0.0864029308762938	0.489212888513195	6
-0.0508153472860937	0.281673689498181	6
-0.0408487498959965	0.228210646926209	6
-0.0226151330753965	0.0860128629818584	6
0.0114712833053749	0.03026356730073	6
-0.117992711545463	0.614865293732219	6
0.0166400387034813	0.0499524112569239	6
-0.056928536015753	0.21241696296214	6
-0.0148215515127084	0.0300307175212082	6
-0.116649334572697	0.340573468938426	8
0.0889110528088783	0.344251731127586	6
0.0676880630304852	0.260808715113543	6
-0.0398760092369237	0.127787117386877	8
0.0123724169646265	0.0361585659161401	6
-0.100015550509089	0.367144833574245	8
-0.0572322243840748	0.175572328095876	8
0.0253603862955023	0.0738173980164752	6
-0.0792612951658165	0.264463103657059	8
0.0508915382956326	0.168681057456113	8
-0.0283961503298083	0.0818032129017507	8
-0.0793414763017337	0.235984808599504	8
-0.0073100796000653	0.0206822466220351	6
0.108303986237402	0.424821799211321	6
0.109010596553017	0.387723686766659	6
0.119506881687072	0.461571849142336	6
-0.0889442040638365	0.316219636587442	6
0.120057402544915	0.463877845920927	6
0.0381184711750034	0.0811172651865734	6
0.0663092066893289	0.165803982327489	6
-0.0314443426772809	0.0951146092362944	8
0.022831481521889	0.0622199227753496	5
0.03277907362213	0.092325988292494	5
0.0791188709755274	0.271590188886316	5
0.0822848077314806	0.257993509896505	5
0.07941942817797	0.260745926636346	5
0.0331365949064487	0.0912800337103708	5
-0.0810246175015973	0.271719553979899	8
-0.0705951241916058	0.233070508725034	8
0.0979623600717472	0.313865036649082	8
-0.0473513967170117	0.123690927357831	8
-0.0512898031607044	0.171731793300646	8
-0.102500880053752	0.286110193848012	8
0.0915733914564113	0.277847942287838	8
-0.0170877268160762	0.0492955146360973	8
-0.0226135453114243	0.0643759943701281	8
-0.0610805950084873	0.184008231758926	8
-0.0213134048654091	0.0619773674408178	8
0.0811115859960004	0.265231305914158	8
-0.0177842457768176	0.0487593318693843	8
0.0178514843520534	0.0503176496997342	8
-0.105892489623174	0.366702917901961	8
0.0625585293420669	0.179322484217503	8
0.0725049225551619	0.224297560451092	8
-0.077051507459338	0.219838915157208	8
-0.0298543747452906	0.0755014754606995	8
-0.0827072143662111	0.272145713988882	8
-0.0998146424068925	0.296350881059797	8
-0.103790565149458	0.30382238924622	8
0.00544169222862226	0.013882979418898	35
-0.0900769523095211	0.264395579724598	8
-0.0204046462417597	0.0557982865257347	35
-0.091347778673848	0.247954429587879	8
0.0624703903084538	0.0974966470548126	8
0.0111273096257728	0.0893863314101527	6
0.000974685216483518	0.00688758572057209	6
-0.0357373869406538	0.279105506841684	6
0.0173937962590458	0.101657193290858	6
0.0143379775323244	0.0784436538334594	6
0.0549914195618302	0.36526064258323	6
-0.0448672897351154	0.280240054609356	6
0.0327782917019935	0.197229906363341	6
0.042824276977503	0.269972000290087	6
-0.041646396650834	0.259761995143298	6
-0.0439318405384772	0.275243288939793	6
-0.0599060328583167	0.399316595484126	6
-0.0151059416787884	0.0806427838467542	6
0.0577701635634308	0.37535873811065	6
-0.0564649780489849	0.357958795235305	6
-0.0296582287368779	0.168442279633905	6
-0.00827025089321597	0.0417291269896774	6
0.0410897094226977	0.239609780589003	6
0.0624471212622265	0.384699369818705	6
0.0539158652662102	0.326269298180978	6
0.0469853993524881	0.280546650747037	6
0.0372346875210651	0.202710448455947	6
-0.0653536955740831	0.41169820496207	6
-0.00271456833595662	0.0119224273059058	6
0.0389748773497616	0.222024161095145	6
-0.0254910509604998	0.136110788018849	6
-0.0459167608985918	0.266073783262409	6
-0.051110859577427	0.30717655582133	6
-0.0479111588071956	0.278350287843658	6
0.0311122382533354	0.157266314623147	6
0.00518616459445352	0.0226540473268838	6
-0.065942114957255	0.397497495784978	6
0.0732139692871544	0.48763919461823	6
-0.00104023185561545	0.00442629811293491	6
0.114131129519875	0.249437642516002	6
-0.0357154256544891	0.0920005066062401	6
0.0851581469553403	0.304808952009947	6
0.100520916288776	0.563083615720168	6
0.00459578429500193	0.016534367551573	6
-0.116362762685312	0.66296908583308	6
0.0649389716872423	0.247988008538481	6
-0.0355963593349093	0.110646465287195	6
0.0893820806868439	0.375845647157612	6
-0.0619569754819696	0.221848265213462	6
-0.104946324609956	0.446497159272833	6
-0.0990663468198729	0.292254154744293	6
0.0366988726848205	0.0832442212076622	6
0.0984664088866464	0.302604944022563	6
0.110785842125834	0.508363083549554	6
0.0603223090417653	0.193768189319117	6
-0.00982057746224082	0.0286745045870116	6
0.0714409361651808	0.234567837187959	6
0.0180390591193913	0.0512565693802968	6
0.0780812689994939	0.249176475734117	6
-0.0414479425779511	0.15218759727221	8
0.0996661224507602	0.356877961364051	8
0.0965770384627063	0.314711567062344	8
0.086748207537511	0.318186613264103	8
-0.11946214401375	0.477093463501748	8
0.0754297488992737	0.28914521123016	6
-0.08076668305074	0.270807798192727	6
0.0577497319513169	0.174258398059148	6
0.0522806861516041	0.183795783397484	6
0.0238092927977927	0.0646519137884286	6
-0.0596910726809066	0.14004189415705	8
0.00513489084879516	0.0158019836544688	8
-0.0675376412753233	0.235681810097824	8
0.0117652843738534	0.0364804780409088	5
-0.0412667590900245	0.129517844336725	5
-0.0279634259280903	0.0676018274537172	5
-0.0370687805043217	0.101173005298086	5
0.080612720594116	0.282049516893072	5
0.0236738308219114	0.0727615075330607	5
-0.0420934257419301	0.122505082403174	5
0.0407684348618898	0.116893242668147	5
-0.0474299709903124	0.122563115664964	5
0.115844210324726	0.422933354517993	5
-0.0542314960433685	0.149111480118607	8
0.0275690023530195	0.0911014589984219	8
-0.0873925092439364	0.26713379337395	8
-0.0746453279718632	0.230229042314074	8
0.089433529061209	0.294214924147826	8
-0.0606244789459892	0.190790563959485	8
-0.0427347587477213	0.138861350910236	8
0.0927543226833208	0.280326764919063	8
0.0507034252545608	0.160018492755015	8
0.0277371056473745	0.0843737250409032	8
0.0453588217442385	0.143790077319975	8
0.0111278258986951	0.0289818340966101	8
-0.0361748377559044	0.103878800248708	8
-0.112923315812441	0.331599785208559	8
-0.0580789022625675	0.160256467349929	8
0.101864715730229	0.388906082117922	8
0.00690083322285231	0.0187106881440815	8
0.0285494521417113	0.0696913777947673	8
-0.034507559210372	0.0906102290124314	8
-0.0109620870572149	0.0324598776823892	35
-0.0517030692524011	0.132453609809196	35
0.0242834088478277	0.064879018277491	35
0.0297911395550566	0.0910355316860965	35
-0.027617368854328	0.0782986721145696	8
-0.0763172149787089	0.224185895520816	8
0.00222825808637293	0.0167120052192268	6
-0.0335512829631293	0.292087074132652	6
0.00795621279753812	0.0458662147249702	6
-0.0689031311525683	0.506037632694906	6
-0.00581759329474416	0.0306816745692395	6
0.0441044409144349	0.279425912752034	6
-0.00457637426876492	0.0231924052208144	6
-0.0813129612021474	0.638405168372052	6
0.0370074243195512	0.226591715521429	6
-0.122432743394537	1.07738316666081	6
0.0142233989958047	0.0769781927288226	6
-0.00203020172692473	0.00995804611021732	6
0.075163526702781	0.525070919131278	6
0.0188621737559859	0.0998106542003064	6
-0.0280046674308921	0.155103872573783	6
0.0132940415492121	0.0683206758636169	6
-0.00657702653086807	0.0324013303158492	6
-0.0216670119390042	0.114994359858433	6
0.0511170494401155	0.306098262259745	6
0.0997382225135626	0.738332390625264	6
-0.0442871717523048	0.225090531622799	6
0.0212552374647821	0.107312948164599	6
-0.0324197643650875	0.170298619783491	6
0.123608992083686	0.968679424996098	6
-0.0104801529399735	0.0518743951513318	6
0.0820780562356749	0.575755090268916	6
0.12052561782094	0.974944990142805	6
-0.0707178249514884	0.463467544444725	6
0.0113612508078743	0.0556001140069048	6
-0.00287978545746579	0.0133833507822578	6
-0.019633513115478	0.100605271817745	6
0.0677319847800466	0.391275423712192	6
0.0322695882068613	0.156571318330625	6
-0.0221845865427433	0.0317419428520109	6
0.0632807195970895	0.138813947072208	6
-0.0383703735159437	0.162897601280889	6
-0.0151377815149917	0.0495164546774795	6
0.0836514517835721	0.36362395122375	6
-0.0134219814213699	0.044026355639182	6
0.0288275213865253	0.105658359848582	6
0.123155166108259	0.285320859500928	6
-0.044959221154367	0.0795434429762577	6
-0.0580343381741017	0.15303856541576	6
0.101643276742277	0.408648236358099	6
0.00848826863135413	0.0268153016449418	6
-0.0217082881907418	0.0668300428061078	6
-0.0086124471630356	0.0245939053213904	6
-0.0153356181457344	0.0451627307591448	6
0.0217176582984202	0.0662700629538294	6
-0.0342566531496897	0.112256168807676	8
0.0349103262895816	0.110579918694444	8
0.0525641102079555	0.172392953124761	6
-0.00354737270888236	0.00978514608546538	6
-0.0655066569849576	0.222580994522629	6
0.036363368863353	0.120600736816604	6
0.0255030578428332	0.0817555484403874	6
0.0445064388297727	0.144737932552973	6
0.065529718355387	0.179795013863	6
-0.109427817290704	0.294819413259976	8
-0.0431626181403793	0.148407818931136	8
0.0394907580555057	0.134491787833639	5
0.0712449451748179	0.22747754981879	5
-0.0435772600049555	0.128212590529235	5
0.0379774760224141	0.120979092316867	5
0.10696092622901	0.375337225158045	5
-0.0520619995112928	0.164069486066806	5
0.0269794597809563	0.0777321998326284	5
-0.0469854564394525	0.136211756687338	5
-0.119160002862171	0.432262792487472	5
0.0122455705678159	0.0361074106753864	5
0.0724733883158498	0.241833367923707	5
0.0815426764930696	0.277011217661381	5
0.043539258708499	0.142365526087401	5
-0.101423336142482	0.382020524728901	5
-0.0930136373989868	0.326770817507329	5
0.0882904513616938	0.323189727941682	5
-0.0478187888532454	0.150908708987741	8
-0.0182195041903053	0.055806828442538	8
0.0262563489596657	0.0632520295834732	8
-0.0803345184328935	0.233117707049271	8
0.0838327259941287	0.294255019918658	8
0.109807826201783	0.398008197806751	8
-0.0163681518191692	0.0455067745689549	8
-0.010957040341572	0.028918216995323	8
-0.100803009325106	0.378392351749353	8
-0.120842851248867	0.427683504823603	8
-0.107628721185307	0.37968607512986	8
-0.0263084761594275	0.082740640461618	8
0.00159747880607128	0.0041408005383691	8
0.016436230364497	0.045084271570969	8
-0.0874738425066342	0.277785116478163	8
0.0315011044100013	0.0910194732451443	8
-0.042885181313978	0.137524819361419	8
-0.120739784014722	0.387975361679994	8
-0.0373508642786046	0.0949751366063322	8
-0.0678549932317588	0.158225186401437	8
0.0175303773105802	0.0472269808302271	35
0.0653162562802682	0.207528122224155	35
0.108215249779505	0.379695556018473	35
0.0652149376726168	0.230456042939913	35
0.106948664021186	0.363440512300088	35
0.017763635168025	0.15184383128641	6
-0.0335158085590013	0.304245797016721	6
-0.0104681217970596	0.0756621651206703	6
0.0104576748194911	0.0678060005561816	6
0.0623620215877823	0.481054802341797	6
0.0307405126407358	0.191206961493153	6
0.0302349723677466	0.172400639810723	6
-0.0157420207904566	0.082569370549086	6
-0.00950883842612429	0.0463083396176742	6
0.0540975380983781	0.339700597928833	6
-0.031636873629704	0.179050763783598	6
0.0325843073129495	0.181412613020387	6
-0.0773674155601527	0.516928553108285	6
0.0706642020461441	0.463841900344561	6
-0.0277460068810479	0.144532010839328	6
-0.0922580262360977	0.61716520318218	6
0.0675120903428863	0.405752770399212	6
0.0113035633711407	0.0554192128248766	6
0.0110654516368043	0.05341950129577	6
-0.0484386869558223	0.266053708624078	6
-0.00838844627679181	0.0366359675599628	6
-0.00547870477466179	0.0264292566684374	6
-0.0573114607154279	0.324210040791943	6
0.0122682389191349	0.0519489404271399	6
-0.0347106569144829	0.187397643244401	6
0.0358603026163832	0.176612147364852	6
-0.104614049104691	0.564034905267761	6
0.108493822542623	0.5064769821927	6
-0.021287493771474	0.0915754688090019	6
0.0710022311799127	0.311227336233673	6
0.0122525360570431	0.0348838095498735	6
0.0405472654299334	0.0303688213195929	6
0.00818682863722341	0.0260416788716687	6
0.019753343167784	0.0650882541123367	6
0.0301663152728083	0.123876244546585	6
0.00626160289433041	0.0192102590448311	6
0.0552401862922599	0.174190119290823	6
0.10827511587932	0.491833176991743	6
-0.0199909403279637	0.0684404184140309	6
-0.036399589229706	0.10951862254623	6
0.00587551899586499	0.0161748117188521	6
-0.104592683593689	0.357638367844347	6
0.0274697606766063	0.0711174568251523	6
-0.110244181078108	0.457549182763001	6
-0.0152477708145268	0.0522693433419045	6
-0.0472906754637446	0.137808689269443	6
0.124812792829055	0.429565498555697	6
0.00397522941133354	0.0112544305447963	6
0.0560415913871394	0.168161843946489	6
0.0221350603159344	0.0589007085947437	6
0.0711789079912567	0.247881614025622	8
-0.00136090882603774	0.00302348047980407	8
0.0428625172021761	0.141081950348357	6
0.0364254388497198	0.09978866194395	6
0.0997986543656633	0.334705126329387	6
-0.0209447027762084	0.0670125857237094	8
-0.0588296132753767	0.201248138494603	8
-0.0893351477722239	0.311115293976578	8
-0.0379625597282745	0.121968294830258	8
-0.0258645961424822	0.0750596424838275	8
-0.0518731144570986	0.158036919744835	8
0.0164368992244925	0.0526312549153395	5
0.103016417266405	0.309014431141034	5
-0.0774039864954175	0.232385800306784	5
-0.055314984256956	0.139375272926019	5
-0.0034661351671569	0.00928336869046058	5
-0.0784142223378569	0.230254421852465	5
0.0645634043026491	0.232977637942067	5
0.0319633145240635	0.0825912429626048	5
-0.00400076812258049	0.00935288126146807	5
-0.0908372374181656	0.26838426445497	8
-0.000388730071051212	0.00107031928625335	8
-0.030072010606661	0.0940227154971488	8
-0.0262418337912199	0.0833375010151905	8
-0.0593232392626234	0.193925365813596	8
-0.044596517208778	0.139112392984413	8
0.018978228443791	0.0472448742115249	8
0.0758928645788673	0.294506630441113	8
0.00313604715479331	0.00923320468674993	8
0.115418600103033	0.411071050167814	8
0.11783082548757	0.418787587767816	8
-0.0469815910953601	0.135450171958443	8
0.0674560293405981	0.188861405503711	8
-0.0438925704749266	0.103498346522261	8
0.0149869698127285	0.0313795922724979	8
-0.066386540324534	0.221164158833451	8
0.0384879144722776	0.109560605983484	8
-0.0951941878996473	0.340267899287415	8
0.00540401630621267	0.0141262669979183	35
-0.110861458889399	0.299769319986467	8
-0.0418951749219203	0.108526149430192	8
-0.019106576938332	0.0569693245089656	8
0.0470547506622429	0.140862510417495	35
-0.0878731315778089	0.296430281215119	8
0.0151835094749593	0.127760787612626	6
0.00192845622234133	0.0137648405369293	6
-0.01047835622842	0.0725338624536397	6
0.000216226258679682	0.00120710471552776	6
-0.00970306471711303	0.0532390414457781	6
0.0391617793504946	0.22716279861747	6
0.0976147531239595	0.737746421622854	6
0.0616999241450319	0.390395478811366	6
-0.0318021519540348	0.162211965619411	6
-0.0463792532216282	0.269852851166529	6
-0.00340850672119186	0.0161317573761628	6
0.00665323944401258	0.0311509978515262	6
0.062266107883405	0.375078157826557	6
0.0710679216358371	0.440280760036054	6
-0.0968382283900203	0.62959477090719	6
0.112565586990369	0.687140177360139	6
0.0131100322753972	0.056595570139598	6
0.0264406698756733	0.133171584969257	6
-0.0705880606219263	0.444103378748297	6
-0.0141759340814334	0.0634438231121411	6
-0.0622308501912953	0.306114406055175	6
-0.0672959084103267	0.398475705018161	6
0.116929402727037	0.670622927843126	6
-0.0499146298808303	0.208383297015519	6
-0.0362097148883159	0.189305049841419	6
-0.00664999575567841	0.0251316270008637	6
0.0359391592922167	0.125224122989134	6
-0.0086600314336136	0.0239194829625353	6
0.0540700152615575	0.225522757202181	6
0.121952580033014	0.0988977133063957	6
0.0315642839900736	0.0960702862666229	6
-0.0687302964521354	0.227417882981415	6
0.0542563608503406	0.183175533369836	6
-0.0132742924479602	0.039028708014165	6
-0.0937831380176442	0.369353862165344	6
0.0525734449041475	0.146642487305829	6
-0.0463904426655108	0.135152679179548	6
-0.00314720835221928	0.00910879957027601	6
0.0199445525272645	0.0544527795193488	6
0.111596401761512	0.495110801158608	6
-0.0486869130355603	0.131242621593859	6
-0.098916205974588	0.320724940474114	6
0.12354329860019	0.41626333683442	6
0.0278626453119688	0.0630368539957897	6
-0.0200889865188751	0.0502204473950827	6
0.0963831284085797	0.28126349332816	6
0.0198667482211986	0.0579230613775105	8
0.000719989706917968	0.00143784372560389	8
0.0717562329944083	0.20971819497324	6
0.0171004361898654	0.0487556646778905	6
0.0702590087572298	0.186683610744502	6
0.0108505959613276	0.027811485520516	6
0.06627889977358	0.1998886415749	6
0.0236583908810551	0.0593625299796813	6
0.0987670023450293	0.413802391879898	6
-0.0183679855927794	0.0591321345954858	8
-0.0311651374352924	0.0923331007019172	8
-0.0422937536603201	0.154873700196511	8
-0.03398445147721	0.104376357631743	8
0.123330987591121	0.42933582475053	8
-0.0336652450150476	0.115803292601189	5
0.0419558652470092	0.137438747928444	5
0.0724946787361794	0.207412679495672	5
0.0648706885192538	0.148864882801486	5
-0.0516936220138571	0.149415492871718	5
0.0456795014133092	0.0949261657654036	5
-0.0459325436835942	0.114854323978007	5
0.0990069476418051	0.288829433223094	5
-0.1034072758098	0.354079866651662	5
-0.0584275156241788	0.167293210038963	5
0.0231021970214864	0.0501166127247913	5
-0.0653086257138821	0.14275931497826	5
0.0916530563807954	0.272586417656451	5
0.0559118048785412	0.154264109205319	5
0.0814000941701032	0.213505606126949	5
-0.118043648210857	0.297637455656823	8
-0.0929774988794942	0.335079955157381	8
0.0420842499738775	0.154465259295039	8
-0.0443526309213148	0.155440923692531	8
0.0933241612311507	0.332390754272693	8
0.0989001612138941	0.345144167867862	8
0.0072756382799037	0.0216371156631699	8
-0.0114337141786572	0.0339037167541261	8
-0.0040173074889771	0.00970276472447899	8
-0.0828767748995544	0.218824501425429	8
0.0171860164379946	0.0335539399527458	8
-0.0460060596394253	0.146078527087543	8
-0.0770228734305916	0.287480263066994	8
0.0352297467901952	0.107699162508777	35
-0.0324719922075917	0.0701631240016011	8
0.0456953420540036	0.140241930465351	35
0.0744623824782776	0.2459160000738	35
-0.014269334491765	0.118809972615574	6
0.0060483692640614	0.0440194919230293	6
-0.0165797032419152	0.112735832362012	6
0.0143811815090554	0.0851855034485572	6
-0.0611966484862402	0.392667404319316	6
-0.0030810408072154	0.0148397394062421	6
-0.021463820425708	0.112759040973256	6
0.0163143857891341	0.073394264518698	6
-0.0208908907239798	0.107629633013674	6
-0.00902981760195802	0.0444270899604278	6
0.0893319267632293	0.61380111098719	6
-0.0781065624143198	0.4995936535378	6
-0.0453205503563657	0.246730878663238	6
0.0194223840663848	0.0909090044837766	6
-0.0855974917895381	0.483506551757328	6
-0.0772975798741356	0.488340282980315	6
0.0853288899615029	0.565402865110363	6
-0.109730009853437	0.798279772111537	6
0.102972968943594	0.628954315255406	6
-0.0898890767514671	0.499900536870797	6
0.104808101853007	0.755627763628029	6
0.0556006354518767	0.245351476851546	6
0.00293957543510001	0.0126588858323725	6
0.0925467491240468	0.468172018193278	6
-0.0793920149557335	0.24048790879013	6
0.0246579050646621	0.072451037286745	6
-0.0584219695456731	0.137966146383853	6
0.0969796435637018	0.0424669465026666	6
0.110446459089494	0.124915242012499	6
0.0380648964214392	0.0509220459961107	6
-0.0884416168578658	0.293376278863713	6
-0.0454132700748217	0.146087758176084	6
0.0619201363527037	0.286224833508921	6
0.0410821851302806	0.127376318169254	6
0.121841040260064	0.394645899078044	6
-0.0930188602826213	0.366872108678779	6
-0.0963040860816639	0.386335138937668	6
0.0632046225142786	0.197402009426221	6
0.0677634973380094	0.233631706599466	6
0.0934978223768652	0.311705566845159	6
-0.0546258315544329	0.223204783846446	6
-0.119741477395695	0.34907326632585	6
0.0467755422655174	0.122729336361515	6
-0.0221818239939653	0.0498879586794531	6
-0.0646055182238957	0.210704313112726	8
0.0570023577347075	0.145399623125347	8
0.0100249135094946	0.0245389750607825	6
0.0446718922561819	0.136422293123277	6
-0.101580532554465	0.324151879473205	6
-0.0750135792979432	0.214936842777935	6
-0.00882283911227541	0.0210905960512788	6
0.0518325346726886	0.130617692957361	6
0.0298394477783488	0.0965887502390322	8
-0.065455313304001	0.227980804377812	8
-0.00213282010147968	0.00652552635225428	8
0.0135191366366919	0.0363587428477076	8
0.0438564513755152	0.122433510543335	8
-0.0536162414448949	0.183926073551869	5
0.0567496374716118	0.161204700615131	5
-0.0104799729444586	0.0203441431675463	5
0.0140676683315343	0.0310580584866811	5
0.0817225437469992	0.253704626470929	5
0.0724264643027833	0.209626153457475	5
-0.0289835190640241	0.0678279785034066	5
0.0634968906426068	0.204908237448569	5
0.0290136405687938	0.0761016507347511	5
-0.0489930577740293	0.0894869148603007	5
0.100946429322046	0.318087228680053	5
0.0784943641107586	0.226008326329237	5
-0.0370316236258201	0.0830115944579026	8
-0.0721937460572384	0.147955501912312	8
0.0854427316402996	0.281790081632772	8
0.0631773900411386	0.246015718853637	8
-0.0865429103227674	0.361145426837598	8
0.00162557729194845	0.00493972010826985	8
-0.0238525042802416	0.0694767135099808	8
-0.00509895485479275	0.0142145035308762	8
0.0584758667134309	0.145102519610748	8
-0.0210550309012577	0.0525720627966748	8
0.0186444343458348	0.0559549817631245	8
0.0329901191281716	0.0835541718407224	8
-0.00549391707059988	0.0125766649977161	8
0.119500203781513	0.244185662074704	8
-0.0768019900986886	0.302173585199908	8
-0.11466278402969	0.423204218773394	8
-0.0679227753497141	0.145129959419879	8
0.00800333582699231	0.0167951629721679	8
0.0356067496533156	0.0989241263743059	35
0.106440282927026	0.341705239225787	35
-0.000548409189345764	0.00407566291549077	6
-0.0108929922994417	0.0830001187636043	6
0.0210860392544836	0.14627191985715	6
0.0243260918979816	0.140222299724991	6
-0.0584398947892073	0.386484177755783	6
0.0373107960023031	0.214813463679186	6
-0.0014339030090105	0.00668105416770705	6
-0.01680741123893	0.0855134337506432	6
-0.0978103421381829	0.742346463693452	6
0.0430889632009242	0.255580588756159	6
0.0767872440463759	0.50930385697211	6
0.0597971659230929	0.359299332191937	6
-0.101033655665338	0.711234400170171	6
-0.0417361329839256	0.235779226795879	6
-0.107060931506606	0.773564998350936	6
0.0812717335051682	0.515234076544213	6
-0.0654009980625141	0.369906420067745	6
0.017469574757293	0.0810029156242619	6
-0.0929101890838352	0.541234172243442	6
-0.0711012734392511	0.359230311516445	6
-0.0440847403504814	0.240494707916667	6
-0.093337436301022	0.523952564780989	6
-0.0851264214462896	0.370294312373974	6
-0.0581601774209054	0.207866435482958	6
0.0866833037922271	0.439689066779959	6
0.0383752158318714	0.193425696939516	6
0.0456139363981876	0.164163333821311	6
0.0627195292209654	0.182050692619031	6
0.119921041869716	0.0945631076696388	6
0.105550166130355	0.127262332954994	6
-0.00714384827779721	0.0217910558699038	6
-0.067972524719889	0.251062950537196	6
0.0176775114948241	0.0637859814411037	6
-0.0216284492496182	0.0749709735412678	6
0.0419272121009156	0.140828275250836	6
-0.0599394173524625	0.206032452315567	6
-0.0554897443905331	0.175434351829731	6
0.120683878036637	0.446220757664203	6
0.0554435978345226	0.210577848900127	6
0.0244922842124301	0.0732170920449459	6
0.020766127405132	0.0607044843307654	6
0.0697837625719397	0.208363836615427	6
0.0405031221067902	0.102161879110577	6
0.0738957707543764	0.178284513874698	6
0.0496517345510505	0.146434177640745	6
0.100358144453318	0.321831920550532	6
0.10027233156537	0.328665633668523	6
-0.0929056474538253	0.297571335092486	6
0.00735857814245242	0.018147038937261	6
0.0852885065152673	0.293354955684036	6
-0.0922898473529578	0.312925068020014	8
-0.0282980530424938	0.0933115079231511	8
0.0113123231969241	0.0308702576663004	8
-0.000616951771913285	0.00186894025296691	8
0.0826801770238742	0.317294793406382	5
0.0572505218475349	0.153607734581243	5
0.0683891702577446	0.16095184569029	5
-0.067018321685069	0.20507960037153	5
0.0576548678780288	0.151740524506358	5
-0.00439418652383304	0.0118754590057312	5
-0.100516880334158	0.328259709848296	5
0.0830015117803618	0.212309579786656	5
0.0832160190961353	0.230568202714775	5
0.123597645887682	0.382816847920406	5
-0.112679617643114	0.320449241949336	8
-0.00203034029992067	0.00399269850331567	8
-0.0884136486966508	0.292018914126336	8
-0.00409252460752356	0.0117227767887835	8
-0.0117039269905042	0.0383363118054822	8
-0.0601277427807832	0.229557931775946	8
0.105892272126293	0.498889915754603	8
0.031633991282103	0.100116075779908	8
-0.0313933714351954	0.101496327109518	8
0.0407388564832507	0.127306410131321	8
0.0728266909382707	0.195405912224835	8
0.0585656496016559	0.165041318105876	8
-0.0354637607260682	0.112185986705622	8
-0.0535369854205056	0.170888532040097	8
-0.055474293074586	0.157573124230232	8
-0.0736929156586811	0.207512015054819	8
0.101474734828327	0.3431881018418	8
0.0115989881812299	0.0309894195829356	8
-0.00163737539698195	0.00434616281618595	8
0.0943718142705149	0.37536253577501	8
-0.00414342404390444	0.0115361870263497	8
-0.0168097325589714	0.0428744391413299	8
-0.0509575836039497	0.15912260866989	8
-0.0246702794719128	0.0680749150523298	35
-0.00102472975389514	0.00257230465184478	35
0.00360054233990667	0.0273219318865153	6
-0.0233297304380624	0.191423903667804	6
-0.00264110763197248	0.0145099554960587	6
-0.014797204283372	0.080259153228608	6
0.00382746728705431	0.01918051265477	6
-0.0408938993763048	0.240235093900134	6
-0.0693355946829081	0.467798009538201	6
-0.113318482581915	0.931147491782752	6
0.00104857361727731	0.00502837167753321	6
-0.064920694311842	0.41855336438151	6
-0.0621233381668921	0.39312697901627	6
-0.103964373541474	0.762978126231418	6
-0.0847360227018335	0.562611938864076	6
0.00812198665314658	0.0379830064113235	6
-0.0432501351939243	0.249283550564764	6
0.0231832924117682	0.11499764985296	6
0.0201036070297232	0.0965000498812439	6
0.0783095964373537	0.525932610653789	6
0.074494720193332	0.449087586377253	6
-0.0154793984323887	0.0659116642385861	6
0.0378589548868255	0.199357183086784	6
0.0336609150492964	0.162059050634117	6
0.0298837545260993	0.122301276104914	6
0.0745492389264575	0.299727330777122	6
-0.0860227482783382	0.463797754158047	6
-0.026359384055371	0.125579365285192	6
0.0360391936944289	0.132005589675253	6
-0.0837285971277921	0.296042576809327	6
0.0879898014466501	0.178789180505625	6
0.0906952703494937	0.245057112877614	6
-0.0794265714514918	0.300752212696769	6
0.016057237417996	0.0485341987883544	6
0.0132878893355061	0.0496545865396144	6
-0.0916358017921853	0.402055015792202	6
0.000356351545160645	0.00109709146703851	6
-0.039622777406187	0.1563611058432	6
0.0712563001374748	0.312867579999108	6
0.034881994270591	0.116502643446737	6
0.028427479223008	0.0953567384711713	6
-0.0425864031974545	0.135544751433891	6
-0.0836920780121616	0.291289063601874	6
-0.0430411007853312	0.147076845046045	6
0.121845403174195	0.577618539835961	6
0.0502434918990296	0.158530386925811	6
-0.0225233814028688	0.0585923972669783	6
0.118895655254557	0.492702558888756	6
-0.0378133005875681	0.101504989047289	6
0.10577219378911	0.333130108282777	6
0.0451845304332707	0.115764611147241	6
-0.0335918042526702	0.093182692725583	8
-0.104232758068352	0.332230675734118	8
-0.105766799041029	0.346324216265721	6
0.0343007508541277	0.0964320614941584	6
-0.022098062936187	0.0548978776889141	6
0.0647696317150546	0.201498678355688	6
-0.112644129905487	0.392452840079979	6
0.00954846514119646	0.0316317884440011	6
0.0360002465287176	0.112354467080807	6
-0.0761572541423653	0.243438749051687	8
0.0978307597753128	0.349661611228338	5
0.0696818931814917	0.236570403366487	8
0.0743929347596185	0.295711532670107	8
-0.0303088355538117	0.0664202335501918	5
-0.0137566861486932	0.0310240712708644	5
-0.0970769661494657	0.30916839446049	5
-0.00397310931811071	0.00925462722588974	5
0.0757483451819789	0.247002935447579	5
0.113265993408823	0.406082912405752	5
0.0474955943356944	0.127532537281293	5
0.0257067938096267	0.0563979233488302	5
-0.108222135541298	0.353802631900132	8
0.0861643444338387	0.262503096767792	5
0.0557270742792728	0.160387971724788	5
0.0352291392303926	0.0913294537974321	5
-0.0833126556533264	0.284734522066039	8
0.048496465731151	0.177719119132585	8
0.0893013188049726	0.383271905398732	8
0.0234838338681188	0.0811010574523427	8
0.0355607493548062	0.126576164117017	8
0.0500178269144685	0.139192230023075	8
-0.0430605744960382	0.129513706241358	8
0.0294827718825463	0.0977792782580073	8
-0.0931194154922996	0.339618037681221	8
0.0863648099434308	0.300288034954089	8
0.0388971025413518	0.0989216254357628	8
-0.102006946637815	0.308656197026138	8
-0.0282907699052847	0.0605422959392321	8
0.101683794477074	0.364391340247979	8
-0.0324227381214182	0.0886860963249311	35
0.0599073054371065	0.178708182287375	35
-0.0371870552493116	0.117361862662057	8
0.0774788759363638	0.253417766366632	35
0.0837277535570872	0.160190948117225	35
0.0012798632212811	0.00954396629907215	6
-0.00134940191397521	0.00906940647507893	6
0.045151298252591	0.353529369395542	6
0.00705240326677981	0.0380972476893564	6
-0.0147666749209026	0.0774050967778712	6
-0.0178845180971139	0.098297568541089	6
-0.00444774284369712	0.0227535074690258	6
0.078612810961785	0.561306349086503	6
-0.0343326338285462	0.196640171605551	6
-0.0249202094120152	0.135828647512434	6
-0.0212006504468253	0.108904716357511	6
-0.0636993598617821	0.381617433385119	6
-0.0484426453738188	0.287116700733391	6
-0.0380089216883801	0.216463520526287	6
0.0362992667509186	0.212630417337764	6
-0.0593809783466418	0.35903962575275	6
0.0688275028317885	0.392231757421097	6
-0.10630096569873	0.831129351169358	6
-0.0544265428093079	0.248835672482003	6
-0.0336469109189166	0.189756833134375	6
0.0396738118072011	0.200953058708083	6
0.101795154229338	0.458959318981375	6
0.0120914299162513	0.0363694747426522	6
-0.0939694501673239	0.506794913905979	6
0.00660514615415267	0.0318925652583905	6
0.0870943486163743	0.419062521955407	6
0.106355739096515	0.0798266512253844	6
0.0130122175064617	0.0286316660670965	6
-0.0874084775078305	0.385171876075657	6
-0.0499874919768848	0.199376531581586	6
-0.00538177578342052	0.0237682024355229	6
-0.076051306050376	0.322044168882714	6
-0.115004744079334	0.424646182413191	6
0.0560741177211765	0.228900965129252	6
0.0102259875003639	0.0302049268668591	6
-0.118059404421917	0.515508436108751	6
-0.0216150332179096	0.0771153073373013	6
-0.123380610780197	0.533733015989463	6
0.0590769053508953	0.198578512662499	6
-0.0621643190444645	0.24825887793631	6
0.117490621652034	0.672488923464017	6
0.0365019798887801	0.101666220080949	6
0.105545658934533	0.339086806409566	6
-0.0028157258451497	0.00657996754328816	6
-0.0321648852667595	0.0761672138971525	6
0.0601151332641077	0.162692584708774	8
-0.012608824513894	0.0221564336110194	8
-0.0448291975638815	0.16250961229978	6
-0.118785581330865	0.407223256724326	6
-0.0654108710545743	0.198308596160232	6
-0.0942660766093497	0.327483870781561	6
-0.099769230409434	0.300325563806182	6
0.116268452414721	0.596985412238979	6
0.0695410105001691	0.296292120970054	6
-0.0712865050995417	0.261377199158704	8
-0.0118485299074334	0.040572173018383	8
-0.0698252084721373	0.228095854448537	8
-0.0406543120450526	0.122943615409667	8
0.0176330293045965	0.0684876289016697	8
-0.0143608452246176	0.0505691785658441	8
-0.110745691194207	0.231337880242337	5
-0.067587396970469	0.205375530642763	5
0.114992420732946	0.434762870174804	5
0.024596762736952	0.0762650173902205	5
-0.0836676187058363	0.282394403105718	5
-0.0031601886474274	0.00530341510338826	5
-0.0756884230631013	0.239531891596834	8
0.0332949137667515	0.0825878181490321	5
-0.0265203434457826	0.0686025297518957	8
-0.0397254135329323	0.096889518007962	8
0.0725912593407702	0.160677987696643	5
0.119012752263611	0.533398471489359	5
0.0244614137397038	0.0900347835784061	8
-0.0235960244289439	0.086509641138394	8
0.0464059444133012	0.178917856010632	8
0.0902718758474797	0.405663999281771	8
-0.0294555403456373	0.0916652238092546	8
0.0498045337370753	0.171764713427255	8
0.0990956751023381	0.416726840124929	8
0.057656232850461	0.227718795329086	8
0.105437374271844	0.356365534566464	8
-0.0176370273720717	0.0655311542788277	8
-0.0970971850969421	0.462429216176716	8
-0.124143063915306	0.416902418060713	8
0.0575961933720264	0.109774898628177	8
-0.118041020565206	0.23347516434011	8
-0.0669641058785917	0.249987840342808	8
-0.0502897612926487	0.185206810494684	8
0.117264117879138	0.603848323433854	8
0.00314355127261208	0.010362104294857	8
0.058102299576606	0.163419040483758	35
0.0506069074359507	0.186436423009676	35
-0.112439069306314	0.439329400218999	8
0.0625098409986455	0.229397832737583	35
0.0419909788139005	0.134627619653805	35
-0.00493835442196359	0.0379214105824476	6
0.00502300191056608	0.0365444342568013	6
0.0667914830005258	0.613647183465234	6
-0.0275539397895031	0.197133070436569	6
-0.0138823773696173	0.0765227072889025	6
0.0339910061663774	0.202240622993528	6
0.0892301275020893	0.688287858449389	6
-0.00114970070257042	0.00573913146631388	6
0.00125391603138992	0.0062079592367521	6
0.00777109446794225	0.0398994371636985	6
-0.00552039201566125	0.0278325506509208	6
-0.0157207606917634	0.0826681482295958	6
-0.0675777644179227	0.442636556338576	6
-0.0256010125700442	0.109321199121131	6
0.0652347369068067	0.430828277653343	6
-0.0707254979662536	0.481581258111608	6
0.00442885266343176	0.0219338608092286	6
-0.00217277677029413	0.0107649015102611	6
0.0435265325103882	0.258632393756639	6
-0.0554819036708728	0.352329957064944	6
-0.0217213162628651	0.115478294630485	6
0.0644708416258014	0.42587627624777	6
-0.116718131694693	0.909027710187696	6
-0.0564525537819818	0.333385764088619	6
-0.0172546374389296	0.0856232310576498	6
-0.0848420697249591	0.151889489051471	6
-0.0463206695234336	0.181510553318089	6
0.0412289053210944	0.133149478757475	6
0.0929537883450808	0.489104590125645	6
-0.0224642707525211	0.102439541646435	6
-0.0666379962694235	0.323622302520191	6
0.026852449930477	0.117670504762602	6
0.0758863073280632	0.439294436626902	6
0.0283345664234757	0.116224712173947	6
-0.00466943710182063	0.00684902190370079	6
-0.0563749039862918	0.160322101013418	6
0.112350547591743	0.616368937330517	6
0.0697238851724707	0.312358537082886	6
0.00705749779864519	0.0250511747766157	6
-0.0549484781620688	0.232208590618048	6
0.092727972144545	0.428076450849923	6
0.0559626599043392	0.208804467673188	6
0.023319482969648	0.0741201182334519	6
-0.0164403304572494	0.046219897225872	6
0.0598394999222312	0.20279825754132	6
0.022144327252598	0.0554781621806656	6
0.0628136980953444	0.204903109263679	6
0.0820155616777306	0.28599113728565	6
0.0641727572336267	0.220952685247415	6
0.0156095600583377	0.0507830501535921	6
0.0396230314320913	0.125619700166495	6
-0.0619609289252241	0.15596999703483	6
0.0711521752739939	0.170134686757476	5
0.0848245202740144	0.189331111859616	5
-0.113528069556529	0.446423215868958	8
-0.112484914794215	0.509932140966447	8
0.0999333438084599	0.297959693411996	5
-0.089059816384402	0.313457726216238	5
0.0675981547501265	0.23159107640456	5
0.0935116906168574	0.293699427761969	5
-0.0606060461686583	0.186445901919002	5
0.0401611125782789	0.113792897934771	5
0.0370537861812578	0.12464442472249	5
0.0317722194543042	0.103473330839517	5
-0.020918487951209	0.0615220473807258	8
-0.0555679831270496	0.202278897746441	8
0.0794107159524648	0.325659049384722	8
-0.0361240647113083	0.130208745679373	8
-0.121283371269963	0.488677962954412	8
-0.0233021631431342	0.0472856240767259	8
-0.0797127905714669	0.16155932159136	8
-0.0226891862301606	0.0490884630502596	8
-0.0134954404219718	0.0355995020244406	8
-0.0017686994539737	0.00545043606831365	8
0.0337080971940606	0.100818637556453	8
-0.116572956350106	0.381182166711359	8
0.0973620562713586	0.401552144698951	8
-0.0461468698869923	0.113404371419448	8
0.0149039183302404	0.0472186590232506	8
0.00403376076587734	0.0125639598337616	8
-0.076066032574998	0.246003042773549	8
0.0882759619647732	0.341923965730516	8
0.00745334101482796	0.0244357601108041	8
-0.0268972839822066	0.0831843423508388	8
0.0123390948098601	0.0289233851315227	8
-0.11934948951234	0.259074873767714	8
0.00978917429601641	0.035150977741764	35
0.0119405442961977	0.0435331943243677	35
-0.0985081640671068	0.358327160154297	35
0.0212542134905637	0.0685611793213586	35
-0.0000245424716980955	0.0000613884270919169	35
-0.11783698455155	0.41033399759431	35
0.0964197892907507	0.17121944844374	35
0.121968391568887	0.601120287330657	6
0.090162354054963	0.481516800692518	6
0.00880575957204916	0.0315519255875989	6
-0.000525707603049539	0.00179378213615525	6
0.0199384857679614	0.0724441194541405	6
-0.118301930434399	0.602188418963927	6
-0.0876983994376178	0.240970919947468	6
0.0525248508149725	0.106782477649138	6
0.0924741740676363	0.265580754495177	6
-0.0162082219590835	0.0505750856777896	6
-0.0134324321316645	0.044093103365059	6
0.0314576596650746	0.102964514260855	6
0.0126538046059195	0.0379323638472374	6
-0.0028944787673011	0.00836416618458037	6
0.0161843128616212	0.0453802279720951	6
0.0366852431431594	0.111919116116895	6
-0.0825881845909697	0.267036331978124	6
-0.0848610114820595	0.326399677320493	6
-0.00609105510164481	0.0161113087880422	6
0.0185101366963536	0.0542169442098541	6
0.0647741934815036	0.213332533577966	6
-0.0292249264140538	0.0906502389298011	6
0.0771990840090404	0.181674095578929	8
0.0650242632073936	0.168172013556513	5
0.106064953186209	0.446531699416011	5
-0.0000690571327664607	0.000205358524963257	5
0.0152287231453114	0.0453412991091974	5
0.0760382319360135	0.247452460766848	5
-0.0610343371728849	0.19495251491365	5
-0.107475981545981	0.365985058765054	5
-0.0314479436937183	0.0912943865346765	5
-0.0810569142625097	0.285355480379411	5
0.0799202635849291	0.238299278637951	5
0.0902938934887028	0.302237147429317	5
0.0797606651620617	0.258388018099186	8
0.0342250119344456	0.104914879177779	8
0.00378332502689514	0.0113536463709766	8
-0.0707850141584569	0.235800128719834	8
-0.0486335623991448	0.143549522849854	8
-0.122415506013811	0.531226873488215	8
0.101608567654752	0.334503174732896	8
0.052474989402421	0.135563552778802	8
-0.00536505560416121	0.0140057503069368	8
0.0529036261736948	0.171814136392412	8
-0.0363213751673771	0.107733461287517	8
-0.044069484038333	0.126210231224328	8
-0.083591346073969	0.295153448717715	8
-0.0445244822227674	0.145802398319306	8
0.0490081782637848	0.153401804329529	8
-0.00260645096385007	0.00744343846662934	8
-0.12259820165803	0.410425835684763	8
-0.0351662001657682	0.101686010300275	8
0.107305839914914	0.437208202649037	8
0.093955334536536	0.309255700261083	8
-0.120020684822156	0.38865910931151	8
0.0704369530018635	0.23111301979178	35
-0.109521137891076	0.410673918970066	35
-0.00369041212461479	0.0104728429803383	35
0.105879271096382	0.376998891427811	35
-0.0730924304802864	0.126182044142262	35
0.0169904184577289	0.0600005196464177	6
-0.0722764346117236	0.324455027474705	6
-0.0487427127059559	0.192396100825693	6
0.0335794915368994	0.137177196828179	6
0.0661138653255016	0.290942192509507	6
0.0128754064637375	0.0472165764205286	6
0.042309244667393	0.150329860127109	6
0.0435313625065706	0.178148436120776	6
-0.1138769397184	0.515897375061321	6
0.0562230069479193	0.220189262743194	6
-0.00408098759691643	0.0125327252184676	6
0.119349327948355	0.502300098160354	6
-0.0684629444720342	0.240625245300334	6
0.0443637857733986	0.162672638277973	6
-0.0011384720855099	0.00305112306335175	8
-0.0527552681196734	0.18635238935993	8
0.0802458708530806	0.294384454363022	6
-0.0607701249891989	0.214168001896969	8
-0.0113908934996674	0.0340022685678112	6
0.0838806301747075	0.309891464013807	6
0.0363445827416719	0.116472063002084	6
-0.0866625000545834	0.253050260907856	8
0.0431320805929834	0.0943007767526163	8
0.102189553474917	0.29022660044531	5
-0.000837655852808587	0.00242032296583022	5
-0.10420720547631	0.372701019966505	5
0.119332415038087	0.489704607091618	5
0.0462065368073525	0.13036969943631	5
0.0830325752171395	0.27791330441315	5
0.0516345984916873	0.162951636956405	5
0.0712251603568008	0.255044118923652	5
-0.0534601398000351	0.164262988096268	8
0.0318253149942251	0.08739250580677	8
0.025868071350812	0.0774765269884861	8
-0.096081027126467	0.370406633163143	8
0.00564207070801	0.0165277758416383	8
-0.0051391695615162	0.0150834137869269	8
0.0743799223542215	0.271644329143951	8
-0.0100998515632505	0.0268538574324208	8
-0.0314737688612549	0.0946905925819331	8
0.00897877039201738	0.0227579088627964	8
0.102944474057167	0.301257656921018	8
-0.0331126554387425	0.0848326815321355	8
-0.0057071937126128	0.0143488046658593	8
-0.0899892033363953	0.324948940065802	8
-0.018506685275526	0.0556214709948803	8
0.0171082042039042	0.0511732437629913	8
0.03144211947479	0.0994201596764684	8
-0.0303814086026451	0.0949268178903706	8
0.0720694095313957	0.274847610027025	8
-0.109155240915535	0.438931904393811	8
-0.0324595898829813	0.0888525683429564	8
0.0352936589037159	0.102344840081545	8
-0.0230667949529252	0.0604507053027275	8
0.00463278088453315	0.0109497195473808	35
0.0894170736359167	0.311015473579644	35
0.0271840950983545	0.0791202503702106	35
0.0433334984676977	0.14118822017602	35
-0.0102299571155507	0.0266660901509403	35
0.0816725870633263	0.138619401044491	35
0.108923400508561	0.457917012402482	6
-0.0881311699782725	0.289318115374683	6
-0.0680895186545617	0.304783685496539	6
-0.0445112612817986	0.205271791339737	6
-0.0663861243322554	0.290690892618123	6
0.0370846820081437	0.151511744960612	6
-0.110872614952999	0.703995820257626	6
0.070162827741398	0.319532235246604	6
0.0540638637718437	0.0734016763700766	6
-0.0868892689093852	0.425132049821059	6
0.0485516352113989	0.209997158512939	6
0.0986700702729759	0.429227490991066	6
0.0628652905629807	0.267169098860677	6
0.00916184877439788	0.0306864587599922	6
-0.00424731247082714	0.0125803629066172	6
-0.0989826919026602	0.453028533940231	6
0.00881100672702892	0.0255219150728794	6
0.0366333333012984	0.123943028167155	6
-0.0620375006058816	0.244941719546178	8
-0.10767280621407	0.397748190213259	8
-0.0269577661876923	0.0828417107235395	8
-0.065354214626197	0.184570663483875	8
0.0191790880852126	0.0520570767814258	8
0.12304009026184	0.498085188131599	6
-0.0861689457193306	0.322729691555691	6
-0.0523243648025359	0.160576827819279	8
-0.0665586150048839	0.138905454634741	8
-0.0252553418040626	0.0819129927488021	5
0.0107982311626583	0.0225372819765563	5
-0.0216535641232926	0.0513807881794991	5
-0.0743036969146697	0.189800589326808	5
0.0586071235943177	0.191920681700118	5
0.0286482253396811	0.0803889107601774	8
0.0156538456229179	0.0435476864953626	8
-0.0365602226720936	0.0952090450999427	8
-0.0507764458405721	0.188333910453464	8
-0.0407785424869024	0.147802359841992	8
0.00950248035126405	0.0295752952337879	8
-0.00918150299722478	0.0293705769140818	8
0.0434608955699536	0.155009428414177	8
0.0201096277442936	0.0708367005608684	8
0.0533281575613062	0.211559886406309	8
0.00579508873458128	0.0167307181328473	8
-0.0288206572667288	0.0513741898026316	8
0.030223323764565	0.0527306475261966	8
-0.0600151194623266	0.150469133979537	8
0.062669380733048	0.198217263258192	8
-0.0470958482392077	0.123657667462203	8
-0.0905056876509485	0.336018581118908	8
0.0716001780785691	0.268588427334105	8
-0.0429404559679614	0.132045561952437	8
-0.0211809463012103	0.0709931771556292	8
-0.036953318600494	0.13098601731904	8
0.0465276273095911	0.181188891134644	8
0.0387821746620665	0.114968330353315	8
-0.0297367347442039	0.0629227040709214	8
-0.0764905805209851	0.162290490688652	8
-0.0191477601618259	0.0655364042795787	8
-0.100618207570567	0.285647103413832	8
-0.0410944518615763	0.127333396490862	8
0.0965788194245467	0.278137482228239	35
-0.00911961829432272	0.0303839164351948	6
0.0727674227226237	0.326690877275589	6
-0.0773211291958974	0.277285954701761	6
-0.0511348456180597	0.201908019062016	6
-0.100951642915297	0.31165649835432	6
0.0258026815914794	0.0477263852162404	6
0.0839074781141294	0.238155155167189	6
0.0466444875069914	0.171869536856674	6
0.10133031356933	0.364605894721058	6
-0.0770843305077745	0.280287363466913	6
-0.0153314143298349	0.0430390245663508	6
0.0491777967880353	0.144868957699534	6
-0.0511923581310483	0.158622762844709	6
0.10254877110223	0.359376131183985	6
0.0912785800297926	0.290672717104026	6
0.00640817133544793	0.0158283319783177	8
0.101676382012637	0.390843618614	8
0.0928572733724691	0.316135628306394	6
0.0631345838679534	0.216618719776587	6
-0.0443159854774658	0.130136734681493	8
0.000543520702717535	0.00155215440846774	8
0.00528387964867163	0.00993269725175308	5
0.053615288661682	0.142298484364125	5
0.0261362502169095	0.0827485299346092	5
-0.0475243325786629	0.158277879669275	5
-0.109859759844773	0.41758048711958	5
0.0256887619025894	0.0759408454539114	5
0.0508507431459428	0.158646230101458	5
-0.0279822847627119	0.0664282402042068	8
-0.0353410365755418	0.0915772173540472	8
0.0264818940790827	0.0737561120666082	8
-0.0345683869129457	0.10220219509284	8
-0.0296210436053154	0.0734022696455724	8
-0.0610393046188445	0.17517885401111	8
-0.0400909542668547	0.116440897855625	8
-0.0369855235394962	0.110944629064179	8
-0.00783291299347551	0.0208553252189469	8
0.0638665625190313	0.214964435143639	8
-0.0273925838841791	0.0712098788070727	8
0.0999037571187383	0.404527230856573	8
0.0953426980306834	0.313635406566368	8
0.0280881760667421	0.0705624350852158	8
-0.00658423293926725	0.0172642232924263	8
-0.0254127909685386	0.0713423937262785	8
0.0831586475191899	0.297279578393642	8
0.0155649198576422	0.03749450511669	8
0.0377102017112286	0.116366331033719	8
-0.030593876136336	0.0964675530980805	8
-0.0537270327779001	0.179090055064281	8
-0.00459116511588973	0.0120057700469728	8
-0.116833711166464	0.396197484700885	8
0.0450363165772085	0.126154576253624	8
-0.00588600888574431	0.0132771488428706	8
-0.0386845335351721	0.107923913613802	8
-0.0817867068298453	0.231104209314937	8
-0.0340360170882564	0.0922783905613616	8
0.084945401291424	0.293677745752105	8
-0.0350149116524881	0.101214126233194	8
-0.0884206239442584	0.275421884873151	8
0.000868317579318374	0.00205401326570733	8
-0.0149221627738857	0.0519635973509025	6
0.0562795509921145	0.257308317254013	6
-0.0192875254859696	0.0646566020736765	6
0.0543188288695185	0.178776289712673	6
0.009128835068254	0.0299921142736562	6
0.0121080368876173	0.0420922311781882	6
0.117763511254646	0.446847628175406	6
-0.00275513618886121	0.00768967273472582	6
0.0652963713050405	0.278449324485433	6
-0.0692270912891049	0.23879676775637	6
0.0919054938741328	0.332595714637008	6
-0.0996764823168457	0.367149386496335	6
0.0613335816680851	0.182829340599785	6
-0.109542953117035	0.441936313881222	8
-0.0807096797530036	0.264064118374326	8
-0.00533923482778421	0.0141988346985763	8
0.121070100673156	0.439483020516695	8
0.00220892539746616	0.00575067156856773	6
-0.0379934804309975	0.118597284636747	8
-0.0199759929052805	0.0529351467718377	8
-0.0713189678378719	0.263106977523768	8
-0.0165686591040236	0.0443340883681138	8
-0.0390492933413513	0.106398061081064	5
-0.00816626774091773	0.0196890290232355	5
0.0508914435836679	0.157637037919972	5
0.0482967687099639	0.155290866825242	5
0.058219249804117	0.222376992462239	5
-0.0845760376773492	0.337018682289279	5
0.104211847538971	0.422543678435478	5
-0.0492464538620771	0.15154930345235	5
0.0671630239916627	0.199307654261298	8
-0.0158882962095133	0.0425057520564609	8
-0.0473483383441125	0.15019434026354	8
-0.0492136615565583	0.124493924923558	8
0.0760903003196807	0.240638938091106	8
0.122919534283788	0.424345881366322	8
-0.0313840868375186	0.101661230789313	8
0.103229674831129	0.340975068756409	8
0.00931286107470083	0.023680992589722	8
-0.0954078879816696	0.3211212656791	8
-0.0116189290062024	0.0298317230633546	8
-0.123376842408163	0.370938540088095	8
-0.0853246244611095	0.337867037316349	8
0.0422406750546496	0.131454431486451	8
-0.0998973136304149	0.371044367898534	8
0.00893685404816133	0.0260024526615672	8
0.0471539227586256	0.143597543118156	8
0.0824405010793151	0.285096040659102	8
0.0742801905664361	0.252139023488693	8
-0.113092852975002	0.333550974622033	8
0.0762697931804902	0.273161232377717	8
-0.0568192355432707	0.179925361515029	8
0.116443076274389	0.435349267663809	8
-0.108072818218767	0.349273355832244	8
-0.0298450493396172	0.0948439117633307	8
0.0533700092680009	0.162142378510508	8
-0.00183083895147944	0.00500566180652888	8
-0.0238253560279036	0.0655118950643604	8
0.00149861083347259	0.00370040157663378	8
-0.055697604347205	0.154716284349336	8
-0.0657883108286046	0.270918005430685	6
0.0126071466611269	0.0382507197187384	6
0.057106195726135	0.244664184291075	6
-0.104393949024169	0.446150250507481	6
-0.0858463618309389	0.219294283734996	6
0.0855668985179949	0.356687327368951	6
-0.116882480606898	0.49082465995113	6
-0.00365899432961266	0.010132074743564	6
-0.0362747386460374	0.104795645464162	6
-0.0150897186051243	0.041034840022215	6
0.100246195951106	0.340948234098868	6
-0.0459173832797467	0.129910132151049	6
0.0117510202465129	0.0331840964548554	6
0.124732782481853	0.449514387634114	6
-0.0928420765611669	0.281714943993739	8
-0.0973130491594276	0.311472020662369	8
-0.0856668381950263	0.286824400118773	8
0.110819114684103	0.390306985757492	6
-0.0437482616161181	0.123165381869157	8
-0.0057524503820245	0.0157572875596106	8
-0.0729855676073815	0.244573975062686	8
0.0812830742057757	0.208670709318522	5
-0.00591576636003014	0.01416847111371	5
0.0778607972422007	0.256821148692965	5
-0.0171465975919458	0.0493054261018671	5
0.0976556984210096	0.335319419727553	5
-0.120940617017735	0.429931375807337	8
-0.0463285607131886	0.141644861262202	8
0.0440777605954811	0.124210824548166	8
0.0889988317136759	0.28475956430715	8
-0.0448237502456746	0.142314280584312	8
0.0640206597881642	0.208018114605385	8
-0.0321725034827115	0.0885321435169369	8
0.0297896127885817	0.0817628105427632	8
-0.103028569125246	0.340832933117066	8
-0.0699204912858544	0.219464492741788	8
-0.082680880958371	0.296207400553914	8
0.0516747645229268	0.153857821175726	8
-0.0417967458482447	0.121571506282816	8
0.0170690315964197	0.0462641109285178	8
0.0280147076319903	0.0806377336708245	8
0.0460659085703248	0.11977402942237	8
0.0478940126332788	0.144617115109425	8
0.0241218853417764	0.070543784856589	8
0.00744837282247762	0.0211792366397793	8
0.0179677099270118	0.0492831680216566	8
0.00813594785453346	0.0228545088131697	8
-0.109198439187376	0.341734070435355	8
0.0638743182510124	0.191685918134694	8
0.0707544780303533	0.205396235182605	8
0.0159773158795901	0.0411318124849512	8
-0.0718413752627903	0.222576384741167	8
0.0631482918919083	0.187204454893929	8
-0.0085077808481216	0.0203567016297649	8
-0.0930896456781176	0.274568127040269	8
-0.023730917553373	0.0639577013301547	8
-0.0547011770514446	0.153356113090521	8
-0.000471000193828144	0.000982419493245205	8
-0.107523790742434	0.160742632414725	8
-0.119682755244615	0.567659635992039	6
0.116815985311689	0.52814188552073	6
0.0216531156542712	0.0729098332606601	6
-0.0190964259957047	0.0594553287810942	6
0.123862317233194	0.624958841827744	6
0.0231953384948392	0.0886892174767406	6
-0.0607324201880813	0.247201923005768	6
0.0749641490305081	0.159788537156905	6
-0.0594840844591271	0.217090906935506	8
0.0425600303872608	0.146574210459306	6
-0.0522080194458379	0.180988624784306	6
0.0536246986512798	0.19915506656531	6
-0.0546942491267677	0.177997808729346	6
0.119358318700165	0.503740109138178	6
0.0668508185017914	0.232950963000468	6
0.0957768322014551	0.416290672565281	6
-0.0759445126315685	0.270677039752138	8
-0.0655637870494949	0.195003140091366	8
-0.0539073986910022	0.179237465899097	8
0.0119255187787943	0.0371682305890416	8
0.00724835446321764	0.0213721143611707	8
-0.0219018601136547	0.0627223176118701	8
0.0274330438180758	0.0978104996312472	8
-0.00884616924480672	0.0252585012966316	8
0.0741264103628149	0.222752397822594	8
-0.0528663079259864	0.131926075541539	5
0.121130419025911	0.528785600939783	5
-0.04022817946766	0.121801374132571	5
0.0157902739994116	0.0455539476867943	5
0.0861174343627737	0.32099793054885	5
0.030249398214613	0.09357671983307	5
0.105885733540759	0.342553885377385	5
-0.00843878162874465	0.0233508480221227	5
0.0161610886345648	0.0462486031608708	5
-0.120060089688439	0.481689889644339	8
-0.00521365009310097	0.013862355181999	8
0.00336022774369725	0.00981848652106188	8
-0.052095251583183	0.167829389862977	8
-0.0315772679949111	0.0971157279510413	8
0.00211148385640307	0.00540897605393433	8
0.0209711128006154	0.0640388235424696	8
-0.00383685950050269	0.0115593986397134	8
0.0592898704829556	0.190081705225641	8
0.0539511092329495	0.184032298793273	8
-0.109906261856883	0.39698658295845	8
-0.110742036189549	0.398488725539358	8
0.023057407784689	0.0663447386975333	5
-0.0398459780947548	0.141816265231553	8
0.078370142194972	0.22256258372851	8
-0.0929569656931891	0.265149130454785	8
-0.0842344345102837	0.302477590290905	8
-0.0397544389973839	0.131830517609729	8
0.114135817354081	0.48190872655578	8
0.0289791429623168	0.08563796400344	8
-0.0271404486335327	0.0928803707735374	8
-0.0313245382558466	0.0910364175778659	8
0.05950628500585	0.201771449207341	8
0.0631711764650983	0.185544207377464	8
-0.0891048761836987	0.273386036487544	8
-0.103469635369454	0.337765550205558	8
-0.0841235496149826	0.306198258496449	8
-0.0798511820894865	0.23183823202814	8
0.0383076581106803	0.110468376625311	8
0.100474043927064	0.295199509176969	8
-0.0407010447983291	0.11591660631431	8
-0.0791734910284997	0.252567117856932	8
-0.0838458723735544	0.274309472466356	8
-0.012297705990466	0.0322422361297498	8
-0.0226379225474234	0.0923245202586294	6
0.100343985558658	0.46898882437117	6
-0.0573809816627742	0.245420293005959	6
0.0674524142955206	0.285864919610587	6
0.087958504322159	0.399145314044475	6
-0.0957139912527359	0.215597293546762	8
-0.0549606773930242	0.160345141972049	8
0.0286118691346181	0.0999553250926399	8
0.099905579430795	0.432252958031513	6
0.112867960455434	0.518343008066733	6
0.0548166015574744	0.194010220481372	6
0.0742174243255927	0.308430909517226	6
-0.0917335667354709	0.341770006028201	6
0.0225371882346306	0.07083144084754	6
0.00450901191739855	0.0134576126596163	6
0.0114431854459419	0.0376743058230912	6
-0.0620403793105254	0.22772796049321	8
0.12477485855784	0.523310906226599	8
-0.00479277563649879	0.0142012947364432	8
-0.0969215094956912	0.364493267289678	8
-0.0243451048947642	0.0769745672695442	8
0.0694142637160532	0.271915368129636	8
-0.00509813599932288	0.0133811816577633	8
0.0822113620759154	0.230555142547543	5
0.107316041539459	0.442675920201462	5
0.0451127568358636	0.14293840352817	5
0.0126190438774727	0.0359084648362923	5
-0.0181317116267814	0.045398412851845	5
0.0373216710016279	0.115484112987216	5
0.0122386325216003	0.0371643750144492	8
-0.0329635138084643	0.0938755727653962	8
-0.021290399923622	0.0626804566022098	8
0.0684313150373168	0.213976436448416	8
0.0532832765992011	0.18410427115001	8
-0.105394764995268	0.449090591610564	8
0.0978145118750088	0.355250529695685	8
-0.0606031608060487	0.187523812556332	8
-0.122146529915181	0.494252776613603	8
-0.0228272074251466	0.0662857450134363	8
-0.0764049993150109	0.285231568884651	8
0.0942090201353612	0.347729947886518	5
-0.0112615380323739	0.0300516929686801	5
0.0944363642872065	0.331721504627485	5
-0.105814901910402	0.341049876027347	8
0.0811146915434322	0.249053271816078	8
-0.0480885137441182	0.142462578002246	8
-0.00320414720837253	0.00886018356873468	8
-0.0167860184103984	0.0493673528596241	8
0.0581165815154771	0.204043333919252	8
0.00617548510881212	0.0166990220954437	8
0.00556194652509506	0.0168469129322808	8
-0.00688016234475755	0.0191384370796535	8
0.0911986024694924	0.33001231453547	8
-0.10368913270629	0.414165915084214	8
-0.0793888535788744	0.255076710919893	8
0.0660227362319443	0.216870705490801	8
-0.0138040470338133	0.0362336089839044	8
-0.0545278371974173	0.190851278502304	8
-0.0487709547725355	0.148671465694947	8
0.0801207382090563	0.239028592295451	8
0.00172076707723468	0.00420442064890121	8
0.0236596793315393	0.0676477119494073	8
0.0776634191883996	0.250933533964454	8
-0.0941592123549171	0.319204674288443	8
-0.120231097473712	0.378586202052795	8
-0.0124908926587003	0.0198012087231504	8
0.0197107293255993	0.0668046663038797	6
0.0501727490040283	0.207382428797026	6
0.0926396894925009	0.450614541065263	6
0.0747322551357139	0.350888476561601	6
0.0653497388156666	0.31604194215993	6
-0.0275746239030517	0.112804529433575	6
0.0575505753987721	0.120762962086973	8
-0.0218428437396466	0.0386767059103208	8
-0.0626398782013231	0.17218223246786	8
-0.0604086336865152	0.270068127744268	8
0.106838834994432	0.548602130025358	6
-0.103357963014142	0.515945015106054	6
-0.100762926874265	0.517691256981669	6
0.100890241146967	0.472029248498016	6
0.030822816421013	0.108879406779684	6
-0.0588909009235778	0.226555775555411	8
0.050511158531937	0.183113415823197	6
-0.037501581478889	0.129675640415224	6
0.0281462033305885	0.0931897978922719	6
-0.0973644500593144	0.400860571753486	8
-0.0105260985811381	0.0317599099735075	8
0.0690821802536547	0.241835559256541	8
-0.0368326745128577	0.115187943399081	8
-0.00588381703362791	0.0183843643846536	8
-0.0570155755740906	0.202082586748775	8
0.0993181404401568	0.39584295931321	8
-0.101709498119497	0.22140700142258	8
0.0438311821070804	0.107722367501266	5
-0.112212897116026	0.485443051577437	8
-0.043330783610129	0.131890111440459	8
0.0728815017152331	0.237299334082238	5
-0.044841219809382	0.130282108256879	8
0.0809313429208785	0.289309497106085	5
0.0169866782622226	0.0461885289825881	5
0.0537301119889426	0.17949475178429	5
0.0567563379506543	0.178611829605205	5
0.043607591397835	0.140143510968288	5
-0.00418698278867039	0.0111823933540602	8
-0.0954689195323847	0.323544342674637	8
0.0242283034313534	0.0696577273035165	8
0.0186014836647192	0.0521920395651914	8
0.0425598721680294	0.144507489833758	8
0.0673323986256196	0.257476889986969	8
-0.0215310221164732	0.0634582398018406	8
-0.00657900882272097	0.0195303238435317	8
-0.0115777548241491	0.0339149167566371	8
0.036516897593145	0.119928468067499	5
0.101575666749643	0.401641034014455	5
-0.0915727177334067	0.354094339016064	8
0.0856535438783612	0.247158066571833	8
0.0801862394912773	0.250949362135298	8
0.0138688571071774	0.0407221330887747	8
-0.0179704004700428	0.0509953532571597	8
0.0191101719140476	0.0575063734510799	8
0.0857784427233184	0.320746201620299	8
-0.0976809392122796	0.37673983769068	8
-0.102330493883236	0.339561896037155	8
0.0934347513998707	0.2836019172185	8
-0.0480044607694202	0.154271786953516	8
0.00535171636724548	0.01612090322468	8
-0.0377904360103996	0.120658894703426	8
0.106608327101827	0.422181931355909	8
0.0227002477390476	0.0570184450478471	8
-0.0396126106522178	0.0997206161704458	8
0.0699890840680949	0.172162868021025	8
-0.0755761156702953	0.276804303350223	8
-0.0535795787864009	0.158375135942992	8
-0.02892440540734	0.0865759669476566	8
-0.0627397781588515	0.183697029646971	8
0.0626896054531732	0.2301230298108	6
-0.045274749103003	0.163653432527818	8
-0.0808854297889138	0.39322715402486	8
0.0831078924565979	0.466929329453546	6
0.0477721007983323	0.218605975004661	6
0.0534777796497383	0.274978116814983	6
0.114407769866213	0.665622122025908	6
-0.0945624960462675	0.177970736065368	8
-0.109619883624443	0.278257772979194	8
0.0875465158880644	0.437295468844096	6
0.0749798880934797	0.355026667425113	6
-0.0463750615173461	0.197816356486988	6
0.0738500933377403	0.344292849812933	6
-0.0617032118301585	0.267247241351554	6
0.0051112366909518	0.016251441830092	6
-0.0505066893678195	0.191206739203855	8
-0.0519379645196456	0.190123973983932	8
0.0588835981007772	0.205314428734442	6
0.100375088507414	0.417277647551117	6
-0.0971666073653054	0.354728870897295	8
-0.0937785803333728	0.342322229220593	8
-0.00551934433237586	0.0141741103877231	8
0.0430276484891381	0.135832322314537	8
-0.0977958567103181	0.36551297605219	8
0.0303481525338473	0.100948056771732	8
0.0406601433063861	0.127029826596752	8
0.0239704998306791	0.0575124914539861	8
-0.078858409127292	0.309086063433064	8
0.052856360341366	0.186041569677882	8
0.019382064937806	0.0478188059411815	8
-0.0885832476827008	0.28240448063046	8
-0.118119026052446	0.391360149766597	8
-0.0552224837583708	0.172179404713887	8
0.0836177259434588	0.28191258351206	5
0.0851036544638057	0.324213658250018	8
-0.0350305583059463	0.119508860237367	8
0.0172285945040558	0.055016035620404	8
-0.0781903709901558	0.256687667919628	8
-0.10573004549695	0.421988847888169	8
-0.123202959634527	0.51313160406763	8
0.0405767724851041	0.125292185617716	5
0.0819597740431695	0.325869782735179	5
-0.0463988654521465	0.148672672917907	8
-0.0535300571960213	0.127527825119465	8
-0.113357523943148	0.336075316158635	8
-0.032396457996225	0.104663528740319	8
0.0328077561957169	0.105615817790365	8
-0.000957032221391556	0.00254017268063139	8
0.0327360083268758	0.0923153115578381	8
-0.07277071366696	0.268327889196506	8
-0.0732065171942608	0.281084184612935	8
-0.064752034508709	0.226946571803012	8
0.0296455930417241	0.0750032702476617	8
0.0778581305652147	0.209410585590992	8
0.0202015714160929	0.0640758296788898	8
0.031509756112393	0.103617142782777	8
-0.00403699177720979	0.0135706292584903	8
0.096904567567702	0.352320296710061	8
0.0605352250343649	0.150455291847798	8
0.0840353472750653	0.356273888563276	8
-0.121387539391144	0.433247153743921	8
0.101748953209383	0.512755052946057	6
-0.0390591422988073	0.180126134646285	8
-0.0289883570512693	0.123696775282283	8
-0.0426612027298204	0.212582713953079	8
-0.0207926167210107	0.0887430314271651	8
0.0886420166340686	0.529683066734635	6
0.0579687135883786	0.273286871051252	6
-0.0805780542117436	0.236108471543608	8
-0.00035070594617023	0.00070207308905035	8
-0.0412179345253656	0.13369809493571	8
0.106686991019541	0.55840355983502	6
0.105211272712672	0.490236060313486	6
-0.110297727331643	0.532994291255637	6
-0.120598579659725	0.55805978696686	6
0.080672105878267	0.368873567882593	6
0.0101767866834263	0.0313244333492574	6
-0.120675689367399	0.535453032381994	8
-0.107641135719498	0.438367071405996	8
-0.0683437339804788	0.230766010163116	8
0.0132678656908797	0.0387864838137722	8
-0.0919492156793071	0.332101395654552	8
-0.0603961051006251	0.22106255957717	8
-0.0760958370443348	0.296043341430879	8
-0.124407483090654	0.561448260291573	8
-0.0155386777716677	0.0439373931962762	8
0.0365347199455901	0.128010557270915	8
0.026334421192936	0.0768607270945216	5
0.0155108839711839	0.0400247653600691	5
0.0493269979466195	0.147487307957092	5
-0.0615257764412935	0.194011399680088	8
-0.0811092495051206	0.248342460484165	8
-0.0548619803549255	0.17689893802938	8
-0.0307898368277094	0.0910140371092426	8
0.0752704877412238	0.231673630198237	8
0.0282302281447559	0.0843108586605725	8
0.104016005699864	0.360547631307798	5
0.0723117070167587	0.22970729859576	5
-0.0773029183757934	0.253292311104154	8
-0.0311894574971528	0.0993242281677392	8
-0.10349136317107	0.447163181628475	8
-0.015087234209011	0.0438282618618407	8
-0.0325711537861616	0.104983945224782	8
-0.0159630845957976	0.0511801568919215	8
0.114487670496861	0.428386942796005	8
-0.0616587636165898	0.206575043579311	8
-0.12374700243495	0.415818114165577	8
-0.121950770746115	0.426164942657871	8
-0.007529836786458	0.0228575137044678	8
0.0194128495693142	0.0518810721206449	8
-0.068723991198872	0.292084218317022	8
0.039350158169597	0.148001077178246	8
0.096017704988103	0.36142998557363	8
-0.0153993267798433	0.0428223788750808	8
0.100010628783968	0.212262031865887	8
0.0311244501465695	0.130885237468436	6
0.12258053773767	0.903226064960669	6
-0.0820057895376272	0.375467529062016	8
0.00391092251766366	0.0153172639673773	8
-0.0460154260146966	0.220339671096093	8
0.00740060568061499	0.0267090828583136	8
-0.093971859198513	0.538084548475988	8
0.00503951765530183	0.0159449966600221	8
-0.0911396612221198	0.324209726153771	8
0.0879046497863957	0.29647645138639	8
-0.012908907722887	0.0402975442709261	8
0.119287508950844	0.61275938469595	8
-0.073851194266482	0.288777700954014	8
0.0957555764599883	0.351288374202668	6
0.107413695148456	0.41349288531374	6
0.0982490346622987	0.318345831110194	6
0.0192732580652094	0.0548577753795061	6
-0.0560838758171839	0.168465821015662	8
-0.0929371710154608	0.357591719257106	8
0.0635508181914744	0.202071334658582	8
-0.0529487608855816	0.142805749292966	8
0.00235404069283645	0.00674711226135843	8
-0.0543959518870808	0.179306034774822	8
0.0296265139458797	0.0973252864404152	8
-0.0952050897948	0.332030027619583	8
-0.00656333619493501	0.0186338710507596	8
-0.0298706193040723	0.0950503796577513	8
0.0110574707111156	0.034171824664522	8
0.123409455782471	0.714241036588128	8
-0.0373963514832325	0.146396874002662	8
-0.0106578537932614	0.0308601535616694	8
-0.0249749125672707	0.0859609730955503	8
0.0402182938031289	0.142954968776231	5
0.074607593314562	0.299651778466259	5
-0.0187450971269671	0.0589761225175214	8
-0.0615251186376324	0.257658918913496	8
0.0980919744207912	0.396183811228557	5
0.10160653284851	0.414567259166465	5
-0.0987910582561715	0.26027792762363	8
-0.0771277483445823	0.25297984917101	8
0.0718806342855136	0.198354597446936	5
0.107726196629565	0.350592878712336	5
-0.100749757944974	0.2818567942215	8
-0.0310962856099332	0.0821498882751197	5
0.0988269960218431	0.435360479389808	8
-0.0784958439290832	0.317771743954295	8
-0.122407655958318	0.528546976119359	8
-0.00325070560450565	0.0101287082201049	8
0.00390621395280355	0.0115693847698681	8
-0.122606348897294	0.529915862705128	8
-0.00883583566483972	0.0280843332426959	8
0.0510772263388713	0.13408026957009	8
0.114893562575224	0.417859126582264	8
-0.0737780117175486	0.277052416231707	8
0.0318261491174307	0.11458667452318	8
-0.0602071033187331	0.213952930837579	8
-0.100544589167947	0.419502736348283	8
-0.0712149041875686	0.238251452170457	8
0.0333732902746667	0.0930716635947132	8
0.00380910974096735	0.00860636225375437	8
-0.0893677891162918	0.238842836627588	8
-0.0620132031329447	0.176368060346715	8
0.0926225486627452	0.429062334560735	8
0.061076180354439	0.245502137598563	8
0.00959299893249491	0.0280057783856809	8
0.0305633423697983	0.107960175656716	8
-0.00388369338587956	0.0129118069837854	8
0.0187565876664168	0.0518213493035335	8
0.0455813687348436	0.144942889281772	8
-0.0156977234426974	0.0524624863145563	8
-0.0887616402726858	0.341287065309912	8
-0.0292554814441729	0.0541224174018433	8
-0.00412990668400993	0.0156333260104929	6
0.0789175031850796	0.542514717682689	6
-0.0910409071431039	0.288855846936161	8
0.0442915137018259	0.168981660240394	6
0.0560840978058683	0.222504364214947	6
-0.0158512480916674	0.0724327918291924	8
-0.116666725611347	0.713472542480643	8
0.0441240585152774	0.192539672873565	8
-0.00778419189719393	0.0294721783853848	8
0.0333923485629104	0.0828788237572907	8
0.040029958779818	0.108317751802211	8
0.00917741273075765	0.0188322826631256	8
0.0987526075670562	0.22120511081488	6
-0.0495377778739066	0.106738493290142	8
-0.0609008962459196	0.19049492488772	8
0.032015782836914	0.0745340551933346	8
0.032521347778522	0.106795184760651	8
-0.0470601837959669	0.127007185989838	8
0.0130981164161009	0.0345181960754444	8
0.00578444944143868	0.0232713273872315	8
-0.0628973252827952	0.371013737389544	8
-0.0649901200859174	0.361391564752542	8
0.0855178666422649	0.314538375170564	5
-0.0548516763834019	0.239834008901587	8
0.0540604192639747	0.106124007943871	8
-0.11392740132195	0.386425233852973	8
0.0775778945681099	0.158699571697035	5
-0.0478433661431322	0.115801848214959	5
-0.0386152991360564	0.102518058862046	5
0.113924363107476	0.191061105725093	5
0.00394114548645744	0.0086894226482905	5
-0.0619678144096792	0.232803508170486	8
0.0696817528457091	0.350339083499041	8
0.00423979678386943	0.0160923569015599	8
0.0221571662714232	0.0806525515615913	8
-0.0881477430894357	0.285716378794846	8
0.00719022967638703	0.0191801538400581	8
-0.0538024543144033	0.183041839696782	8
0.0403593045735807	0.137456496814187	8
0.116643406613849	0.277525230300613	8
-0.0963931963165674	0.47585362288721	8
0.107089366890514	0.589864034922276	8
-0.0222806468309124	0.0615024460228237	8
-0.119480123426166	0.458181992437106	8
0.0383999538000424	0.0879302152568208	8
0.00488543816206708	0.0192290900204385	8
0.0301877587772304	0.115122056040843	8
-0.107974694275543	0.673126068082391	8
-0.102461668091319	0.296404316313596	8
-0.0214920829267428	0.0726884557505588	8
0.0707939631099717	0.282591048638603	8
0.0185255318955747	0.060256503527545	8
-0.0936551415286799	0.473717854800794	6
0.0488542676083074	0.246991826907187	6
-0.0797133157941722	0.451981268939074	6
-0.0326348494658547	0.149898661794542	6
0.0854228087127198	0.494397430195666	6
0.00572322034768144	0.023701301755286	6
0.00483814242504199	0.0198039267421466	6
0.000914634958452051	0.00220262483895549	8
0.0731988456204584	0.231299151679623	8
-0.0737640160800828	0.251989483467721	8
-0.0671834732982719	0.267908779794419	8
-0.00953044385831806	0.027039623122417	8
-0.0257690543206305	0.07789575770277	8
0.0325789484180761	0.0956137595451744	8
-0.0770536444174814	0.260790673337357	8
-0.114166441829136	0.422768449394319	8
0.0832055422196841	0.2668609184432	8
-0.0850908746858521	0.303435218250608	8
0.0260012013816627	0.0775635582919188	8
-0.0532777476676278	0.161122748514582	8
0.0600555405825211	0.243186345475216	8
-0.0315114696230644	0.130483585417485	8
-0.0978707954041519	0.42385423321139	8
-0.0260003313108862	0.0680523260439148	8
0.0922247808641613	0.319488877082104	8
0.0953549731630882	0.382990073515284	8
-0.0659680850623016	0.201535601471731	8
-0.0298579624078218	0.0908315757950725	8
-0.0755711071469001	0.202085169088409	8
-0.0901865933598994	0.290703636394752	8
0.0981587348873172	0.285195668226513	5
0.0352224731126354	0.085984569593953	5
0.0734352754590907	0.20145876372005	5
-0.0442380483052699	0.114930469020362	5
0.0522450137833885	0.155473474604478	5
0.0303492791705045	0.0808623330750555	5
0.0748547241929158	0.225748144596935	5
0.108257322474029	0.353732488221145	5
-0.0441644413637408	0.118433504992053	8
0.0602726867403821	0.181855906693024	8
-0.122674668613676	0.441356225733985	8
-0.119707078839375	0.401636174102517	8
0.0969170997790868	0.347310103324636	8
-0.0464869214881438	0.129227663583722	8
-0.0583375886564086	0.197708342631506	8
-0.0469537711388067	0.149934986995454	8
0.101570139330958	0.38592666868615	8
-0.0044839873287969	0.0143638647207749	8
-0.0841446964569187	0.334427895548443	8
0.082675412222767	0.266670745701933	8
0.103098801103396	0.358111857346831	8
-0.0570839461524354	0.156461645959111	8
-0.0308970215245317	0.0841751025433	8
-0.0735155237068905	0.254504810759747	8
-0.0893674644007925	0.349184965299677	8
-0.0573159888802266	0.221488811213173	8
0.0264527032182405	0.0933874727224588	8
-0.047145374237105	0.177380136880183	8
0.00157884079201866	0.00461256077726641	8
-0.113433011462572	0.515049665428025	6
-0.0444570918742684	0.210855995293192	6
0.0796717073409581	0.466834178929816	6
-0.0163042236156574	0.0729908631711783	6
-0.0212707993859205	0.104687585632138	6
0.0611387788086616	0.287973221429048	6
0.118335695321982	0.336816833966028	6
-0.119627931714794	0.272992524647247	8
-0.0810905264185108	0.201469576802094	8
-0.115282445144497	0.63713164053754	8
-0.00858404793307909	0.0317024941299587	8
0.110442150920787	0.586928291468266	6
-0.047805162963611	0.214473785150848	8
0.0378471514448604	0.154351248213973	8
-0.0271966607335097	0.100915201508166	8
-0.101905994895683	0.472860478411132	8
-0.0270495588025401	0.0949715119552375	8
0.045991565371195	0.140889149349935	8
0.0045626639559951	0.0132481993969196	8
0.0884063728378497	0.289735178327331	8
0.0233430859903176	0.0795727004535461	8
-0.0857246496918498	0.344901100146644	8
0.00487848236537564	0.0146550894742937	8
-0.036079070351339	0.111407647181062	8
-0.0439329729121867	0.116559211590368	8
0.0350533485978171	0.0875777599450177	8
0.0660307759254943	0.23888198204784	8
0.0666924962981671	0.208062996509149	8
0.102486513661267	0.404753270884501	5
-0.0545614476316511	0.184133759837796	8
0.092738621966674	0.318928542165903	5
-0.0295368866580183	0.0830351522136919	5
0.106725389716442	0.374422714279764	5
-0.0634069968049631	0.225083711382951	5
-0.0305345730506252	0.0975753425064733	5
0.100227283782254	0.422065545292715	5
0.0318335529638149	0.0992649138942026	5
-0.0731982582608406	0.277182493642842	8
-0.060204447360297	0.214122164517689	8
0.0397107090998109	0.121237931858079	8
-0.0781888903097635	0.268933913184789	8
0.0781198399036084	0.25517574902751	8
0.0576355405925158	0.186461977938367	8
0.107997934291264	0.375431882268446	8
-0.113814386588872	0.467503263917923	8
0.114940189115873	0.490457871005216	8
-0.0108598634256136	0.0296833915241064	8
-0.091786106708575	0.265042769647837	8
0.0160281953861862	0.0390830159554498	8
-0.0451518957430451	0.15339343390759	8
0.0353287445638061	0.109083329427579	8
-0.0905703657781041	0.350946922182679	8
0.0767997068419352	0.338066454975081	8
-0.0343636786944402	0.0792345786279706	8
-0.116718396743667	0.580319486737995	8
0.0216521407361731	0.07850258509507	8
-0.0838924336143277	0.27779277779763	8
-0.111609086406711	0.206802078727559	8
-0.0385557611051361	0.15205993759668	6
-0.0434205793022217	0.221432919406981	6
-0.056232436080079	0.262912868592306	6
0.0535710064414637	0.284077501078718	6
0.0412358873143391	0.18207979486344	6
0.0226217948507989	0.0918294460468638	6
-0.0135625528035971	0.0367388605882979	8
0.0383191505186092	0.120152232926217	6
0.114483817871536	0.612925351036363	6
-0.0403473659438649	0.128310714094271	8
-0.0351046717262811	0.135956439485915	8
0.0337879649662125	0.0998259506928038	8
0.0613175566404959	0.187940574197051	8
-0.0320135483274859	0.0994348534482471	8
0.0590704563026741	0.214982047692569	8
0.0407861763247737	0.136328891441736	8
-0.105459659104675	0.383428268815984	8
0.0220470503797841	0.0663891843616008	8
0.0952270954924702	0.314513254165004	8
0.0352991599986046	0.104475229998384	8
-0.0251152717086275	0.0696893340229668	8
0.0369973697629224	0.118751466793575	8
-0.0765597250437853	0.286471585490709	8
0.0913590734802505	0.392971153440179	8
-0.104421933302725	0.443757629003819	8
-0.0517225053917434	0.16186723965637	8
0.0642760284754727	0.182895378959814	5
-0.0115056720792088	0.0322077263504948	5
0.0863833096340344	0.324047958641286	5
-0.0417180428330205	0.138619023972517	5
-0.0821477566792295	0.292080749094402	5
0.0792569562831022	0.235028703783631	5
0.019604701495227	0.0563682540960187	5
-0.0105901968081877	0.0285655641338139	8
-0.123916669128467	0.391514911560156	8
-0.0143405704544642	0.0451543337101787	8
-0.0117600546461314	0.034845515532612	8
0.0987253245290155	0.338430239358046	8
0.0306748197950399	0.0948887030583334	8
-0.0984503714633804	0.422676816961563	8
0.11466294497514	0.531757918089229	8
-0.0650685139604482	0.234273034448103	8
0.0485758670239334	0.173680558954967	8
-0.0928943635907635	0.333765700517064	8
-0.045557191520183	0.170622832018768	8
0.0669437414134751	0.2384368806725	8
0.122906009446246	0.516204611490451	8
0.104752931378748	0.309151528679981	8
-0.0821542514773503	0.214573421374798	8
-0.0773910928238835	0.271235254445401	8
0.00604458086400562	0.0155355480882341	8
0.00392756246291354	0.012088290349066	8
-0.00806262496289804	0.0235699279329568	8
0.0721358505080389	0.259486362269149	8
-0.0477756044545323	0.172196531353701	8
-0.122304475317046	0.567303799184852	8
-0.00707725377974499	0.0214298189379015	8
0.0116017948861312	0.0349983088031456	8
-0.0307674544963529	0.0547652729101412	8
0.00212216529199751	0.00710523164853731	6
-0.0856926677113272	0.454601343072589	6
-0.00506983037033152	0.0213790259306466	6
0.0611649651502302	0.304634305747783	6
-0.0630642064815201	0.318323010491865	6
0.11096261748347	0.749220472376621	6
0.111412602631819	0.269626395381645	6
0.0496539345006065	0.0771321346173489	6
0.0601066975495958	0.188564772925318	6
0.033337320538814	0.137671240985399	6
0.0124722954584413	0.0443151612437171	6
0.0587004035233902	0.253629808747641	6
0.00765770538861124	0.0271813631706641	8
0.102857379708771	0.48678091054206	8
-0.122930261794912	0.593044350913494	8
-0.0904620058232709	0.380325223499742	8
0.0502604383853589	0.181680631250922	8
0.110122260421396	0.44277202878649	8
-0.0280391815201235	0.0898485367711411	8
0.0800718146951785	0.259222033503992	8
-0.119597903812704	0.477856872726822	8
0.0280339700098934	0.0926658541913135	8
0.0658276155123414	0.272382788052834	8
-0.0538635185997986	0.224071885414741	8
-0.0675995707250245	0.260451064224595	8
-0.0253254432367758	0.0848959068672099	8
-0.0233500959037795	0.0595113778295289	8
-0.114150351374203	0.441285753395574	5
0.022892514391624	0.0635135635083038	5
0.0313719268715693	0.0957442360631569	5
0.0296528411733157	0.0856074551010653	5
0.0765152915524677	0.242021033484535	5
0.0842011012787707	0.316906938120617	5
0.0498106689976435	0.184957789545889	5
0.114429791489085	0.490777679492204	5
0.0684773772053501	0.239729908832823	5
0.09445515859263	0.384128602646614	5
-0.0217460517798074	0.0669224615838857	8
-0.0502490720343823	0.170766875118313	8
-0.0296695386130187	0.0943105652377334	8
-0.0936670316754658	0.4079987847012	8
0.0613165445302444	0.141121420249862	8
0.0376725648938613	0.0939088466649666	8
0.0898635641660674	0.331039792835769	8
-0.0839076578519581	0.280943779134484	8
-0.0158587216300073	0.0408915183777105	8
0.0150741975516022	0.0452620872576629	8
-0.00484320755361395	0.0147466646850689	8
0.0474570144537951	0.125792448159684	8
0.0140240710867431	0.0452694971834329	8
-0.0092858584165623	0.0310596382377216	8
-0.101391141573482	0.313033301522116	8
0.00737401271540641	0.0228150602134933	8
0.0933802965242105	0.393455729055836	8
-0.056257266831429	0.226969929663137	8
0.0239230323524134	0.0700843484967418	8
-0.0620831722179858	0.165660564696078	8
-0.101236604388494	0.222880257968405	8
-0.0964957389410131	0.407077215535921	8
-0.00446465465221435	0.0149248347106245	8
-0.0943948717157602	0.349290249435166	8
-0.0583736954081588	0.221701461236166	8
-0.01023699391328	0.0245312976774849	8
0.0241828444242568	0.0780477823856748	6
0.0667698001499474	0.220676858078092	6
-0.0321853701887084	0.130614906583849	6
0.0535442424504345	0.289127312967935	6
-0.0249082505905512	0.105505148032933	6
-0.081276092461327	0.414771979164566	6
-0.0658122010243872	0.372556009293406	6
-0.0678864363926554	0.327319347603913	6
-0.0111828743873666	0.0189135561425552	8
-0.00941234552353481	0.0374628477027675	8
-0.0886469071378932	0.472083260203228	8
0.0675410854210437	0.316593262300213	6
-0.118113001008427	0.71301591910404	8
-0.0369294309182224	0.159772226341702	8
0.107872448091689	0.632562036620981	8
0.124654387918801	0.65397580698011	8
0.0411056782909426	0.161095873720107	8
-0.120820562239291	0.598266702495171	8
0.0135308917184312	0.0425653363407218	8
0.0522711242743013	0.184638516518593	8
-0.0710090272411782	0.253269092372165	8
0.12340764558421	0.512470288412953	8
0.0356799285857163	0.116105865641635	8
0.0732404709381754	0.297345588918621	8
0.0133402557597734	0.0468269050350725	8
0.0336987609509468	0.107065693635543	8
0.0766878667100065	0.177087378866938	8
-0.0299314594545156	0.0387911002347914	8
-0.00778517035043726	0.0244979407603327	8
-0.105632177317505	0.302709655226851	8
-0.000258749793508603	0.000579693296508845	8
0.0862809109985487	0.240625153223252	5
-0.0102738868500063	0.0333791907234178	5
0.0877859207914118	0.365039855258703	5
0.105456877137835	0.388179796691548	5
-0.0567229246875423	0.193458844424787	8
-0.0358450193243848	0.110202860278471	8
0.0186220576214614	0.0501080951274133	8
-0.107471931582612	0.464114816705144	8
0.0608722777146177	0.237336848511228	8
-0.122050159376754	0.627626182109885	8
0.0858209890345123	0.371007472495137	5
0.11673149579611	0.466679498586163	5
-0.0290563728655949	0.104008893113433	8
-0.051904567870385	0.18395427917727	8
0.0347372294847845	0.115028030192402	8
-0.0572743443743359	0.227042911173341	8
0.0121625218963345	0.0411837661504273	8
-0.102524611158938	0.350511084619395	8
0.0921527500826301	0.190403770982932	8
-0.0927946907653745	0.147303940531869	8
-0.0670998422087477	0.215146356022682	8
0.0565082693023636	0.153835942556121	8
0.0611224208222751	0.230553865023751	8
0.0751255095186079	0.290076718692834	8
0.086170662767328	0.320240141693246	8
-0.0103920626201779	0.0328208771566258	8
-0.0209053004278985	0.0513816915827237	8
0.0934004236505404	0.391259851942374	8
-0.0734380325254913	0.33669538040667	8
-0.0159019972814509	0.0432010183780986	8
0.054630570079142	0.124537796144446	8
0.044834693525451	0.102754989361497	8
-0.0306945249688292	0.0715958420270899	8
0.0436870861689785	0.170718522531919	9
-0.0569239120892831	0.170008089642514	8
0.0956566467291553	0.286220853123805	9
0.0882288375930167	0.270633765024189	9
0.00149513518618877	0.00191650432105903	9
0.0127394664761463	0.0511811920751453	6
-0.0886319751264823	0.533998694701095	6
-0.0380080477356427	0.177284972586444	6
0.0378210449502273	0.186709310511268	6
-0.0237232488325345	0.112728252878818	6
-0.094550174886882	0.533495775415558	6
-0.0723492841169869	0.362224383528636	6
0.0248400363499783	0.0654367223954565	6
-0.105986501760247	0.293696253971137	8
-0.0987996193895388	0.231381422266707	8
-0.0665082749392888	0.201854509817993	8
0.0171045698913003	0.0622180710472304	8
-0.0156028648380991	0.0528222933670069	8
0.00164153003004646	0.00505210167147781	8
-0.0281340510890922	0.0972018780620145	8
-0.0821400325038722	0.340087369821797	8
-0.00411362265395487	0.0121593149518443	8
0.036169120952818	0.117615616412082	8
-0.0947049542058783	0.355252416763866	8
0.0359052293629336	0.116426962433827	8
-0.0231378949016293	0.0804407756098106	8
-0.106617233231072	0.418596961631073	8
0.0369773464084368	0.116607778302323	8
0.0320662791194092	0.104537247182264	8
0.0129374638457077	0.0375286553775012	8
0.108540249489151	0.440578617937714	8
-0.112479064360622	0.482029388150831	8
-0.0510365904696568	0.198477263612397	8
0.0490758921065754	0.172816401496516	8
-0.0212596132160422	0.0757903387492356	8
-0.0754434234893634	0.255172863744569	8
-0.0809488402067212	0.323181451066077	8
0.0112712655897115	0.038903081026085	8
-0.00910652537037776	0.0274294963942105	8
-0.0219808417153593	0.0656626484950753	5
0.04445445651388	0.121583367957314	5
-0.0174473216983371	0.0478885069283039	5
0.0477735627990961	0.158257890677863	5
-0.0967846948885759	0.371242918838374	8
-0.071273613384653	0.222603596755219	8
0.0412564344374536	0.12834963266377	8
0.0305539111002099	0.0944383337193746	8
-0.104027117375143	0.421482949938243	8
-0.122678209876921	0.484656105316593	8
0.0343106071913788	0.111598656508333	5
-0.0368019438884601	0.11450264813729	8
-0.0607204779910144	0.18504625088811	8
0.0465071381824325	0.133654071098175	8
-0.0736972743676353	0.231084064618617	8
-0.0494821729839538	0.186495462454866	8
-0.0221717400544758	0.0618394861076487	8
-0.116817120810059	0.385040740414162	8
0.039224238750587	0.130671715266688	8
-0.0056841409086533	0.0170716920290261	8
0.115054379916732	0.407524687996934	8
0.0197214892067122	0.0608797190996438	8
-0.0157801871768793	0.0547442410265924	8
0.0943905643127772	0.380621815506257	8
0.0746230135260527	0.29123856845003	8
0.115274664096633	0.544753486254474	8
-0.0494211736912695	0.159266844516017	8
0.0828699450828433	0.252453221462954	8
0.0412161393436687	0.110252856826935	8
0.0702142198011961	0.222425835021545	8
0.00670784362850161	0.017838117420468	8
-0.0926220153181058	0.362644724749396	8
-0.0579977709870638	0.186032513990531	8
-0.001648741572116	0.00525655848392696	9
0.0581016509498597	0.248117885290785	9
0.118853972606354	0.552198551566304	9
-0.0883369412999721	0.351561104160728	9
-0.0738543085875352	0.336600203999872	6
0.102210804919869	0.670122747206345	6
0.0276275522689699	0.142334121506575	6
0.0839547679559426	0.539802275065398	6
0.0311410255786999	0.161989237890998	6
0.0698956898591447	0.113828001666218	8
-0.0270516002485644	0.109586555570484	8
-0.0953903548569984	0.513564942569603	8
-0.109926102751519	0.544363188015449	8
0.040931080473331	0.166242001075125	8
-0.119617262732589	0.566952119220551	8
0.0102831631241072	0.0342177077816505	8
-0.0558551530768957	0.220903065120913	8
0.0681138684524363	0.26390420511766	8
0.062716199008189	0.184738134329923	8
0.0462378403819402	0.153551013565439	8
-0.0559028772571545	0.198320076833907	8
0.0951744572382461	0.407983492445364	8
-0.0207367701304345	0.0737961814477356	8
-0.0983870355515586	0.434475142827623	8
-0.025893793728552	0.0637692283574964	8
-0.107146359710844	0.248470046722494	8
-0.0188570006917738	0.0376713420085149	8
-0.0949229326257208	0.391684333391581	8
-0.0722301715052391	0.304796799877045	8
0.0456471174435182	0.153331385201536	5
-0.0156597367025725	0.0475849866166701	5
-0.0277762005064754	0.0795843492581138	8
-0.062143140635779	0.199591442528991	8
-0.035646338695659	0.0997263793377415	8
-0.0196430051733108	0.0517074231450338	8
0.0165938706745135	0.0518645516635416	8
0.0791389405226749	0.316362392446575	8
0.0254795070509011	0.0817566184751147	8
0.019978681210531	0.0612101832491983	8
-0.045032670341077	0.146644101131249	8
-0.0410556982373379	0.0920503194353261	8
-0.0453836377647854	0.0926066842579515	8
0.116585338659515	0.442119957461072	8
-0.0925681655292952	0.323750619653037	8
0.0101509402205558	0.0304813278760285	8
-0.0215303881902332	0.0672819067695091	8
-0.0512012342345225	0.146126836953697	8
0.0451550834970769	0.124025010813248	8
0.0470882353683061	0.164850967944865	8
0.110796762874274	0.391818468498823	8
0.00242067858772546	0.00728716710657189	8
0.0227332589451144	0.0759190650902386	8
-0.0479777757341564	0.183266395403157	8
-0.046321615907023	0.118038615352855	8
0.122163411283899	0.387897276166084	8
0.0824263165289074	0.393626765625867	9
0.0493755874994248	0.208336418072893	9
-0.0529402784003022	0.213094413765419	9
0.0629021423639563	0.200578475291651	9
0.0757818067464147	0.254221344939368	9
0.002058588043787	0.00335400541875644	9
-0.00595962786142173	0.0186482306018167	6
0.110748597605199	0.394393173365365	6
0.0613260963781724	0.306146112850007	6
-0.0669850248786731	0.416135642541895	6
0.045704043635955	0.225484259039938	6
-0.00349256521886876	0.0163447464612023	6
0.071675160793544	0.0821127618851503	6
0.0179425236404344	0.040733857999185	8
0.0999046635926872	0.570023614785267	8
0.0683752800372364	0.36607679211666	8
0.0201991400234543	0.0817060427931207	8
0.0587556496613064	0.302273092684325	8
-0.0764933831151214	0.426056255657027	8
0.0687289637000361	0.374966814789323	8
-0.0188033665602546	0.0767799372492279	8
-0.0393365420016752	0.175597807330216	8
0.0354497452960575	0.108040853194194	8
-0.0312722883350194	0.111002596179211	8
0.110997771913788	0.614595196614406	8
-0.0144809286616685	0.0445485645055985	8
0.0784555782147863	0.22605837277831	8
0.0556086221571926	0.180378815449629	8
0.0173829148765785	0.0501402790119974	8
0.0877664261355312	0.340157911429228	8
-0.0410082100517824	0.143101638723063	8
-0.0305767184006046	0.110910603866135	8
0.0761382128137304	0.258127891179509	8
0.0606952898315883	0.120654926787471	8
0.076965813644214	0.296275240671793	8
-0.0774844154169283	0.204576323044668	8
-0.0810436523153238	0.286744712169815	5
0.0517828962073304	0.210344983190051	5
-0.0715067374075207	0.239849610435834	8
-0.0160079628445773	0.0415469959538168	8
-0.0578218204068007	0.19207838639414	8
-0.0392473521612054	0.122360104732555	8
0.0711201385494059	0.206820119922221	8
0.106310991851801	0.416170925627245	8
-0.0879824807729424	0.375356517557576	8
-0.0255238755952936	0.0981778837365215	8
0.102377115986315	0.485423168264883	5
0.0323845203064279	0.104631769247369	8
0.0916558548255051	0.377159723019844	8
0.0735990636311608	0.338632720068617	8
-0.0466780932214195	0.0693264677668512	8
-0.0906987287721275	0.294249815277636	8
0.120234089558631	0.38855035956737	8
-0.0136201829261202	0.0322559096505952	8
-0.0361919065237992	0.138192731143276	8
0.101322116189788	0.443328748310535	8
0.0344532747665301	0.104904892249527	8
-0.0318240833947845	0.0946766711472042	8
-0.0592933609140809	0.192003068890214	8
0.0251173416449098	0.0556807090812939	8
-0.0850588334470928	0.367059383279709	8
0.0189321727737059	0.073595137939108	8
-0.0922022001469796	0.476881641550531	8
-0.0700972023319483	0.207470800475249	8
0.123278123175403	0.332824097801917	8
0.0678780722202113	0.32210107136249	9
-0.0284065095586119	0.111425731575273	9
-0.0936919426397492	0.276074788044499	9
0.0783944741585742	0.231915443130015	9
0.107848892935073	0.470017859853359	6
-0.00620536628910424	0.0149806632666818	6
-0.0530466356186224	0.259672246685595	6
0.050276973607726	0.296124115220132	6
-0.0260088762763677	0.106134640439437	6
-0.104783112034991	0.595786157814698	6
-0.0116037027057626	0.0474207813742491	8
-0.0101785965397433	0.0425306988999167	8
0.0226955452009347	0.101768299681808	8
0.0980484808169907	0.589690398076521	8
0.0277610724208396	0.134261666262155	8
0.0534216397220378	0.243899775970381	8
-0.0274669805837786	0.116826564160875	8
-0.00292239238775038	0.011241909857309	8
-0.101382725859256	0.432455218153523	8
0.0184219791793387	0.0752394007411587	8
-0.0621998163664464	0.203018465710741	8
0.0191768621165347	0.0427016663708033	8
-0.0780402848663688	0.267146397199963	8
0.115760814041703	0.466513935697725	8
-0.0190544805760249	0.0588509396578582	8
0.052163614476687	0.193611351173918	8
0.00229514555088479	0.00597763653905604	8
-0.11830052069505	0.485974002871365	8
0.0665071671106944	0.141008874424619	5
-0.0738179903294912	0.185537179688076	5
0.00850701537571192	0.0314278748060354	5
0.0755254165657238	0.301566356679084	5
-0.0342199781824906	0.117303553985802	8
-0.0707712224879874	0.233938140742268	8
-0.0545195239592855	0.174888789004806	8
-0.097762950451302	0.292144896327557	8
-0.110196968802926	0.419430367718808	8
0.0216872451271644	0.0736576955494233	8
0.0345164445902133	0.124661150465978	8
-0.0142618124023097	0.0417966933495809	8
0.00759559141261993	0.02478045500486	8
0.0813350033925476	0.305698862471471	8
-0.0264827397373889	0.113411809365149	8
-0.0525307919425897	0.0909278687222072	8
-0.0142849008040566	0.0198383305952109	8
-0.0126347883079597	0.0230861631066526	8
0.00371946091759969	0.00863322642447576	8
0.121195266759636	0.362593429278189	8
-0.119183254268069	0.336583535720351	8
0.0855205279626014	0.403764622453178	8
0.0236683014266742	0.079958599374088	8
0.0175300135102894	0.0508209243783651	8
0.0411717031911366	0.122708746867046	8
-0.0120525048524222	0.0315648968376812	8
0.109643894089986	0.649851606548474	8
0.0501678214697568	0.146179952729824	9
0.0180108064106368	0.0341072235944907	9
0.0549691757669352	0.0749055295541624	9
-0.0972617637019728	0.537977132340239	8
0.0988698309267041	0.282801831704171	9
-0.0283736843470501	0.0646239159945146	9
-0.021087351119727	0.0510410159734488	9
-0.12216540568609	0.791500452756673	6
-0.107965398954435	0.595958772568502	6
-0.0730205364768047	0.452936545183071	6
-0.0633903106091129	0.402554187520366	6
-0.053555653534397	0.303091957076972	6
0.0302931307205542	0.154612844935733	6
0.11689935349264	0.930494696844418	6
-0.0648037782984073	0.372923928839975	6
0.0619935368993929	0.14508261983599	6
-0.0269966889742644	0.0418226373118734	6
-0.106724135856185	0.257117651350937	8
0.0520773129099136	0.15768713643934	8
-0.0992916177535128	0.563707764549938	8
0.0221025809488427	0.0961205665878467	8
-0.122140634522504	0.714113347630559	8
-0.058220641814125	0.272851935339078	8
-0.0498000161601215	0.255225727654656	8
0.111212023136547	0.717890656060166	8
-0.0852626197045763	0.41436896333408	8
0.0660412290117626	0.320523087855165	8
-0.0129369289462121	0.0430640177525934	8
-0.0694381763654364	0.297624091874178	8
-0.0418838603329343	0.178958575374294	8
-0.0992480558990192	0.405939909994313	8
-0.0920803486807695	0.317506557651864	8
-0.054725051552403	0.194904258692125	8
0.0271970494820118	0.0924283834747041	8
-0.0431629513167609	0.153640693689887	8
-0.0451215321307168	0.16710603311375	8
-0.0111987165767536	0.0426457064417068	8
-0.0669598574382101	0.2584765090357	5
0.0883897923411892	0.380229636084797	5
-0.063347410022876	0.236303118458161	8
-0.00613769974372195	0.0169604415800862	5
-0.115648902128487	0.459194138464126	8
-0.0678103679857115	0.261214908835436	8
-0.0227793083984686	0.0788595303121793	8
-0.0262171203800194	0.103168121740429	8
-0.0560237570987118	0.229576068579148	8
0.0713023223400332	0.275684311775535	8
-0.0645104179382533	0.265384217949243	8
-0.0994915659104984	0.436973024551599	8
-0.0133353900884164	0.0484271828321954	8
-0.0873525139513164	0.404915457300374	8
0.0550442385927081	0.11532109146939	8
-0.0359343002317505	0.076595549586474	8
-0.00704004806096489	0.0168636700646758	8
-0.0609634218989663	0.207019453268699	8
0.101973408903362	0.361302143614145	8
-0.085269086214519	0.284280976180612	8
-0.0181995889771455	0.0620853784412437	8
0.101607335463062	0.473954220896391	8
0.049540429351054	0.143150516503321	8
0.0924695011724767	0.282923965116389	8
0.0644029776675412	0.238785832264281	8
0.10952301855685	0.479565231736255	8
-0.0248663153385651	0.0644063228419103	8
-0.0864278141419706	0.310604827487208	8
-0.105360513934446	0.554945576487996	8
0.00507529225826289	0.0150745425550423	9
0.102294379838804	0.560898405494	9
-0.0693723558970507	0.343901368706817	9
0.0392388245420734	0.13249943219574	9
-0.0510718692163129	0.0880844978397533	9
-0.0524729119932418	0.327709142764503	6
-0.053797478356332	0.341169646528065	6
-0.0428438023297107	0.247688630420822	6
-0.0938262090398433	0.617671797420342	6
0.0830827991771728	0.579171738403018	6
-0.0788937984127258	0.495055697137807	6
0.059336544205859	0.218088916998453	6
-0.052535442156116	0.168418747196204	8
-0.0378330086037193	0.159742653506024	8
-0.0760116021964271	0.350892003595666	8
-0.0990111209346419	0.497363232615775	8
0.0291668257559442	0.102638459592873	8
-0.0171721598634004	0.0591290008510045	8
-0.0584435575198716	0.226478001304724	8
0.0438754125660718	0.164547529081011	8
0.0726828604745557	0.284359360218686	8
0.0201075101862292	0.0822097676689523	8
0.0813996378288739	0.358389315742804	8
-0.0863220517854624	0.317838590505125	8
-0.0890056980695691	0.435292028301555	8
0.00175923199510179	0.00579495847966859	8
0.0246882055656774	0.0859901428023616	8
-0.0763355800615974	0.319831034355118	8
-0.0817801803420226	0.366255761263756	8
0.0436894149615452	0.188106850519644	8
-0.00839808697412184	0.0367312646047245	5
0.0406269206787522	0.155558898482486	5
0.024445169173585	0.0659331431778401	5
0.100157831734182	0.377109411546729	5
0.0185574444519814	0.0537726477505882	5
0.00207286316012335	0.00744562056762635	5
0.115877131653147	0.651409509341208	5
-0.0131913660192676	0.047889064081003	5
0.0182766341726991	0.0643776970717872	5
-0.000920114163725254	0.00315687400468259	5
0.0504853850017494	0.200640167998659	5
0.0389334903041663	0.115949429190311	5
0.0153601786878179	0.0507613447746634	5
0.0173446805613995	0.0631661582672092	5
0.0729007184062467	0.229646500833286	5
-0.0903031116664909	0.335989992669692	8
0.0618053475805921	0.18986728975933	5
0.101987879623194	0.469599906681182	5
-0.0531454759631257	0.169283499512189	8
0.115657885682401	0.409693546567561	8
0.0980429510339261	0.401302811790318	8
-0.06075211423084	0.237119363810808	8
-0.0866955543485102	0.370780483115711	8
-0.00944735320143734	0.0269062214155625	8
-0.0925114172312201	0.461342405024398	8
0.105592270641428	0.435157649434636	8
0.0784470397325968	0.258334177805516	8
0.0570158080570414	0.176126658312315	8
-0.0713783939170086	0.270708895167894	8
0.0382018286491601	0.132852104756433	8
0.0602775302005354	0.235906184366437	8
-0.0114647147373262	0.0422170097382416	8
-0.0455830140424095	0.139834243517089	8
-0.0137421233401134	0.0508065099038277	8
0.0123948610731174	0.044342586011973	8
0.0893273038647391	0.457679414966716	8
-0.016408519671919	0.0599258553842516	8
-0.0792999640250474	0.304292749833252	8
-0.0732006918805116	0.292588677830043	8
0.00740754278350092	0.0196308546057694	8
-0.12376042464502	0.428093621448703	8
0.069506842080552	0.236734525536029	8
0.0711608141641634	0.2968252930131	9
-0.0649274077931109	0.234528597025357	9
0.0183875355001379	0.0577827611205025	9
-0.0111753106867759	0.0414071647483662	9
-0.0597104469368939	0.276266552524152	9
-0.0254815198058177	0.116499008607922	9
-0.0356985966588396	0.156989887049416	9
0.0765939073881412	0.380947796715164	9
-0.00550688035185372	0.0198526651857481	9
-0.0302802187169482	0.147121436972657	6
0.0436237526228334	0.248133450979919	6
0.0489211885110641	0.298439931022742	6
-0.000884869131667282	0.00394649606279692	6
-0.0765583050551912	0.537020233339497	6
0.004372821842803	0.019967611918038	6
-0.0705823835954613	0.215036047951649	8
-0.0400437862864073	0.140595366909901	8
-0.0899382479035066	0.362677302915065	8
0.0893159296751239	0.389207891284234	8
-0.0558144483185299	0.203097185442168	8
0.0616265974585277	0.238925391251836	8
0.11790746892114	0.660384005610632	8
0.00728957181253473	0.0237659128016315	8
-0.104804780486298	0.456775264554783	8
-0.111809864388219	0.561936064069264	8
0.0626335200995054	0.227077329851556	8
-0.0552616420058169	0.170846088697511	8
0.0834405699338506	0.279459592285225	8
-0.0309269423229192	0.0935746208665921	8
0.0588035877883497	0.263932621237145	5
0.00821326902599024	0.0309433232375639	5
-0.0539689225848066	0.12385894127952	5
0.029165519711378	0.100620623738228	5
0.0859120621592343	0.377158241098178	5
-0.0926147650389113	0.294585147274733	5
0.0494639574256232	0.14152181697945	5
0.0259582790261744	0.0704300510266313	5
0.123701254902353	0.555620625739665	5
-0.0663769299982807	0.272197470671722	5
0.0339737212650903	0.11002937590955	5
0.0656063060281338	0.207492537929098	5
0.0666519476212913	0.245776001104343	5
0.0120466151820779	0.0296746356323641	5
0.0252005404066254	0.0677179310821517	5
0.0205041023880975	0.0521330308412656	5
-0.0345430295156542	0.108767328625121	8
0.0286034872624609	0.10230868063232	8
-0.0671163220881907	0.228468139985147	8
0.00752017615086558	0.0214062823591578	8
-0.0864591992698977	0.334360999837707	8
0.0917136078584341	0.35036383562985	8
-0.0690823717646242	0.29478491587842	8
0.10732423334398	0.492752315995795	8
-0.116689158105297	0.487131486584609	8
-0.0100391979829398	0.0228984603400701	8
0.0841401162315856	0.182246208405077	8
-0.103319457339558	0.325027998131143	8
-0.0215623907786215	0.0627158609809698	8
0.0220673584726002	0.0739422251584969	8
-0.0552991391248194	0.199449282640059	8
-0.0618291094297874	0.171953998385901	8
-0.00479903429454743	0.0158845171360439	8
0.0789845586101379	0.360655560772498	8
0.120589450357512	0.558074203613125	8
-0.0641034203911995	0.189801554312632	8
0.0848816614610407	0.247497510729554	9
0.0517203857210166	0.116606843480194	9
0.0634964054662439	0.325420871014768	9
-0.00535775909850747	0.0209804474873479	9
-0.0137942343770663	0.0456895237973558	9
0.0520792840405903	0.220512135442271	9
-0.000526164205819359	0.00163527800976521	9
-0.0995289691521493	0.406066591620947	9
0.103090081612971	0.632481224794597	6
0.0194146073028477	0.0589365843751248	6
0.0576570346813797	0.351564942696097	6
0.0318624816927973	0.167032783549508	6
-0.106130657401693	0.721537088724276	6
0.074875625054402	0.474207090639229	6
0.0532744358672679	0.0839525270858706	6
0.000877933353915887	0.000934746138919003	6
-0.101005939928493	0.111529465711093	8
-0.0747998155988587	0.332461346559242	8
0.0276274422464973	0.0932043586236854	8
-0.0978560870582373	0.485994003418397	8
0.00868482916108065	0.0343047308531422	8
-0.0504143648585055	0.179589461575896	8
0.00952663532495478	0.0378759340035953	8
-0.0232632252951756	0.0673017245191951	8
-0.0157877532431979	0.0496816610383302	8
-0.12486969237683	0.69133269846876	8
0.0430139936957654	0.130785448907104	8
0.0754433125935009	0.199331306438391	8
-0.0399306050861123	0.113568097188765	8
0.0590622888661752	0.194774284247238	5
-0.0325233697267141	0.125612039476771	5
0.014600216747164	0.0487021313436309	5
-0.0432218460152405	0.0929042688904739	5
0.0781159068835971	0.306848603712074	5
0.0111515916351844	0.0227381432198234	5
-0.033275735964221	0.108183318356017	5
-0.077988914893033	0.347991364075788	5
0.00796349286245104	0.0247043262836255	5
0.0994208547623611	0.32996681366806	5
-0.0145432022935178	0.0330785524994659	5
-0.0604653259073177	0.21704828260601	5
0.0744466339895438	0.215549002133408	5
0.0245738174034746	0.0673604008385493	8
-0.0644307938494127	0.239644257064097	8
0.0460960900819232	0.198127128466798	8
-0.0621907537854289	0.231012148226269	8
0.0301968209518996	0.0994350898893705	8
-0.0578638925982173	0.270271855926174	8
-0.0112690933156694	0.0421019964157718	8
-0.0608678590352667	0.189365087123809	8
0.00760311144609436	0.0100775152702917	8
0.101833081307582	0.212435930109364	8
-0.0115932480896121	0.0291011363891381	8
-0.0448882108333746	0.109089805225516	8
-0.114043981525543	0.298705411688735	8
0.114218013239796	0.447168486863066	8
0.035479183487576	0.0727573029986932	8
0.0783030475793041	0.317634176874184	8
0.00882166187696613	0.0196684337038448	8
0.0758313689366425	0.235856322802709	8
-0.0953956995791031	0.449065359296717	8
-0.0142711331959997	0.0580200879973165	8
-0.00741150963705478	0.0279290035060274	8
0.0875019011498686	0.303374608388012	8
-0.080212304757081	0.197896196739681	8
-0.0353900704207691	0.0439627217118748	9
-0.0829178169913731	0.485664722764381	9
0.00125272010679582	0.00510370199590485	9
0.0769106857944104	0.247340883145834	9
0.0634453671512038	0.268684333492387	9
-0.0384570739765477	0.1145476865412	9
-0.108539475177803	0.113577530192242	6
-0.0688900452819611	0.111826001677418	6
0.0170911860366092	0.0216717870682023	6
-0.0628336239840692	0.069564927290938	8
-0.0634734162269821	0.0796158847391553	8
0.0587903518394225	0.0685559355704553	8
-0.0981421007541286	0.0935139861869011	8
0.0992111781510143	0.133368532213599	5
-0.0707576357980475	0.0454187076445575	5
-0.00524489399422905	0.00302753654969435	5
0.028715381837028	0.0233744290081601	5
0.0429456925728148	0.0361394789463066	5
-0.0196317819222998	0.020764139122437	8
0.0335775318135963	0.0465176875621895	8
0.0549691757669352	0.0749055295541624	8
0.0981953837652522	0.0860064692909389	8
-0.0325311673872863	0.0182136315725963	8
0.0127369198685011	0.0117685321111104	8
-0.0887428276214309	0.0977678301021603	8
-0.0598946529934676	0.0523813167515902	8
0.092882798545523	0.0693264046296389	8
-0.0697115915108678	0.100534787430918	9
0.0439324377298389	0.0370034748713687	6
-0.0921412500595542	0.174921203460113	6
-0.00802370026831638	0.011123627626787	6
-0.0571423799861143	0.0861683877120967	6
-0.0105427460901495	0.0108768421000286	6
-0.00137961784767022	0.0015221710701284	6
0.114330291444651	0.190967804629819	8
0.0281344067294894	0.0228112458724169	8
0.0545717978529575	0.0291175757559671	5
0.0658228593992395	0.0702415505878766	5
-0.0429584693843186	0.0308571749992974	5
-0.0346615896410386	0.0480310690835233	8
-0.0295871173871712	0.01644724281862	8
0.036531044224752	0.0428511804749339	8
0.0435247248418526	0.0363363486480048	8
0.0539724073091506	0.0288258345637215	9
0.110044720458554	0.0993748618021429	9
-0.0514222379991348	0.0570505906801901	8
-0.0732813519683905	0.0919585278585477	9
-0.0194741202590213	0.0128468985633973	8
0.0420676666383763	0.0164325034840019	8
0.0769936955841795	0.107655156852566	9
-0.0450553320245816	0.0363711240309987	9
0.0000160912339708161	0.0000329044881771131	6
0.0449590067179246	0.0742581917038817	6
-0.0493859253399158	0.18860056915271	6
-0.0731899358672286	0.209628295930131	6
0.00582520785504831	0.020198224353486	6
-0.0860126765162748	0.27243230074872	6
-0.0234080351440927	0.0173504221999256	6
0.00555599707745398	0.0106402065012494	6
0.0562586660537134	0.106270826208253	6
-0.0683267102236095	0.159523036903858	8
0.0627931790525799	0.171492801936295	8
-0.0903676094358549	0.242059713850239	8
0.100968796216085	0.239731769385438	8
0.0984657216310408	0.267540209611246	8
-0.120132206660139	0.225254929999663	8
-0.0767655993180849	0.153754617610108	8
-0.0617470774875142	0.0812699523691662	8
0.0600392946187114	0.11245814573553	8
0.00532151032727428	0.00970992611491004	8
-0.0987072385327419	0.0850334998375263	8
0.0191595897462038	0.019002017680997	8
0.120521580195378	0.194989425878097	5
-0.0742643697673402	0.109585099233362	5
-0.1234071019796	0.277604872271827	5
0.0955711475056028	0.139974986670869	5
-0.0886806443566441	0.114770203183649	8
-0.097112288001316	0.166615931655527	8
-0.0729447629935191	0.151142094419388	8
-0.077636832938657	0.122498430289065	8
-0.0786106088250217	0.147819800909745	8
0.0866543701589859	0.169755265079911	8
0.00823888323996251	0.0173602826567708	8
0.0432545775105471	0.066577484538091	8
0.0969475923050293	0.0585952902236398	8
0.104868144423922	0.144125174381179	8
-0.0277798831798535	0.0334441555945142	8
-0.0242514106004488	0.040318364834053	9
-0.0460401335700438	0.0553679902083144	8
-0.039248214988932	0.0808345705293111	8
0.0309901896772634	0.0415897123185385	9
-0.110980653626083	0.144330576162536	8
-0.0501314797134442	0.127772820808377	8
-0.0534339182884313	0.0709060661074016	9
-0.0619859541161417	0.328964113944277	6
0.108392647501597	0.385409737488568	6
-0.0493437779847041	0.270003757549262	6
-0.108509910264537	0.819562517542173	6
0.0143849790768027	0.0592872096439344	6
0.0553816421289586	0.246923547535642	6
-0.0228832701612548	0.121209574801903	6
-0.0186368429412224	0.083235829409511	6
0.118813765117027	0.234168750010344	6
-0.064377814216359	0.252873947716448	6
-0.0387558412709483	0.152523762768863	8
0.0299576709275931	0.105186402768811	8
0.0378338199705647	0.161067946149871	8
0.0409081577205123	0.126184102831575	8
0.0775019226021071	0.345852664036343	8
0.0227982346368819	0.0658554184214779	8
-0.075622355635442	0.172459841439429	8
-0.00675543660734854	0.016350059061699	8
0.00490073170524303	0.0109625283615947	8
-0.0396960141952561	0.113788824550471	8
0.0688125245535449	0.266833000746284	8
-0.0215568815967261	0.0565586279608029	8
-0.0796047759384046	0.242295192192137	8
0.0369452015432432	0.110118239192836	8
-0.0101425256207891	0.0149427748390598	8
-0.0632268699989033	0.113860225851492	8
-0.0951733781312251	0.186046186250704	8
0.0359652793102994	0.0988805924717401	5
-0.0138133870173787	0.0439463885044255	5
0.111655109579926	0.396220677911201	5
-0.0127703871728571	0.0299006954979149	5
-0.114654570462537	0.30021741183325	5
-0.0858597166991562	0.281312688869424	5
0.0797669484853232	0.19011760924046	5
0.0765892152029493	0.196592585847361	5
0.0337708536611934	0.0807407736002098	8
-0.063482829915784	0.194176812876412	8
0.00557486218999717	0.0181214818743874	8
0.124848766214832	0.478981025549448	8
-0.0694415609607703	0.21215080288087	8
0.116508709586925	0.42011577191599	8
-0.0547808561033035	0.193524288651901	8
-0.0587713684321498	0.152100329542768	8
-0.0689752015907307	0.0931991476884108	8
-0.0341705952273739	0.0548628834847118	8
-0.0421757003323158	0.0850834216757841	8
-0.00596519151474273	0.0165989819887122	8
0.0120493737668233	0.0320630936484438	9
0.0831439560148673	0.183380006974869	9
-0.0604593403765906	0.139370707625728	8
0.0431657171360632	0.145607729410805	9
-0.0411167762534008	0.160815068449755	9
0.0144952451372189	0.0453673464308914	9
0.0483449414074594	0.0980878328942175	9
-0.122441776610418	0.546835416931413	8
0.0144174149114501	0.0373945052182745	9
-0.0602490734426385	0.139445686942306	9
0.00784764138318876	0.00893996888009526	9
-0.0370490412899691	0.227332173560692	6
0.0460459091285365	0.261294406668509	6
0.019170287409073	0.102265796065538	6
0.016970133096845	0.090492744957098	6
-0.0449499541726196	0.256463121418851	6
-0.0789406807193038	0.518221227888751	6
0.00904994839387658	0.0466509971664623	6
-0.04581798303243	0.226153483511513	6
0.109083079080316	0.673822032582717	6
-0.0272478394782825	0.102416172071712	6
-0.0276231107998302	0.110856766780774	6
-0.0372974999757591	0.172858436758185	6
0.113838860064211	0.816594611030515	6
0.107318140338143	0.553710696571096	6
-0.0932716251862701	0.530073042593115	8
0.0163056177890879	0.0798960454285565	8
-0.00553920296701914	0.0208410792017292	8
0.0475956055438122	0.21883865647622	8
-0.0159854306593764	0.0577882539981546	8
-0.0837603548978464	0.393695413750991	8
-0.109660896172369	0.443784427130761	8
-0.00280347497903383	0.00957006228389358	8
-0.0500774893159164	0.181429022094351	8
0.0121294871500367	0.0388522520465457	8
0.023853305086502	0.0864665662295301	8
0.0919530180036943	0.520502986863392	8
0.0157551874675794	0.0589013366527154	8
-0.020026650832713	0.0477899167310592	8
-0.0128862922553908	0.0222359402083196	8
-0.04768819987424	0.19317515324625	8
-0.0437122812995502	0.171618680579241	8
-0.0619487339263181	0.168595632008226	8
0.0296588490216439	0.123915965037043	5
-0.0815035327334274	0.27735357659755	5
-0.0722085509698811	0.230229479163322	5
-0.0723012734551468	0.237077764625643	5
-0.0893404028752815	0.277978944201329	8
-0.0170202431970826	0.0519009618323658	8
-0.0017437635235731	0.00663567557787262	8
-0.109600213793116	0.544093769554261	8
-0.0843433839496905	0.320310228074067	8
-0.0287954433112571	0.0972962501011513	8
0.0722346668654255	0.316158787556312	8
-0.0495021724065344	0.1894084457002	8
-0.0237353751596532	0.105909204036033	8
-0.0645876632791384	0.309037424346783	8
-0.0948962093772101	0.390546507911216	8
-0.00662429144146343	0.0109658054709407	8
0.0180967785985727	0.0372136734809055	8
-0.0921571756456578	0.285151750671863	8
-0.0298169588997531	0.0785941474038984	8
-0.0112053633877181	0.0271719437468469	8
-0.0616206442410149	0.1783310666507	8
0.0222398376941655	0.0817989330001126	8
-0.0652326540470357	0.25817233834882	8
-0.081218800794804	0.21995009879037	8
0.0463474668782601	0.112179749947979	9
0.0572942331942803	0.236658204872112	9
0.033479031058122	0.126219558585979	9
0.00512124295480614	0.0125153602697486	9
0.0406730965718502	0.122387585636036	9
0.0301044720754169	0.119032460466562	9
-0.00180375089543359	0.0069873369333075	9
-0.0265112307695687	0.107233516502172	9
0.0541544848423412	0.185979097543708	9
0.0816284787165339	0.241105331628287	9
0.00758101363029441	0.0165161374821071	9
0.0764454767851024	0.130598287602941	9
-0.0178497038613473	0.0430147756268303	9
-0.034872409693831	0.157238255400896	9
-0.10818434300363	0.59167120095373	8
-0.0851370156000518	0.295638630038346	8
0.0202227747085649	0.0671293262337575	9
-0.0692511039301276	0.214626553902415	9
0.0592483484911557	0.188711371189519	9
0.0110981833361462	0.0808423225021618	6
0.0126387926256737	0.072869834970173	6
-0.0104274774833758	0.0563542505768354	6
0.0179971331879412	0.0987393784145222	6
0.0367870379397864	0.217035560328495	6
0.0528334403717534	0.33954034378816	6
-0.026475573042455	0.15397607269114	6
-0.0628906005591548	0.428073482312418	6
0.0540641872057366	0.207602693635297	6
0.0371235975964346	0.0911395666988526	6
0.0929504359321615	0.371433784653769	6
-0.120068005284916	0.807805231769375	6
0.0166773303168972	0.0830559548782732	6
-0.0533485890972887	0.304275264794575	6
-0.0359992593174651	0.186188127621528	6
0.0572786128791616	0.318015001664562	6
0.0486573717752701	0.278283959380535	6
0.0717797121592871	0.454985010067483	6
-0.0580344255592252	0.326343020759536	8
-0.0490093198478504	0.280762056154117	8
0.0370515135043534	0.208921859943065	8
-0.0612857130529495	0.385731091660421	8
-0.0378993669263079	0.207295671294226	8
-0.0934309551129533	0.627617537568146	8
-0.0631244341392863	0.372412667446774	8
-0.0405224544637963	0.215984451449169	8
-0.0770573201539266	0.429178318714258	8
-0.0498161995872745	0.261799646676704	8
0.0354625824471697	0.182310004531758	8
0.0586112659102534	0.349907180103903	8
0.0992400179331746	0.30503540464446	8
-0.0109439673764529	0.0294086634273755	8
0.00955145359067319	0.0301778118129616	8
-0.108365669083011	0.718000273840282	8
-0.0453030801615705	0.234733422166926	8
-0.0675759582220535	0.318207380502943	8
-0.0607001360628413	0.278438281837966	8
-0.0168927815519588	0.0652617859500799	8
-0.0382327298377082	0.183030728708205	5
0.0650806131964504	0.297272558930951	5
0.0293877454313232	0.129936121072941	5
-0.0120303745199827	0.0505285541654413	5
-0.109612110146007	0.621267938772493	5
0.088014545443439	0.403268840240574	5
0.03241637762579	0.115315757323745	5
-0.0231185790905081	0.0846942132521676	8
0.0819818579348661	0.44634850192415	5
-0.0791159029531047	0.410687397380742	5
0.0727435470435322	0.381949834128964	5
-0.0424116988093878	0.19852634924241	8
-0.00713215767208177	0.029335967532005	8
-0.0420797556305535	0.214892495056462	8
-0.0157244604668748	0.0700702434597327	8
-0.0568686010757938	0.277145481902658	8
0.0848647812388368	0.509471245556104	8
0.0989999330000882	0.40311566718866	8
-0.0400923344777561	0.120833515492083	8
-0.073117501018128	0.231306204443169	8
-0.0540298640019147	0.22185894266433	8
-0.0746535403999441	0.334590845134751	8
-0.107813167221369	0.61877000317211	8
0.0696007683025081	0.368494624162601	8
-0.0756178441570076	0.368591427736554	8
-0.0287733757926347	0.134644209462841	8
-0.041834834697474	0.174191594663485	8
0.0864959357246595	0.430377035351918	9
0.116084369121665	0.798051615133105	9
0.0631332869161801	0.340827717838043	9
-0.0160649447332327	0.0619477669460921	9
0.0000691385160218094	0.000264692206401398	9
0.00508213200313331	0.0199294787044991	9
0.0821999376815261	0.267154547468388	9
-0.00320622860844453	0.0115200130544685	9
0.0168832740668289	0.0688005478294817	9
0.0509288308049751	0.251109314404031	9
0.0606218690832228	0.306321864322714	9
0.0549686191871565	0.238391476292492	9
-0.0410946354076974	0.163028635948516	9
0.0167338660877002	0.134874160440652	6
0.00972112115171069	0.0710217899638559	6
-0.00644447191972147	0.0360366291804164	6
-0.0753062751131966	0.527943054823812	6
-0.0630713378721287	0.420291067968511	6
0.0280468806288144	0.161093199519992	6
-0.0161835563847611	0.0854246899641558	6
0.00680964907342342	0.0347295186426025	6
-0.0285141635874626	0.139775300939299	6
-0.10701383890761	0.403507095366876	6
-0.0539397541286524	0.238173314783683	6
0.000896777605048618	0.00398497167454233	6
0.0790661802475293	0.444494412242385	6
-0.0191443402654983	0.0857306049506532	6
0.0341280267951976	0.167876429715849	6
-0.0306519167672123	0.144542983117238	8
-0.0679695989531452	0.359413199711283	8
0.0466425767145827	0.239239373960309	6
-0.0966518904432444	0.614285975950078	8
0.00447526292387441	0.0212275134905788	8
-0.0429071460333933	0.220464815311028	8
-0.0753512644150144	0.358845343284545	8
-0.101175181155633	0.641533020648295	8
-0.0320803846403343	0.152945340128757	8
-0.066830772564192	0.381616035061823	8
0.10062654040442	0.572112393092358	6
-0.0382871715046876	0.170839131344952	8
0.0943113546643549	0.537738148076909	8
-0.0234130089696378	0.102018718351323	8
-0.0299725192061429	0.152575859418683	8
-0.0927460026652598	0.492074946488159	8
-0.0154727157351361	0.0472675352198467	8
0.0880925713358134	0.497812113536313	6
0.0990388180033852	0.55913678153917	6
-0.036541948071345	0.153248311248746	8
-0.0383035502642391	0.172759881566472	8
-0.0680638430095096	0.332499924124363	8
0.0612626467485334	0.223862820846198	5
-0.0186544525095294	0.0755061896602948	5
0.0342249247861143	0.120704396862818	5
0.0141932562550415	0.0413319201510682	5
0.00580372235027319	0.0166602525075692	5
0.0553320586574305	0.215732773543396	5
-0.0261835605787913	0.0841418649824732	8
-0.0884897397781139	0.426000286785797	8
0.0741423460169343	0.34292130524158	8
-0.0903432313143929	0.460728655695083	8
-0.0306639783948028	0.112326234600507	8
0.0356756248234916	0.124844579416416	8
0.0754035715277477	0.310745214729846	8
0.0253031411430268	0.11461385327314	8
-0.0856238778766429	0.384420490011733	8
-0.0702575614441816	0.23953289548139	8
-0.0746754244214348	0.288551654368095	8
0.042951976593511	0.149702832630266	8
-0.0715640879178338	0.28765914595715	8
0.0166734716341816	0.0606752564780619	8
0.0293077730089654	0.122581340060976	8
-0.0405875429314533	0.153554013755142	8
0.00807231496460874	0.029363337210065	9
0.0158496060549307	0.0633837456177881	9
-0.0361005327852543	0.151126302043419	9
0.0894911191131131	0.423997551309531	9
-0.00801839930649386	0.0280980226657562	9
-0.00112652541754623	0.0031855825426233	9
-0.00707161161898968	0.027112195685992	9
-0.0837967632775807	0.444760655943494	9
-0.01905435138392	0.065060041161687	9
0.0628567159457353	0.241795920380223	9
0.0586536037793334	0.275525852326999	9
0.033596520280858	0.113079256018652	9
-0.0545326484096242	0.258710857836476	9
-0.0768533349235375	0.369733237894191	9
-0.026953680034599	0.105993812752648	9
0.110140201180253	0.481599970446638	9
-0.0154108160306198	0.13011747349483	6
-0.0151584626243796	0.111845562746789	6
-0.00412785571959063	0.0206805919473897	6
0.0455393884181964	0.297900394594943	6
0.0495654447931016	0.344017417534094	6
-0.0974198823152699	0.7476296351278	6
-0.00786972098768842	0.0415769989506549	6
0.0403752289146354	0.253158866607403	6
-0.106969596469444	0.837534831372664	6
-0.0853808631144374	0.578449848861022	6
0.00189489204112969	0.00900390514130083	6
0.0622926753777927	0.417080670825644	6
0.00422842943500247	0.0175146819665499	6
-0.00537282567221662	0.0210722514326111	6
0.0570052365064182	0.330767726766068	6
0.0407925687513602	0.190669701776276	6
0.0255223116903908	0.115427736551159	6
0.0413193049735787	0.175353122241056	6
0.0663770709976005	0.31448389317243	6
0.0481736452108971	0.276956289708879	6
-0.0198484297115673	0.0830697038854282	8
0.101042478579169	0.411867162173052	6
0.0262463642158027	0.127231697180482	6
0.0740129813198157	0.405222341438111	6
0.0460886397136546	0.264629335850465	6
0.0912186650855628	0.464994765816055	6
0.0227107172315725	0.0907911532841367	6
0.0632941861822357	0.327279918538513	6
0.0313839006292067	0.131390626100602	8
0.0287766963493636	0.154350233944784	8
0.0116626247069181	0.0585970234980619	8
0.0560226584485007	0.314308943026104	8
-0.0565659798895378	0.318735430930755	8
-0.10591887954466	0.698331406421084	8
0.0308117496519921	0.142205519388178	6
0.113838903574765	0.673678847649567	6
0.119269130219291	0.903781672210487	6
-0.082220294112654	0.552491959615713	8
-0.0361560793354543	0.163026258047196	8
-0.115233831986123	0.351504696858308	8
-0.0949030982410981	0.34451160937048	8
-0.0322291024514301	0.126178221115626	8
-0.114446680557141	0.729652183053589	8
0.0877755439871215	0.385358527218187	5
0.0952486267385777	0.536735870618859	5
0.0965896678820631	0.495099381107095	5
-0.0424415131163039	0.113351939789689	8
-0.0113158071082359	0.0374765096085674	8
0.0435273323750846	0.177611273001572	8
-0.0139782611317874	0.0463348925263284	8
-0.102347056294489	0.528062400030551	8
-0.00757122687193337	0.0233965978515244	8
-0.123878449069181	0.428993889041052	8
-0.0768836312654853	0.483235444641056	8
0.0684614150891108	0.43502169014427	8
0.0503480380234006	0.290477933405899	8
0.0847093284167217	0.53865724154532	8
-0.0352807172079366	0.148656385120984	8
0.0362765903257603	0.15742032848607	9
-0.0276669235606878	0.138503454942458	8
0.00850113603019579	0.0240218732264577	8
0.0670694198291297	0.27992338449557	9
0.00462415921596656	0.0216576347699187	9
0.0972540228478754	0.712680863404837	9
-0.0486920931891295	0.199240590393544	9
0.00752722863670219	0.0278784689056701	9
0.0535691521648049	0.14939853978452	9
0.0178117912808817	0.0424872716767737	9
-0.0403882817658905	0.204484939596365	9
-0.0761975400915593	0.475011360036977	9
-0.0494958898029982	0.289782808231811	9
-0.102944636394673	0.747171751987508	9
0.017364443211718	0.0472942374102805	9
0.0203976614114374	0.0940318397889555	9
-0.0504218531443857	0.247305778403598	9
-0.0511481026711044	0.258092685547022	9
-0.121879674830996	0.692596462409377	9
0.0420374603659875	0.106032532001295	9
-0.0215971155218776	0.185384363082222	6
-0.00822079205142018	0.061691420735353	6
0.0355879464782268	0.314470312922543	6
-0.0265647246018231	0.218198637320035	6
-0.00866496376819282	0.060834798167124	6
0.0738081947955534	0.66942810872692	6
-0.0416095556764021	0.226539504981769	6
0.00897800216505301	0.0360388137311391	6
0.0395836676277678	0.216002087409537	6
-0.0719762594204928	0.488289068826457	6
-0.016130955696279	0.0809969236255092	6
0.0508341213510768	0.295149453192043	6
0.118875280970595	0.887221973180017	6
-0.108538409041664	0.802588709691988	6
-0.0147954613433185	0.0728603094350761	6
0.0106105114188389	0.0483833471368185	6
-0.00481009863747504	0.0220701918863726	6
0.0515404256217743	0.293992062861623	6
0.0462875168404596	0.250043422063197	6
0.0244140579816089	0.116779260209674	6
-0.0288526671365157	0.135693251491986	6
0.0372641478775939	0.175463175992039	6
-0.0394510461085124	0.192068094365855	6
0.0266047127315598	0.114307747709809	6
-0.0113752754912669	0.0413572374113588	6
-0.0498098997932983	0.206164584268186	6
-0.00158744592042288	0.00598239880858756	6
-0.036491865783897	0.167779909284946	8
-0.0619641444319185	0.336772714344818	8
-0.0565055363095619	0.322945808152382	8
-0.0143785485599323	0.0557831925073634	8
-0.0555088558124489	0.280401252549135	6
0.105641714513221	0.541042545831267	6
-0.0473047833622861	0.19691953893924	8
-0.01892080639488	0.0688935370943542	8
-0.060523407506872	0.309807556855274	8
0.0194800950860754	0.0762752682613409	8
0.0731235743249786	0.348823630126515	8
-0.0439491597557352	0.183709285663557	8
0.051873577832645	0.220890256091857	5
0.0861644975195458	0.381183181186208	5
0.119306849387828	0.573742668177778	5
-0.0851365587419817	0.352672697852957	5
0.0310711337191356	0.119048581282815	5
-0.0847043755715828	0.418165307710219	5
-0.0390926094915764	0.170729442159762	8
-0.0431394209016787	0.199890825182523	8
-0.0216233847657576	0.0872808543926972	8
-0.0118169742322263	0.0456210187164473	8
0.0902943662631897	0.458390543674357	8
-0.0216998759213704	0.0921867348017358	8
-0.0225221861895379	0.102088477454593	8
-0.0235806483318268	0.0794434828484872	8
0.0248667092585353	0.0862412541683603	8
0.094827610926227	0.438827432395462	8
-0.00704914790556694	0.0284272065957372	8
0.085654043040159	0.439204867274471	9
-0.0899123383197719	0.455264607380573	8
-0.107944296886753	0.635503771013005	8
0.0570701345651101	0.277894825386719	9
0.0608701077131145	0.306421735791006	9
-0.0138143883394635	0.0522508635164507	9
0.0619395302415772	0.267081720665832	9
0.0233153717068036	0.105126819431234	9
0.0348435790640986	0.152610173465761	9
0.0270233861415682	0.0995559807393649	9
0.119527492493501	0.634371261277377	9
-0.113528965259162	0.690815999380661	9
-0.0404297698190447	0.19665385396807	9
0.00378873836407626	0.0130462986598605	9
-0.0122256525668088	0.0390527505916314	9
-0.084667550318028	0.324138484672835	9
0.00924103733769008	0.0369158755054692	9
0.0525682435802986	0.288689243971201	9
-0.0998317173404453	0.68441913705584	9
-0.0802330558294499	0.435958929945493	9
-0.111505310645475	0.636371587745282	9
-0.05587159066605	0.146819417791416	9
-0.00975962135890474	0.0785269144409175	6
-0.0118187731445953	0.0924398785284007	6
-0.00557860165535795	0.0397450850021357	6
-0.0547590094807677	0.53118937287238	6
-0.0247535398595381	0.162530065525599	6
-0.0190255061438104	0.074063228622491	6
-0.122554833102521	0.41070650329167	6
-0.0925074778808152	0.378796484524486	6
0.110003406189768	0.586387746091746	6
-0.0811056171367685	0.579215091699057	6
0.0559786843355708	0.353336727960559	6
-0.0394565540577549	0.222937673444354	6
0.0421356535631997	0.240286914186267	6
0.00629533277709618	0.0302789760581507	6
-0.00395949306790185	0.0191426736236352	6
-0.0337991746300924	0.185053789324344	6
-0.028541151443928	0.153968289990238	6
0.0598102592760868	0.36975987052646	6
0.098189075665483	0.551837299882654	6
0.00340323017894606	0.0149682899156758	6
-0.0843100443308731	0.572347599953222	6
-0.0690272406271722	0.351910419799356	6
0.0341577898046738	0.158499076203174	6
-0.00868493191965808	0.0274920952182473	6
0.030244847312139	0.124833228331345	6
0.0396552422061092	0.17132229829531	6
0.00786170271823975	0.0300028661832778	6
-0.0292992285807114	0.131717247342613	8
-0.0130968613092708	0.0358979495806178	8
0.0750916891723308	0.179639013179191	8
0.087221951639809	0.306624769738694	8
-0.0173419379791431	0.0711891663457101	6
-0.00785349877789877	0.0333471015295178	6
0.0172603791626137	0.0553022540732478	8
0.0756342285115562	0.281531255607258	8
-0.110270467306164	0.702034939554516	8
-0.115800072610103	0.70525473444121	8
-0.00985792986839358	0.0378272596111407	8
0.0366812571601212	0.138746019019546	5
0.031066095489777	0.133302860454252	5
0.00906026047539204	0.0306383243139745	5
0.0790525314961906	0.310079334461257	5
-0.027862653611237	0.114272179855598	5
-0.0491810400873864	0.238763712191529	5
0.0752972085706528	0.447182881547216	5
0.00511112493876728	0.0213373047870841	5
0.0291133338408264	0.114021021497599	5
-0.0631879634520351	0.320080218401057	8
-0.00892410904597792	0.0329660138831257	8
-0.0600075754168538	0.299969488087274	8
-0.0864984731186016	0.553802583844353	8
0.0562820711845098	0.30508244175989	8
-0.0286496430665715	0.117571147182653	8
0.059398914827727	0.186874844775143	8
0.028852774037403	0.113426152741248	9
0.103440449267666	0.493874212710764	9
0.0731809649745487	0.295396798691502	9
-0.0462233389860706	0.254860138382778	8
0.0659625102860815	0.365578169129445	9
-0.0846196958691004	0.45901281474243	9
-0.0267215124740283	0.0770684063022551	9
0.00356393948430099	0.0100116539954476	9
0.0298674370469795	0.132595288458237	9
0.0422068830629538	0.194962074186302	9
0.0318851001416534	0.0944690006278901	9
0.00652799753781188	0.0280369194241065	9
0.0213419660216047	0.105059954283078	9
-0.0261711087979116	0.132498009165408	9
-0.082285653906233	0.4312327259004	9
0.0852807093243533	0.296904243787758	9
0.0782204575919946	0.258471198571139	9
-0.0291377116376173	0.0717785476482194	9
0.0233183545082935	0.0834189924945913	9
-0.00456695931954793	0.0219009305884686	9
-0.0406586229448704	0.229373153819276	9
0.00809995735157151	0.0294827280133991	9
0.0629501874474855	0.316352318202665	9
-0.0851320357587075	0.392802859790003	9
0.0110442006504936	0.0897486251430902	6
-0.0137337485883584	0.106846416999222	6
-0.00985389550708531	0.0690019452289407	6
-0.0342665065310162	0.232191152108074	6
-0.035832279125437	0.18854377903055	6
-0.0862583463458001	0.355281288575368	6
-0.0850916987785296	0.45473244192703	6
0.119814864841397	0.897026406404798	6
0.0813787402371149	0.563554742805516	6
0.0144474182085517	0.0713299063738711	6
0.00708664358974447	0.0346140593593231	6
-0.0387081682238065	0.218240371911932	6
0.0991325073222436	0.733306313695701	6
0.0835067868567884	0.556819271057734	6
0.00811861041819724	0.038339312646281	6
0.0765111587770896	0.499909280460067	6
0.0805523358076083	0.459001115947532	6
0.0991165818678573	0.622335109511497	6
-0.049790426062566	0.246514884196284	6
0.0285911108494756	0.116245306554699	6
-0.0886581660393355	0.460709805927669	6
0.0132696457164329	0.0562682481560623	6
0.060640463872578	0.301906610976847	6
0.0231356645865474	0.0985504967169404	6
-0.110829097500521	0.727775736955018	8
-0.0228450854146033	0.0790543368066596	8
0.0526456026233785	0.173835336176983	6
0.00606368551032334	0.0222464843501198	6
-0.0381495277023924	0.176810118551218	6
-0.025253943223199	0.104743276567255	6
-0.123645212033214	0.723937014175688	8
-0.0327257776981711	0.151252177586615	8
-0.0241174601024896	0.0978400433126334	8
-0.0256239250725157	0.0934830593214486	8
-0.0127968535268719	0.0503317080182978	8
-0.00299181182789041	0.01110650795269	8
-0.0630922205896301	0.271064626606767	8
0.0133824252011474	0.0491597944646421	8
-0.0611548206880732	0.250160962468906	8
0.0243451475256309	0.10178494544045	5
-0.0011938941725058	0.00441896108657422	5
-0.0148097482396279	0.0539605419226131	5
-0.049946103017934	0.227771052621454	5
0.0700054992437889	0.328600982276574	5
0.0522765788636482	0.230999821389394	5
-0.0433905354557143	0.182630457205326	8
0.0988399475037418	0.499202472655326	8
-0.0486514629482457	0.225696218131844	8
-0.0792859162708334	0.37308259139653	8
0.0679348009271729	0.357662541162324	8
0.020601440132673	0.0673635916412239	8
-0.12079691244737	0.527675504826148	8
0.0458156966121878	0.202622843037703	8
0.0792485250595713	0.449776106849435	8
-0.0857724215655758	0.451978925117129	8
-0.111336577808108	0.619638771187289	8
0.0804267705701371	0.421163141409285	9
0.0212399868964595	0.0957689156071629	9
0.0154292683687635	0.068975744988247	9
-0.0926983563282215	0.504368772426185	9
-0.0251186438629625	0.0928582228398878	9
-0.113862541719345	0.575314372551104	9
0.0457878233133756	0.215904661586748	9
-0.0396503815828245	0.146917481764343	9
-0.0421017638911161	0.183220977096152	9
-0.0228963363085547	0.0954020670789415	9
0.0379556536553359	0.177449296306397	9
-0.0850185114897627	0.374285548067509	9
0.0313319187011362	0.104127376995014	9
0.0626911448660302	0.304571905394241	9
0.0207319405351442	0.100798684685783	9
0.03187032800512	0.161126838497393	9
-0.00172220254634376	0.00680624814886966	9
-0.099271115226029	0.543565098400105	9
-0.0569956169436536	0.256196213875699	9
0.0000978407584475358	0.000329386512347766	9
-0.0402463314294508	0.0955800735225212	9
0.0102003437426074	0.0816720767957605	6
0.00738572742167061	0.0540875104384917	6
0.0141120235464409	0.0966755662044001	6
-0.0365929697860829	0.140809292305213	6
0.010773749566589	0.0349510680301374	6
0.00433146362717744	0.0178358728644805	6
0.00368089631760808	0.0174743085006757	6
-0.0250451714097915	0.136818129047307	6
0.00916902781089378	0.0450580092689262	6
0.0666707869285657	0.441689323718259	6
-0.00200998806793136	0.00953254979768078	6
-0.0701356243679076	0.458882341419826	6
-0.00829861202024657	0.0403133922018349	6
0.0248826295127994	0.129532046146801	6
0.0388565477504137	0.211137050345942	6
0.0360573073436873	0.192895196559189	6
-0.100126266778723	0.676996541849068	6
-0.0454979553434216	0.230374325689246	6
0.0161422428275484	0.0749808526684921	6
-0.00903152848555313	0.0392145062490613	6
-0.0207949551520599	0.0903586039564235	6
0.0276571648387001	0.114848069678997	6
0.0287243513601175	0.127341708816778	6
-0.0878200941070998	0.525429739260347	6
0.0742404076541969	0.424446930632815	6
0.0549519942135151	0.309719596368798	6
0.0204910519422672	0.0526546505566112	8
-0.0334118928898411	0.150129650678417	6
-0.0329948878710105	0.160471244135587	6
0.0885913751298657	0.489633168863999	6
-0.0421715978799835	0.182471081958571	6
0.0251369459789485	0.1052182939261	6
0.0451900857843327	0.232924217177682	6
0.0195797632744354	0.0717062362818674	6
-0.00821266745085981	0.0336940949761644	8
0.0550678938304445	0.26351674828602	5
0.0116165785883181	0.0406887828105683	5
0.00836086229226645	0.0301998182074037	5
0.0329510910064112	0.154848747710139	5
0.0550474737873952	0.249177217768201	5
0.041615794976762	0.186255479291446	5
0.0641340313920861	0.317097947900051	5
0.0302608299791102	0.136640602125621	5
-0.0635846140119184	0.318709709251882	8
0.0915317488203043	0.467610576869022	8
0.091065620822075	0.443272543515143	8
-0.0244425451671499	0.102154984172608	8
0.0572292372540741	0.300301922073258	8
-0.114871434754022	0.489199937983628	8
-0.0928231490525154	0.407882875875668	8
0.119900353001993	0.743320017216923	8
-0.073961632163437	0.438136051202365	8
0.0860144993883007	0.461039266539148	9
0.0799898282237121	0.430160360421697	9
-0.0737132378742719	0.397323494009931	9
0.0911277976607088	0.547893975248564	9
0.0129692154363932	0.0490902181625915	9
-0.0370627837726319	0.166527527717243	9
-0.0643011610353545	0.343892475225383	9
-0.0148922031051723	0.0653705884526782	9
-0.0724042189464972	0.302481182031626	9
-0.0221435503978451	0.0853106737653768	9
-0.058932371021388	0.252333546088791	9
-0.0689032837154172	0.316678027203322	9
0.0635775000100317	0.326287875789545	9
0.0588222769105735	0.315646021845582	9
0.101418369492836	0.443395857635004	9
0.11279246136011	0.520600823383078	9
0.0354302097155114	0.156922883583797	9
-0.0749316715026983	0.459390379518706	9
-0.104165108036447	0.728763019564804	9
0.0408088211802612	0.193760528662128	9
0.0285033151695328	0.13147659971012	9
-0.115074223075993	0.653607129056739	9
0.0042787491229775	0.0328275402245668	6
-0.0132586668754356	0.101230220108641	6
-0.0324083149869212	0.15868456106858	6
0.113036096445266	0.414027009485065	6
-0.0940955732197228	0.316346066625629	6
0.0896644877735841	0.418555531304395	6
-0.0272888803527145	0.126665053055543	6
0.0697193988571436	0.489072839715074	6
0.0744420112144162	0.52930549382531	6
0.0332613915982914	0.189641674112666	6
-0.095936545950816	0.715211133230607	6
0.0184502223263162	0.096914539231575	6
0.0309342682017773	0.177939056631555	6
0.0047335883632746	0.0225528074467196	6
-0.0738928958304447	0.505571172958085	6
-0.0255117342350248	0.13978012805696	6
-0.0351956537489747	0.178611849859091	6
-0.0269556318347367	0.136986736057098	6
-0.0328279275538042	0.180093788443027	6
0.0370740337333339	0.183724670141744	6
0.0476322510351257	0.249231449508542	6
0.0355870859526363	0.134168927829438	6
0.0664048599477788	0.328808462739593	6
0.0769105472917899	0.435730147440314	6
-0.0581777449247217	0.345488608680546	6
0.0786462811934116	0.265558198746307	6
0.0642115463797878	0.216418431663342	6
0.0307310923957218	0.150300446028656	6
-0.00629617389496561	0.0291437133746094	6
-0.000614055725025469	0.00196604831984168	6
-0.0425928643793506	0.153653847506123	8
-0.055568302306482	0.310117456383002	8
-0.0000927783407252771	0.000424559630831671	6
-0.0630363531312725	0.342138815819892	8
0.0178347172150079	0.0755047137119487	8
0.0620292737471254	0.334014100619693	5
0.0145287586145062	0.0536210401867667	5
0.0169917120966492	0.0660364925215948	5
0.0563250578419861	0.231177905219808	5
-0.0545215821396844	0.287970050566133	5
0.0406059381782952	0.224818946846342	5
0.0463291277525444	0.210736118808504	5
0.0173232636044596	0.0806765493436289	5
0.121478949129868	0.777931780629779	5
-0.113277501668498	0.75322629327119	8
0.0471015829347843	0.275485582073062	8
0.0199797924373382	0.0995928243346366	8
0.00690753000776747	0.028726624882518	8
0.0499196532846568	0.143726089141776	8
-0.0240728962417183	0.0875083216462893	8
0.0141350396220982	0.0635256346043029	8
-0.100123321139179	0.540420315514298	8
-0.058661576896319	0.25556130568857	8
-0.0478263256130192	0.273495829303763	9
-0.0331977602121166	0.105636606365168	9
0.0692229073450543	0.255793854519291	9
-0.0712684971481891	0.408953182633599	9
-0.0134604825449913	0.0588409448168003	9
-0.0788167992300527	0.29716915747184	9
0.0430004086574738	0.18183464353989	9
-0.0920274529206615	0.608254129843186	9
0.0547174934540414	0.327647761114494	9
0.0397614757010658	0.220401390405534	9
-0.0556017506960728	0.282317585021438	9
-0.0049628732041779	0.015179217163873	9
0.0220127032853045	0.0523166413836736	9
0.0857225737722716	0.623509467439422	9
-0.0266516955650186	0.145978670613922	9
-0.0506205344453979	0.233202599619904	9
-0.110136695654021	0.731806429053552	9
-0.00439256600868176	0.0158899629812064	9
-0.0447045537428113	0.200996661524529	9
0.0821906106274821	0.216607510491113	9
-0.0027934153434825	0.0206899519647491	6
0.0083374563254193	0.0463805342275849	6
-0.0433222707477376	0.224528859113739	6
-0.100013973079181	0.727968102700695	6
0.0819417171615606	0.570152721940758	6
-0.00783041680256112	0.0405330207728781	6
0.10931447997303	0.848611744283222	6
-0.0556176959429016	0.341609023986883	6
0.0245877100216732	0.131394485753201	6
0.0351443093889199	0.195889489026092	6
0.0757092086157846	0.486799137998637	6
0.0101643702926623	0.0489347794101236	6
-0.0387227570481407	0.220458925715789	6
0.0512217288377439	0.297532885543119	6
-0.0747738142055713	0.478119786429134	6
-0.0169578641998381	0.0833937955494383	6
-0.0533814521980643	0.293061354016662	6
0.0134127030778913	0.057538120750883	6
-0.0721612261139142	0.396030162464951	6
-0.120345399458362	0.738223993167056	6
0.0564203195248333	0.291875828027452	6
0.0123455717844106	0.0572540986487921	6
-0.00119290595783761	0.00546565075236139	6
0.0363289024849078	0.197392583728921	6
-0.123831378413772	0.486446084931815	8
-0.0049714273022388	0.0169278199402683	6
-0.0413597430384309	0.157483407461662	6
-0.124123119145804	0.940578233690203	6
-0.0487342942303045	0.272381383947245	6
-0.0198277648513065	0.0935741933821637	8
0.058661217182173	0.289178933906766	6
-0.0778164641306498	0.422610187211721	8
0.0229529080119416	0.0992760192461583	8
-0.0624234000491884	0.296860812144029	8
-0.00800804497974269	0.0310202159292522	5
-0.0108027130116528	0.0374145591389361	5
0.0541524812603671	0.230076051535299	5
0.087477699926208	0.402024410492185	5
0.113068746859698	0.694474609759565	5
0.0251036209772739	0.10844824625887	5
-0.0386251879847037	0.178742670119692	8
0.00779134771089274	0.0319709970516933	5
0.108311641854948	0.667914715026472	5
-0.0642215987848518	0.328443714743308	8
-0.00472689251195838	0.0198558910480628	8
-0.0264734730251471	0.123710332692983	8
-0.0285759905497603	0.142641652673132	8
0.0392014265506669	0.155937344575852	8
0.113153643139796	0.526403065887072	8
0.0652917031999312	0.263017313448849	8
-0.0159345004480923	0.0621218736702267	8
-0.0320919022333973	0.151066388743167	8
-0.0556278247261285	0.271091558027318	8
-0.0715885082116472	0.346543215874562	8
0.000766046498940405	0.00294702644623258	9
-0.0830141487334423	0.457344268176683	9
-0.0224617338429652	0.0931626360755255	9
0.034511728349951	0.145831802236333	9
-0.0605908431620548	0.356799175891063	9
-0.043048072752343	0.222148049510413	9
-0.108858255548634	0.518962097412629	9
-0.0604479004424434	0.268510142391753	9
0.107904136806385	0.639141208235556	9
0.0284201007881941	0.13063841608038	9
0.0112681272653144	0.0480573348088259	9
-0.033979069015758	0.175801456055839	9
-0.0818310142703637	0.420673596673639	9
-0.0114624703975868	0.0402782640118917	9
-0.0981538485451844	0.418572298597387	9
0.117446722257874	0.767571678500765	9
-0.0470430280137567	0.262896320401071	9
-0.0413643083533257	0.22451316320576	9
0.105320769745767	0.655455472027424	9
0.0670208822930745	0.376353437564049	9
-0.0921678986539631	0.512773768150047	9
0.124095974017498	0.735467017316812	9
0.100266870808909	0.273311739121716	9
-0.00427795991676782	0.0314501324214101	6
-0.0293641045407718	0.246729008893071	6
-0.0394894712539149	0.272923183557564	6
0.0507679000658435	0.339498969078907	6
0.03552676193526	0.208147019996106	6
-0.00373681351042816	0.0114085253185531	6
-0.108863900845802	0.380639201919606	6
-0.00152419384315174	0.00490894861547118	6
-0.0404886195839833	0.124811314281382	6
-0.0467960595032356	0.141737605829252	6
-0.00232742703749053	0.00873682919101432	6
-0.0163623170871872	0.0440820808083928	6
0.0317317702099137	0.0938300895173296	6
-0.113517138420189	0.41101054965184	6
0.0780386965943332	0.479262781802751	6
0.0536543114647728	0.333465557492006	6
-0.0831269668210376	0.567422189317701	8
-0.0324425781618928	0.178373990235662	6
0.0192529671185338	0.0881477639381642	6
-0.0418160805688055	0.150732622825634	6
-0.0741880682647632	0.410726026812966	8
-0.120076806898124	0.744247137805535	8
0.0232532672784175	0.0943755616119567	8
-0.092878219556938	0.195593284218166	8
-0.040429998206261	0.129066735517982	8
-0.101910314579234	0.209548422976409	8
0.0324136241636312	0.0819724590762647	5
0.119442837989994	0.317502587245023	5
0.0918015641589224	0.340995355677804	5
0.0604710064686639	0.122509898335478	5
0.0509309546387955	0.128812059330305	8
-0.0704876549425208	0.112312388329999	8
0.0753303062794478	0.132933455316885	9
0.0846704750913278	0.354474994285673	9
-0.0080948475800888	0.038244739747208	8
0.0710816551967059	0.459120946431508	8
-0.096778486616254	0.627844303546891	8
-0.0487949838828096	0.210763411719114	8
-0.0135146029170005	0.0391417605260287	8
-0.0944110583571288	0.339168882936409	8
0.0638541583869681	0.257854855605602	9
0.0555235884401776	0.121876189341458	9
0.00251717140392236	0.00673690561365279	9
-0.00599697490247577	0.0150734064226125	9
-0.0549568320632999	0.129835884023652	9
0.12447259411325	0.227829264262011	9
-0.064177633254122	0.247358915372114	9
0.0295960092135265	0.13555242362139	9
-0.0116437767957604	0.0455875263051915	9
0.0021339133672485	0.00973328320686227	9
0.0137040434212299	0.0561904269530673	9
-0.124427821552035	0.356373872294605	9
-0.0624878863954974	0.224396944154752	9
0.088580182914522	0.33629514243144	9
-0.0192871912884125	0.0643245406859205	9
0.0808689032870834	0.303047527388164	9
-0.0133148048787686	0.106570379347604	6
0.00584844901843861	0.0397953746508933	6
0.0162311358896963	0.0956311653990914	6
-0.0628639112122967	0.405428291263912	6
-0.0702654088775242	0.245509012379551	6
-0.0177284089377869	0.0431543332748305	6
-0.0744539556669875	0.191029045010006	6
0.117321824167257	0.241907166472122	6
-0.0206033671687503	0.0467186207079528	6
0.0967552307101183	0.196202896579518	6
0.105348840980912	0.255190370398569	6
-0.00271030074319005	0.00614506730207425	6
-0.00590931148674176	0.0174615665580425	6
-0.00393327455727307	0.008588485867518	6
0.0970448500724589	0.275477353401107	6
0.0377361796875682	0.0897551438346997	6
-0.0421373637733756	0.244596777186538	6
0.0169350558137253	0.0873722609255964	6
0.028285857124235	0.152855035220158	6
-0.0335669458934577	0.161077124428152	6
0.0648262101340485	0.192504419585361	6
-0.0404091881247359	0.183321154572373	8
-0.0881941824995347	0.250452953153414	8
0.058183099976147	0.0687912048750795	6
-0.046630781188141	0.125834710847587	8
-0.0189559505469575	0.0339814350301818	5
-0.00266179366763073	0.00550867639168104	5
-0.0921729783001283	0.176799958335823	8
-0.0732289362034516	0.156461309281013	8
-0.103240572532835	0.189261599360495	8
-0.0785219321426633	0.124342781727962	8
0.0145359622522951	0.0152937855579364	8
0.0436758698587804	0.135203594479151	9
-0.0541123188521467	0.305005319745457	8
0.0098177254408994	0.0467613121014551	8
0.0281563879531784	0.130801347856439	8
-0.102808536204811	0.347379128184162	8
0.0256382337978139	0.0636326530092828	9
0.0216091182285152	0.0640739578660804	9
0.0696133085526302	0.248568806016258	9
-0.107371150860305	0.215461135894763	9
0.0676366337451157	0.156436300256828	9
-0.0745930355484549	0.188111673994282	9
0.0233998084662533	0.0921522481534561	9
-0.122294663665957	0.358931346217302	9
0.00886652795175901	0.0180572543320559	9
0.0692298616256486	0.120286434242231	9
0.0962484241006848	0.312698494817072	9
-0.05493377962847	0.238829406989745	9
-0.108561204278992	0.559699201562685	9
0.0980624160901049	0.650893328769369	9
0.0647416961990161	0.265877744256782	9
0.0850740817364441	0.277534737583902	9
-0.0675628261993347	0.201078932822142	9
-0.0798488537898271	0.145465898578747	9
-0.0346255041806667	0.319808638911121	6
-0.0192513283131677	0.147239752005315	6
-0.0036332203045546	0.017917850900638	6
-0.0303711948368133	0.0929168805903399	6
-0.0595436047590356	0.171100758870176	6
-0.0404317515493011	0.100135261282282	6
-0.0877087914502267	0.217533519461303	6
0.0718015509270813	0.144486896347993	6
0.0785163639791202	0.158596756230491	6
0.120176728083397	0.408877264588223	6
0.0405727152259825	0.100063267908584	6
-0.0374599648105517	0.118944715964301	6
-0.032560684638246	0.0719972813612938	6
-0.00123908466289571	0.00254985486279911	6
0.0851918613083813	0.22564605573894	6
-0.120944327642037	0.341884434386576	6
0.0476178669106779	0.276965095583413	6
-0.113522377585442	0.86872064914591	6
0.119570258671681	0.912050277554947	6
0.0847290948801121	0.498652912744136	6
-0.0282711834681287	0.0765148036776022	6
-0.108530396128383	0.306890159675888	6
0.0370359003196598	0.152015256771791	6
0.00726940297019827	0.0246929141374656	6
-0.0661662530042834	0.255480202105732	8
0.10158564954716	0.235829536465756	5
-0.0220659710516212	0.0540434841387314	5
0.120347225424081	0.337524208794178	5
0.0970165810792703	0.1714278244965	8
-0.114267910660892	0.200636483204683	8
0.0433611991050299	0.0518595415184788	8
0.116956482124405	0.439322935810978	9
0.0127508561587237	0.0591565584751866	8
-0.00567350445595823	0.0217804202868091	8
0.0526738350447151	0.209508542554117	8
-0.0742883721877128	0.231625872255333	8
-0.114681099786535	0.362144306151689	8
-0.0260307825770619	0.0405493017939106	9
-0.110090019978165	0.264618212443207	9
-0.0161761969383218	0.035746747402986	9
-0.0333724397978663	0.134055336581232	9
-0.0146286794307746	0.0521887124375189	9
0.0429397864406793	0.104019748341518	9
-0.0382604979841428	0.0462937911994463	9
0.101600013782194	0.301114297641175	9
-0.0408383621880753	0.158186163175343	9
-0.0296882563003068	0.109407629484866	9
-0.0940119489451989	0.568953643742288	9
-0.0981224095559743	0.410831660282931	9
0.0456484673033989	0.0724133784900346	9
-0.106680381037648	0.364711481899878	9
-0.00506374221880505	0.0374393630429245	6
-0.00815394751289523	0.0574043443682499	6
-0.0173527392667758	0.0898901560296232	6
0.0292533866885032	0.149964057997317	6
0.0929448541858799	0.662719299515245	6
-0.0282615006426341	0.133085776578757	6
0.0659961229032838	0.321018516110323	6
-0.0535505528462224	0.206210740378814	6
-0.0355060318621233	0.11267615159494	6
0.0987290448333471	0.286455828968407	6
-0.0718709508109612	0.283200027955699	6
-0.0574118412475791	0.20832213277431	6
-0.0103283152935281	0.0421089723039626	6
-0.0131688076649014	0.040016431119273	6
0.0449231894319091	0.151302619510681	6
0.106600877855319	0.40729474981487	6
-0.0332622412296691	0.0993739620035912	6
0.026580391720278	0.123842254932333	6
0.0306929351295518	0.166036008581936	6
0.089500843803489	0.62327793458687	6
-0.116435690746297	0.793424437426303	6
-0.063592788025175	0.264505956644828	6
-0.107333428432662	0.423714493249379	6
0.0723612638497221	0.410548127019828	6
-0.0231782502211933	0.100210596742233	6
0.0849857080664473	0.474584693958628	6
0.0268387185837012	0.0801606493793857	6
0.0702712820871485	0.179969484155996	8
-0.0117094341992196	0.0305493596733611	8
0.104206462439613	0.356835811752477	5
-0.091191888793855	0.273182304862456	8
0.0872025314104638	0.308374538070657	5
-0.0168146824365918	0.0380433770912655	8
0.00824666799949823	0.0149188581706415	8
-0.0484876753897061	0.1354180455964	8
0.105104336488355	0.308754672103306	8
-0.0604218081291462	0.124198765304797	8
0.000599203051999783	0.00198683411721847	9
0.0333749829426331	0.167213318584779	9
-0.0609304597910615	0.367317923097692	8
0.121293483187287	0.804572897029151	8
-0.0273483287927856	0.110101640857527	8
0.123795201586875	0.560498781062584	9
0.0560490211445286	0.200684560270773	9
0.11280373413211	0.534064324969462	9
-0.122154213372232	0.33693291129135	9
-0.0916737187083989	0.285247908065518	9
0.105929207861841	0.411262323824255	9
0.0195375415184771	0.0839378972587239	9
0.0173925701246303	0.0714258287644832	9
0.0765695730635702	0.272854348242942	9
-0.098257738950774	0.316249787201582	9
-0.100065987771037	0.414311256412115	9
-0.07171433992821	0.345930217238805	9
0.0591452238171433	0.246259868054497	9
-0.093109774775749	0.565839048165731	9
0.0821408279830086	0.382855084581469	9
0.0819696306758816	0.185218726314634	9
-0.085573844749142	0.219662565855381	9
0.111015351632574	0.442728156239052	9
0.0528017117201874	0.172462133688619	9
0.0871464803425932	0.322998926263221	9
0.0240736614188233	0.0700469647616108	9
0.10053990864539	0.195841874726307	9
0.0166236047046839	0.139340140521614	6
0.016841932016042	0.127336274585889	6
0.0644448578279927	0.552290699328049	6
0.042584949866662	0.30326110968943	6
0.00818359547913647	0.042948978238219	6
0.0688429170635992	0.477139222151384	6
-0.0145269464000547	0.0711647398184377	6
-0.0311479131267151	0.167552498183947	6
0.00858780173441416	0.0381276918852407	6
-0.00793019041239676	0.0327974983797641	6
0.0138147174374911	0.0704182945385639	6
0.037362842662751	0.128749799756866	6
0.0897485772438721	0.596648343303092	6
-0.113406803861281	0.786960242301184	6
0.0256730984853825	0.137882642843407	6
0.0529189834923872	0.264585171810758	6
0.0521834340452698	0.272322277480243	6
-0.0286414014656568	0.128287553838788	6
-0.0494816568773881	0.212611687894612	6
0.0316246361374453	0.161097835056665	6
-0.0098998237959882	0.0450120223304757	6
-0.0630297016936503	0.304824580837653	6
-0.0592588260937032	0.307002115732156	6
0.0161460474877102	0.0764699291135036	6
-0.0845946675280178	0.48556650774023	6
-0.0678292173512069	0.334150142426002	6
-0.0907887809998119	0.644283975109718	6
0.0377686514344488	0.204981741958051	6
0.0250018424999215	0.128815044993017	6
0.0822056913849388	0.236108555206305	6
-0.0894266090680598	0.566696889149403	8
0.0472171032530866	0.152942497863569	8
-0.0867109779516709	0.450535034055947	8
-0.0851487382083594	0.35596186241657	8
0.124264285026787	0.899157430165758	5
-0.122411669113686	0.780874931526148	8
0.0558369913557302	0.20976245479423	8
-0.0111204137991309	0.0376190063813563	8
0.119388435640821	0.678141934851832	8
-0.0720249190218593	0.27751825306005	8
-0.0266275297764498	0.0704885729946383	8
0.0122788766803093	0.0333242565272526	9
0.049425490659461	0.262168845478982	9
-0.0147042389141909	0.0694240919354473	8
-0.04968980770839	0.265681740681119	8
0.0794112984154069	0.44459013652454	9
0.0973363178147036	0.496894326267654	9
0.026749289703028	0.112950378209312	9
0.0131616676319171	0.0562400469075226	9
-0.117449948442717	0.790626914718241	9
-0.067265051482641	0.217536870238163	9
0.108666339201676	0.47889054984418	9
-0.018650898156473	0.0757085758733191	9
-0.0338985272109687	0.178845119948825	9
-0.00235613197160435	0.0107056486302315	9
-0.109894353437002	0.566528938631993	9
-0.0122121177296241	0.045049211504573	9
-0.0742211711319436	0.317512649312691	9
-0.116512535578514	0.526981937175311	9
-0.115356629119806	0.339527386630808	9
0.0170547873258361	0.0405721557612699	9
0.0345266021006389	0.152447761009279	9
0.102010777921176	0.590230303191456	9
0.0499446614806305	0.205659479504468	9
-0.0350804630739847	0.156319092783109	9
0.0814883002958734	0.247211456345252	9
-0.0829253786746687	0.376960111006404	9
-0.0617594344411058	0.235855245546862	9
-0.10685761795438	0.47446425276893	9
0.00296954654489991	0.00504116256532184	9
-0.0160673425935149	0.13483044402699	6
-0.00273673826006196	0.0197068502317069	6
0.0491820494439929	0.440017186415179	6
-0.00814019747121069	0.0495703458204571	6
0.0426970907112533	0.311262626870242	6
-0.021435036347352	0.126333583872133	6
0.0748566475818407	0.539632394108548	6
-0.022612676173642	0.125504993600289	6
0.109485730348836	0.919182494861084	6
-0.0121254046574989	0.0608689108171329	6
-0.0384362135209077	0.223415072312575	6
0.00966872664393608	0.0483252995718668	6
-0.0324025021564227	0.175238656762035	6
0.0694140068733632	0.455545750154961	6
0.0146394479857158	0.0669371959419358	6
0.013110807751175	0.063761511866084	6
0.115439635201698	0.889867808914837	6
-0.0940392199747981	0.665615030773517	6
0.0716193115630087	0.454775393859689	6
-0.0562218115848858	0.284217648797488	6
-0.0960127699866853	0.209394714755926	6
-0.0852160191754889	0.241206383998151	6
0.0483123536448334	0.273682402181852	6
0.00955087262523822	0.0452404805233625	6
0.0694383327915486	0.302230019793522	6
0.0332489997510896	0.167242481851816	6
0.0830793623407953	0.52797050640013	6
-0.0281476107244294	0.142481905969358	8
-0.0208363887167309	0.0980097366954441	8
0.0496845664954588	0.256949155832422	8
0.0595823941839332	0.354349333112246	8
0.0360104376813899	0.185659610898794	8
-0.00445024142201252	0.0191184101708818	8
-0.0271302157044627	0.138742810698146	8
0.0957172104302444	0.682760556090935	8
-0.0451756415172694	0.250979199608189	8
0.0549088751719193	0.327534001551215	8
0.0534560998052092	0.297857879127117	8
-0.0298853937696531	0.152976417187142	8
0.0503406569967968	0.296437208300468	9
0.0839193879967237	0.567669726113011	9
0.0503764746650015	0.253499654313504	9
0.121184183176911	0.442294361371537	9
0.0117535968249526	0.0322186152050635	8
0.0263494385877414	0.108543696944558	9
0.0345288506142047	0.151212804363518	9
-0.0285765154943927	0.115611941325939	9
-0.0569267366481258	0.253175485540928	9
0.0913796023815164	0.582812054593375	9
0.0622883528765173	0.34648207248624	9
0.00092765492492731	0.00370265274079043	9
-0.0119259215351578	0.0365775667114924	9
-0.0463122607540978	0.166700415629671	9
0.0664556680768736	0.361022791740631	9
0.0366881711543084	0.173632417270164	9
-0.0228454931495324	0.0769903740429629	9
0.00794611562467325	0.0337025997300656	9
-0.0450661865010853	0.221335608945447	9
0.0921319237428212	0.584180397623613	9
-0.104065278808743	0.355566835468935	9
-0.111485487889134	0.70224086515892	9
-0.057260161359697	0.257290091154334	9
0.00571551775290643	0.0175961658344554	9
0.0190652221817228	0.0678796714716727	9
0.0996725858898675	0.349232008619838	9
0.00747777772439288	0.0126024371841456	9
0.0108601685786175	0.0869695107040452	6
0.0344837106692439	0.308908442897072	6
0.0342244243148352	0.282113315471806	6
-0.029806565151966	0.22156588362974	6
-0.0392069015169329	0.273398633380183	6
0.0209104153952749	0.117847533461327	6
-0.082230858715737	0.629250084729605	6
-0.0688675782162909	0.476827624363134	6
0.119381896025989	0.975652698273445	6
-0.113176680141227	0.914710042859592	6
-0.0209066994820055	0.112282781411349	6
-0.0724878190968669	0.47863300440769	6
-0.00153749152202569	0.00716435151769837	6
-0.0438002761049483	0.249432530958112	6
0.05849435913251	0.339631685685462	6
0.0594524529778225	0.351318709774035	6
0.069567113658741	0.323548036794618	6
0.0215143188565133	0.0593570513880069	6
0.0303168285049098	0.0836154794718862	6
0.0775955784148541	0.474175519828382	6
-0.0523963189169987	0.295736744578494	8
-0.0698220257888811	0.306971181488382	8
-0.00663621134513951	0.0238113388396939	8
-0.0308540986052097	0.154174888942919	8
-0.0836294807166594	0.560871200627434	8
-0.104533558343349	0.736496065552305	8
0.0389519152190045	0.190383881412301	8
0.0892400183358026	0.611417141543787	8
0.082036352027832	0.498808074045718	8
-0.0457486260387176	0.230074198854491	8
0.0660614058338012	0.349761343831675	8
0.0200308269842979	0.0995189130983988	8
0.00148077800902367	0.00688655982520986	8
0.00712097504606714	0.03211856047725	8
0.0670112422273371	0.426140075197325	8
0.0914189890522135	0.606579676703694	8
0.00925266883177305	0.0442118289388531	8
-0.0480676912858576	0.271248692397022	8
-0.00830600088950481	0.039076417301807	8
-0.0629849688595244	0.150028946628223	8
-0.023368860425322	0.0602340356240144	8
-0.00171864721666774	0.00459488631000582	8
0.0517654873396267	0.203370145659592	9
-0.0346436433617123	0.13338484317486	9
0.047014635783118	0.188498348273071	9
-0.0637173159077844	0.371899682428648	9
-0.0728430041033335	0.415396787328743	9
0.015318865035207	0.0622788183570019	9
0.0847160694918145	0.301149509675917	9
-0.0499187662105127	0.160123155107064	9
0.0653962138486909	0.318261992220741	9
-0.0755704921034652	0.393565677230294	9
-0.0262808251427874	0.0870760900455888	9
0.117200060482445	0.652182152624342	9
0.0388954217832818	0.199431597006206	9
0.0217095986591862	0.105660051770498	9
0.0749274518640272	0.449456953488222	9
-0.0676545364921234	0.286814573834424	9
-0.0778156532726188	0.230799529103104	9
0.113512058143229	0.67653224890506	9
0.0438351122590793	0.182464033296589	9
-0.00446001014118699	0.0143213881588729	9
0.0353680845922955	0.0939408214232178	9
0.0739151141709537	0.220094761245041	9
-0.0137342533186545	0.113193549218487	6
0.000969378801047774	0.00694747042806504	6
-0.0126557396016159	0.0934588079268224	6
-0.00992921362380077	0.0601284831621253	6
0.0614905583434687	0.446816476417513	6
-0.00727646968408702	0.0381685357702537	6
-0.0666517286023652	0.452402852573297	6
-0.0540747416734473	0.346333612935534	6
-0.042685130432584	0.252469486809181	6
-0.0713832509622453	0.465030681588436	6
0.0505724234399154	0.305759794879484	6
0.00470927400935895	0.0224262523985657	6
-0.0403574650263	0.229044206831763	6
0.031501931295872	0.167065177431865	6
-0.0765010745313833	0.496294564672744	6
-0.116895023362218	0.908439743183464	6
0.0951915746808355	0.66595966166831	6
0.0104538660426674	0.0466116746347377	6
0.051877281237354	0.256831252263281	6
-0.0525829033696404	0.278689496859397	6
0.0920865631119018	0.56965147462575	6
-0.0363676049078553	0.171410260795313	8
0.0805567949760792	0.460969164191429	6
-0.101486840374114	0.662584337655955	8
0.0799117458367638	0.464796287890309	8
0.0584202237823579	0.323802391896001	8
0.101588335665624	0.680727653792888	8
-0.0390024807046279	0.203807440314229	8
0.0848711426849138	0.53457589232498	8
0.00825013049006338	0.0365072325787023	8
-0.0579099429397073	0.310918081910992	8
0.0139861690517449	0.0672955592757784	8
0.123524090716086	0.967516157394477	8
-0.00694014962526656	0.0322694762616344	8
0.0613930684011965	0.373736907110949	8
-0.085755203275404	0.546681174307152	8
-0.0618804644055671	0.357038277971941	8
-0.00762354306365919	0.0342642800305447	8
-0.0792148814732766	0.489896165419272	8
-0.108528001409119	0.715045557644689	8
0.0886969870533731	0.501028909423107	9
0.0269317849111366	0.0808395742713544	9
0.0757377111678884	0.28046639090197	9
0.0435159494454841	0.171706346093267	9
-0.0557662367440838	0.247737095394651	9
0.0724850514735486	0.348238811349021	9
0.0179081634124007	0.0802309341581007	9
-0.010531339734219	0.0466321418028856	9
0.121989045356427	0.726669016761791	9
0.0267812391137546	0.102683456243563	9
-0.00336031327941855	0.012778319536795	9
0.05315050804689	0.259405894341037	9
0.0786999051897994	0.420787373616279	9
0.088756372998081	0.539713318991607	9
-0.079213159711027	0.372248424614951	9
-0.00930377149131455	0.0257976057285305	9
-0.0152221586137056	0.056584836207185	9
0.081695150620585	0.369129505064349	9
0.0689284858287898	0.23849184183685	9
0.00833428465783192	0.0263576171838369	9
0.0170575941208434	0.0440137877413063	9
-0.00245015953857075	0.00625218206557553	9
0.0225457669654063	0.0365515955718013	9
0.020716972902138	0.179856871767821	6
0.0193526935813389	0.157958820870162	6
0.0216161570263179	0.158347039206212	6
-0.019016104315895	0.114065910117044	6
0.0334810240526101	0.213598687064092	6
0.101853507585142	0.847761103004167	6
0.0283779523108144	0.159002523969502	6
0.0488689545114973	0.299907953227685	6
0.0731105832305072	0.485538731514471	6
0.0305199790845531	0.168491673557654	6
0.0174457760590211	0.0863343918789052	6
0.0223123148502767	0.115036677868151	6
0.0662541826632804	0.415960576235586	6
0.0234044744842097	0.120536814581348	6
-0.111265913901819	0.817752398298536	6
-0.0000409423958553854	0.000178856522754511	6
-0.0846120309364496	0.418542128318089	6
-0.0838390886031727	0.299051810299413	6
-0.124684170651715	0.337227755045627	6
0.120017508679979	0.368735702197898	6
-0.0705590821727764	0.227079612105666	6
0.0698351617326016	0.400484621859695	6
-0.0653991249513502	0.385581880712033	6
0.0835570921683837	0.451693051475876	6
0.0484640170529236	0.22825268276759	6
-0.00112338493299145	0.00489439217182723	8
-0.0420147520483427	0.225664000082371	8
-0.0464643479747431	0.249999173853183	8
0.0857864848091488	0.533056316586688	8
0.0792460256338548	0.507040830659746	8
0.0561234169075179	0.318116209155581	8
-0.0529910372603257	0.294038896423331	8
0.0923324711167669	0.643648295477486	8
0.00981445959269582	0.0474736391371122	8
-0.0177539721264004	0.089794463591083	8
-0.0896658961249857	0.623691420380334	8
0.0437452952052573	0.240355082943334	8
-0.0955828840706989	0.68050137825761	8
-0.0385940226378107	0.207547042517048	8
-0.0486285280560832	0.278689167450952	8
-0.00329478608215628	0.0125998587443351	9
-0.0501064841490885	0.141652323213191	8
0.059716428807737	0.197345645232244	9
-0.0932889747892535	0.441480718756799	9
-0.0775212716609436	0.358921474573742	9
-0.088165104738251	0.428621385221216	9
-0.0770840421970545	0.377849461087893	9
0.10405604399399	0.665273311803038	9
-0.114098670911131	0.769221591342843	9
-0.0939060771803892	0.517135666683785	9
-0.0308018254290309	0.101130914102391	9
-0.0541115672161459	0.251160456964012	9
-0.0173912768232691	0.0703366819480085	9
-0.0325603509768169	0.113746128460132	9
-0.0419966052214934	0.165622563590017	9
-0.0892642676101509	0.532763393839742	9
-0.00647964288498108	0.0286191821720955	9
-0.0093795677504705	0.0314564536129964	9
-0.0824385763386082	0.264595938967388	9
0.122206106783163	0.441834046307218	9
-0.0992524347342309	0.288201943188776	9
-0.0414482295962628	0.162784766779553	9
0.0807015670156324	0.24215907883272	9
-0.0729776358948347	0.212625605679758	9
0.0142525363261472	0.020966156172157	9
0.011136184756269	0.08971662779362	6
0.0366072452747637	0.331151570261313	6
0.0279185163637252	0.193173022776175	6
0.0612307322367961	0.493100433711001	6
0.106541727540339	0.958251522568248	6
-0.104888622841436	0.864775949682462	6
-0.059430877299131	0.395955028889086	6
0.105786017517284	0.867531805447653	6
0.0288664727594633	0.159499425540431	6
0.0379335950356093	0.220968936002448	6
0.0501396447491748	0.306169366054281	6
-0.0188230681806545	0.0955173545138926	6
0.0722088247864186	0.48311808849229	6
0.000882891453535313	0.00409250471747348	6
-0.108960533973687	0.818602232049824	6
-0.015473384871449	0.0628641451246057	6
-0.105898030907078	0.390762579053364	6
-0.00383909159783263	0.00729505950603887	6
0.0221626405525865	0.056249896863222	6
0.0562378624574279	0.326944253263751	6
-0.0405120180268375	0.177110681434218	8
-0.115429839847175	0.697101960669741	8
-0.0162111610869323	0.0794439990676752	8
0.0801555039867542	0.541451297981729	8
-0.0859739321229917	0.570951790521301	8
-0.0399343608320068	0.213867751191836	8
0.00130330942945155	0.00546609896379571	8
-0.0653316851172487	0.41333368871861	8
0.101724927577356	0.726753358707923	8
-0.00883919975741873	0.041226303095262	8
0.0898226042463389	0.598508620994433	8
-0.0432980714061566	0.248104931733145	8
-0.0795917725335137	0.546367855925898	8
-0.0427777052001038	0.250676535459533	8
0.0165610551053064	0.0849808322563758	8
-0.0214388273548201	0.111373559951711	8
0.0714456318430251	0.446489240525128	8
-0.0612052317850509	0.375914240966587	8
0.0521358502262724	0.313007112773617	8
-0.0226131470399143	0.113641335216187	8
0.0716474632013429	0.387629254595912	9
-0.0636156040610446	0.208620869533216	8
0.0395569489993029	0.112896777704941	9
-0.0979410410274616	0.420155337178057	9
-0.0999659392031752	0.496169249947035	9
0.0959145267506928	0.510775841382712	9
-0.0185858067998866	0.0706294116165514	9
0.0408470255384307	0.172939318596955	9
-0.00290979240679137	0.0130507492972627	9
-0.0175445601925357	0.0828232870918014	9
-0.0244386536732589	0.1066807088151	9
0.035063151241596	0.12151888064421	9
0.0225087110268892	0.0998957432594213	9
0.00554986522850169	0.0222706498726146	9
0.109890583515266	0.533608887711852	9
-0.0989533609440832	0.669041988939968	9
-0.078856327219054	0.494156728795243	9
0.00848575248931751	0.0305950563852442	9
0.0520184613468507	0.1662740125188	9
-0.0958531422278733	0.312594126575804	9
-0.0509308102796912	0.13343642244158	9
-0.111567761378302	0.421957591732288	9
0.0324126451950411	0.142639223657414	9
-0.0174844809896647	0.0686201422511415	9
0.00861880737364591	0.0234628664086442	9
0.103373878902207	0.428392042821231	9
0.0961632411085461	0.303433062930197	9
0.0626867024667718	0.112992177736457	9
0.0431374351294682	0.437735302334225	6
0.0379887266857185	0.346243326761281	6
0.0249442681014508	0.202628318981625	6
0.0126910276904029	0.0850159785350353	6
-0.0351341424833748	0.220447937297939	6
0.0674876787445461	0.486779427374649	6
0.0482947485761413	0.314847102614557	6
-0.024905964143613	0.138301101297422	6
-0.023831119053067	0.130273539677032	6
-0.0593434884095062	0.367138948340108	6
0.0244871695487205	0.131636786397715	6
0.00574203091503563	0.0279848160861989	6
-0.0801944862519767	0.532732864354631	6
0.0322173908070907	0.176859364000084	6
-0.0260621583827155	0.139394347896359	6
0.0256443887296453	0.11013003062427	6
0.0140692594931888	0.0364983486357815	6
0.0778537563630728	0.503218484975762	6
-0.108811039619678	0.545843155573908	8
-0.0234512599465583	0.0924214035553186	8
0.00903547487678454	0.0355168849084158	8
0.0166081112664922	0.0827516313547893	8
0.0149862431242163	0.0758834192445747	8
-0.0241574777844572	0.12780680075062	8
0.0538462499545222	0.314182392852687	8
-0.0635054525182054	0.356868461786799	8
-0.0556807988317748	0.345240201598078	8
0.0129684539368628	0.06325105501301	8
0.00274682572352049	0.0124493980327488	8
0.0338376327071448	0.174991950301278	8
-0.0506013672714085	0.303774905919414	8
0.108731130165324	0.856697711285998	8
0.123399253518437	1.05700259174418	8
-0.0178891261295807	0.0935216605497646	8
-0.031811007858462	0.169413669588017	8
0.112493717225707	0.889147835507664	8
0.0190913988123475	0.0946934598410482	8
-0.0554735898593045	0.342784500479326	8
-0.0637824873657559	0.404592804233256	8
0.0895757277489854	0.51794984032941	9
-0.0836762726278002	0.261137833253663	8
0.0797241598962151	0.198943677807498	9
-0.0689778286630423	0.23888798927692	9
0.0481898931138023	0.18980720871272	9
-0.0151873693281339	0.056520533431045	9
0.0575625205033868	0.250889233894583	9
0.0459688221431463	0.250606892384911	9
0.0457493627663687	0.253658881734935	9
0.0242942227927161	0.106721811747761	9
0.00992636096957759	0.029413980840986	9
0.0280227803132348	0.0887791491930564	9
0.0899999414135856	0.534996050716488	9
0.0593142362405214	0.309111010522649	9
0.0973614277982936	0.443046134434482	9
0.0244196543791332	0.0999194715140362	9
0.0306103196515294	0.160144371577209	9
0.0423408804485032	0.237890347346781	9
-0.0631934327432159	0.378094123209779	9
0.0573053403370439	0.18081393960561	9
-0.0465217100947199	0.209938069134049	9
0.00365757982409565	0.00997580306345836	9
-0.0616293113761726	0.183982733801551	9
0.0193668073181495	0.0537407034804441	9
0.00649673117629326	0.0502905116075261	6
0.032518078912073	0.28922708594591	6
0.0559767067916803	0.49733048386716	6
0.0206238574279767	0.122472610522797	6
0.0192536925559721	0.108092642689956	6
-0.0636363992910948	0.444912608042195	6
-0.0430964829632068	0.263893406043329	6
0.0664423723904438	0.456032095650476	6
-0.067235122640793	0.434491058209445	6
0.108837491123438	0.854562248664861	6
0.0306601171347717	0.170404369683159	6
0.045394427827404	0.273072322303504	6
0.0592725485371111	0.365260698838345	6
-0.0345912798800357	0.188421478374689	6
0.0253201686182312	0.11180755006191	6
-0.0438865247796699	0.15158499311622	6
0.0303444489506281	0.073690249452267	6
0.0350860073785455	0.113368903667858	6
0.00454546021602997	0.0208664179781948	6
-0.0517640668737169	0.300628038329905	8
-0.0570213426494768	0.286125104639555	8
-0.0678294524906619	0.350133754026805	8
0.115589727403351	0.858745938391277	8
0.00661518482739074	0.0318472960214715	8
0.0482802321721544	0.269235222318602	8
-0.0149811484812766	0.0716361087157621	8
0.00790619151876865	0.0357496453827042	8
-0.0525429147064423	0.317317967233222	8
-0.0767158682767145	0.511849634463465	8
-0.00139453358145363	0.00630015462486976	8
0.0337960894706611	0.180439253027234	8
0.00175556661063188	0.00828909034732078	8
-0.0541726982781224	0.326189149028903	8
0.112211508942254	0.839739545985667	8
0.0369983117063705	0.204185210772655	8
0.0857591993074066	0.562847126502183	8
-0.0794056336652308	0.513625954728517	8
-0.0661503143573974	0.410633520535714	8
-0.0216343780097718	0.107560532060725	9
0.0363609600663061	0.167950521390594	9
-0.0550903331752096	0.159269926881766	8
0.0535789504013917	0.16760325114953	9
-0.00231798592634289	0.00728223999325859	9
-0.070253121365265	0.313227838129802	9
-0.0277993437257308	0.107838130029531	9
-0.102249700142535	0.555078304830378	9
-0.0345065753643652	0.13868478935025	9
0.0645013522921102	0.374721703796786	9
-0.00111530492641014	0.00489284031027443	9
0.116294150683706	0.716975051042177	9
0.102150161813092	0.610207205894221	9
0.1167957736099	0.724297961292208	9
-0.0610072427065724	0.277520757665946	9
0.0609558116930158	0.327885274384897	9
-0.0776398841166321	0.460000918136352	9
0.0285168324296188	0.138232532554657	9
0.00302416632706992	0.0107710591920349	9
-0.0511430632110764	0.131193868453665	9
0.0632115069683117	0.215813457625654	9
-0.0192220467039194	0.077258273637743	9
-0.00742761842105152	0.0213058577281008	9
0.0536037781229511	0.190353778245279	9
0.035205388774422	0.0923052705904877	9
-0.0411006393452568	0.0763474847591591	9
0.0140587098850159	0.115655829999299	6
-0.00596089898701297	0.0430965255088709	6
0.024567801142969	0.169761115869947	6
0.0412798189575089	0.278602518208476	6
-0.0127200521281128	0.0717275017977853	6
0.0308425142282437	0.18338080231147	6
-0.0140044846711243	0.0749015413685825	6
-0.0629578792354833	0.40776842034337	6
-0.0429919138937989	0.261207587219642	6
0.049079215656545	0.303669792298788	6
0.0207031717775266	0.110132379269114	6
-0.103030769205258	0.786123431596901	6
0.0316709218537551	0.17765622541493	6
-0.0729015943345141	0.412595925922816	6
0.026518306998426	0.0796777864154066	6
-0.00769099905169994	0.0213175380121632	6
-0.0706819503022552	0.449140864378166	8
-0.0244213106236353	0.128905008800944	8
-0.0319680169533855	0.136386085157002	8
0.0210623550841397	0.0895057627509247	8
-0.0728098926108068	0.398281707976269	8
0.0383685433391545	0.216177712332219	8
0.0567157447055589	0.355992944175072	8
0.0581232822191182	0.36009792162132	8
0.0102577959648937	0.0491122669064678	8
0.0703480623719492	0.424828653174989	8
0.00286586450565167	0.0138206546890574	8
0.0773935234851542	0.514516137574353	8
-0.0280509106166741	0.147493573412109	8
0.0141427510857952	0.0678950471267686	8
-0.00945189718412049	0.0454892888032409	8
0.0018499372165075	0.00887633815256472	8
0.0315465321188854	0.175776584763878	8
0.0151494558752061	0.0746914091417952	8
-0.0664609724833816	0.429500383711096	8
0.00726627960633851	0.0337868115327422	8
0.0453979702448622	0.267228793263191	9
0.00682722007256243	0.0325255278373507	9
-0.0159708563772813	0.0673103379541561	9
-0.120142242862146	0.424699328753662	8
0.0480327918764312	0.122897006611962	9
0.0830037202296565	0.265599228067844	9
0.00389951647956174	0.0137983338868164	9
-0.0431837719934346	0.176294033450517	9
0.0329888799002064	0.138380737631602	9
-0.0402938704051644	0.171368725428138	9
-0.0622131690539042	0.374771437804413	9
0.113353315792863	0.823663711048321	9
0.032635906561476	0.150155274760593	9
-0.10859307339701	0.440821003048783	9
-0.0142800356962157	0.0433431574477701	9
0.0567755409026047	0.304045135407393	9
-0.102478346526843	0.682743595000798	9
-0.110615139825863	0.534272610196981	9
-0.0210831742400597	0.088721134500805	9
-0.0694864826979945	0.426312348414072	9
-0.0767804344187196	0.483616447330016	9
0.0270165181443007	0.13643536257514	9
-0.0125423335746736	0.0477346551823193	9
-0.0415136032579031	0.122232408353996	9
-0.0154850895000281	0.0336856249524854	9
0.0126153783195949	0.0365713907903903	9
-0.0354293251734838	0.159601631833953	9
-0.0778788607293186	0.384565618423854	9
0.111792162552529	0.38605606964866	9
-0.0759407934840992	0.138785780132428	9
0.0118680537635	0.0956903451667858	6
0.0195612171560281	0.1565373262057	6
0.012354129242953	0.083542574952646	6
0.0143946275996962	0.0927836204481627	6
-0.00378959999167374	0.0204587855532471	6
-0.086941947716298	0.692163332267816	6
0.0481231387501702	0.300694803111946	6
-0.0417937074440532	0.260070888958408	6
0.0235779166597876	0.130043968738591	6
0.04300188804851	0.253301053371987	6
0.112737791875632	0.931722727157423	6
-0.0000410889556419696	0.000186375047526609	6
0.00549148288766656	0.0169936308143484	6
-0.0923396317101574	0.217844230288502	6
-0.00470122222053927	0.011755144825698	6
0.0829710787899522	0.303435843031796	6
-0.00464246271927969	0.0223034569461607	6
-0.0212772131881289	0.112876191796844	8
-0.00642965103937633	0.0237529307335122	8
-0.0329859068743467	0.149289550781662	8
-0.0282909013246397	0.130951474333352	8
-0.0725029702512226	0.490641422206151	8
0.0720995585040741	0.49811889517657	8
0.0682672333403375	0.455307498770253	8
0.0117044198101428	0.0576445951315595	8
-0.053492584208815	0.313079970705896	8
-0.0223402850547499	0.119268878521816	8
-0.0461574366071327	0.267086805167601	8
0.0452210435308032	0.23996404530848	8
0.0190096231883557	0.0989261202181122	8
0.0724777125061511	0.492897541592123	8
-0.0397091381181699	0.237615998493957	8
0.0029135212035861	0.0141258334924249	8
0.112038757334151	0.858379332676438	8
0.0156645357897973	0.0798859304099416	8
-0.0809253517302196	0.537085471248245	8
0.0348259711812706	0.195191012857653	9
0.0296607271374749	0.164839353345018	9
0.116910278543605	0.934682403389061	9
0.0612980107729093	0.334730304306594	9
-0.00959981670716696	0.022156225519445	9
-0.116904422521922	0.383906434280798	9
0.0477095550432922	0.198016007991289	9
-0.0476482986284098	0.200348010662057	9
-0.0299964384177376	0.118130317005569	9
-0.0517403209350902	0.233263482214236	9
0.0054978291462089	0.0256636973389172	9
-0.0989428016087891	0.654216089221879	9
-0.0135472159065025	0.0624685979487122	9
0.0427719162368472	0.150667266626759	9
-0.0113854425293954	0.0522789080210193	9
0.0463384250374636	0.250697746184953	9
-0.109032748692186	0.64756463198892	9
0.0281170543791731	0.147270650239817	9
-0.0191111107718732	0.097394509336398	9
-0.108400492067832	0.793393698012765	9
-0.0994261182202267	0.551485580602912	9
0.0950466141057937	0.364419983531713	9
0.0957168128851126	0.248955461869983	9
-0.0198436590409165	0.0591790826219557	9
-0.0218025455750314	0.0988579496645699	9
0.108761102731202	0.682774137405575	9
-0.00970331890678421	0.0260150608771076	9
0.0214531711595914	0.188366277072308	6
0.000452159738367564	0.00315806771555773	6
0.00544504633070066	0.0342379583852727	6
-0.018513834387367	0.130143970668358	6
0.0415644085714858	0.293298257679565	6
0.0162664168359737	0.0995959649231024	6
0.0602181569860625	0.430545441646974	6
0.0668234189482375	0.475509539507855	6
0.0222076578896808	0.123074123590319	6
0.0952236847427735	0.737401020493152	6
-0.0453921962834083	0.273912610944703	6
0.106722019641866	0.719474737518007	6
-0.0877665498205333	0.33420629231277	6
0.0141323315163275	0.0462416989474165	6
0.0349761509376803	0.14310766326138	6
-0.0131712640124708	0.0678895357066805	6
-0.000329077147742743	0.00157718685168571	6
-0.0393826728648194	0.223742395733124	8
0.0469708406416956	0.278432321186841	6
-0.0338097724152692	0.193817504684314	8
-0.0150789546848288	0.0781710077879713	8
-0.0643706731742108	0.379482177278768	8
-0.01949909598112	0.0991243173178397	8
-0.087936068344454	0.62970809355453	8
0.0277905249840878	0.153283546116637	8
-0.0955288018363099	0.679567772975153	8
-0.0793029047794962	0.526505207226918	8
-0.101998790197414	0.74994212728243	8
0.0902365472164332	0.652118918707074	8
-0.0396810582050318	0.228348514216328	8
0.0141625423903513	0.0709202635220352	8
-0.078005384295157	0.514124380829539	8
-0.0461602559043678	0.269237175068029	8
-0.0557205837052953	0.344053941416582	8
-0.0453044445943073	0.257474905579848	8
0.0420081584169952	0.245171644983984	8
-0.0697476465855515	0.400554553610596	8
0.0869324710977688	0.552115399545858	9
-0.0178858051427572	0.0901106664038437	8
-0.110046111887217	0.596319414896462	8
0.111921109307674	0.536088454393847	9
0.0838141236400434	0.380238987907064	9
-0.0415988998859487	0.161279173984063	8
0.0719977934375925	0.34320519748189	9
0.0277440877038036	0.132197101916138	9
-0.0198494728351389	0.0970093180861846	9
0.115826978920213	0.683998849678767	9
0.071616134395648	0.402239997169535	9
0.0691888507455191	0.433006305788728	9
-0.0283543073170286	0.137968056838983	9
-0.0572379372177468	0.306792434909335	9
0.0270568090661941	0.136526980748271	9
0.0471229972196564	0.263112812452903	9
-0.00605536373813768	0.0255872036605426	9
0.0175491933582206	0.0825257926442202	9
-0.0775023147877577	0.364363562922423	9
-0.0829686028911994	0.419089593433375	9
0.0308437888186393	0.147561847470206	9
-0.110380595916693	0.64874216468504	9
-0.0491180046819984	0.184741842569451	9
-0.0363431122945641	0.155805505511844	9
0.01457143564842	0.0473151603156985	9
0.0231622192870468	0.0853356543165236	9
-0.000984176457911573	0.00334277825430681	9
-0.0775774870408091	0.355088562294665	9
0.1224454474407	0.556236424521845	9
-0.0999042250226074	0.398979052916576	9
0.0197268617249051	0.169552724142567	6
0.00162588419096334	0.011592747133636	6
0.0221984074359624	0.176093349830839	6
0.0574282876887875	0.4837068611342	6
0.029146808895145	0.182410770706468	6
0.0364702525513699	0.231518891302167	6
0.023067551937759	0.128736905685218	6
-0.00150324121662536	0.00753451579942144	6
-0.0133071089359049	0.0696543200980609	6
-0.0726367536668279	0.480487000802689	6
0.0807953225627505	0.417465962144908	6
0.114794625733253	0.373652851440103	6
0.0364704313861885	0.20931062063918	6
0.00997519470187932	0.050412396876357	6
0.0621081060969377	0.360120212360814	6
0.0631324188426914	0.382407189301306	6
-0.0275753959073223	0.151779136817417	8
0.0206890323504539	0.108646710204462	8
0.00579670344746608	0.0281269093206728	8
-0.0249829077326977	0.131504437538359	8
0.12041245057075	0.96257710395642	8
-0.0337975188362432	0.191170204496959	8
0.00439720980377661	0.020817038238728	8
-0.0553591322610614	0.335698878977399	8
0.047380599605598	0.275455610823546	8
-0.0212564679479773	0.111959293417012	8
0.0385549070521508	0.224203143362745	8
0.000237086577000341	0.00111873664059932	8
0.0329553598715634	0.184369076828346	8
0.0141960098233414	0.0716526732795724	8
-0.021587968832851	0.112944093658319	8
-0.0676704610170983	0.433959129992421	8
0.083344631862092	0.556864229050409	8
-0.108063807040529	0.79837345386895	8
-0.0942345605513615	0.664701468810099	8
-0.0203029933825542	0.0627225399178007	8
-0.0379745862906127	0.127340738230085	8
-0.0486615144763704	0.22684026602483	9
-0.0773032811020854	0.410957154410235	9
-0.0512560357791866	0.276364591664263	9
-0.018262630854721	0.0837676339213921	9
0.050237362868106	0.264525308669175	9
-0.059180922889481	0.250448582203545	9
0.0192790703806456	0.0711545780090193	9
0.0110076741925532	0.0504958320564052	9
0.060954604713243	0.290283722960215	9
-0.0259246065812354	0.120503604659318	9
-0.104417102879972	0.688272695013454	9
0.0444987034222026	0.235466994273402	9
-0.0141951089531516	0.0600429303798781	9
0.0694263785475888	0.272948304845218	9
0.0227270994226831	0.057930217945343	9
0.0901510600270623	0.370119727271192	9
-0.0135370867881819	0.0536291208614189	9
-0.0155609488081993	0.0580832433460711	9
-0.030388521995832	0.102151864352438	9
0.0655594124827927	0.279176327189474	9
0.0184969527227933	0.0529448496892831	9
-0.0983439541958641	0.357139583959376	9
-0.0178504001730986	0.0289646958705517	9
-0.000804856858820947	0.00594909266477795	6
0.0121530578080824	0.0912622471336712	6
0.0337903908584063	0.259435307520445	6
-0.0324697030982781	0.195486101287061	6
-0.0519055659364944	0.355643772430623	6
0.00981307805072713	0.0518513968771089	6
0.101495557679274	0.832898061372151	6
-0.00838293918308714	0.0430419757207198	6
0.0312884866991403	0.182374670427568	6
-0.0353820103321405	0.189073863437281	6
-0.022400237023335	0.0758947507445369	6
-0.0169246932004607	0.0407346024688484	6
-0.106505552320983	0.387494217121794	6
0.0223947825812227	0.118125947569479	6
0.00682130228937002	0.0334147333319983	6
-0.0138518133715518	0.0475221598997503	6
-0.0582474399945693	0.281262104599781	6
0.0398996700809307	0.183112520888354	6
-0.00693639965088831	0.0341196340943971	8
0.00941061322690432	0.0486717473867633	8
-0.00620348239255429	0.0303488081698646	8
0.0318277369664475	0.172909414626085	8
0.0583407497769065	0.330139312420928	8
0.0788462518348763	0.555971238367399	8
0.0184363561246027	0.0924209377506409	8
0.124106857292799	0.982629901141216	8
-0.011104903964849	0.0489025298828605	8
0.00793863768001506	0.0380534904238145	8
0.020832810488524	0.114032156247	8
-0.100184136843885	0.764669221931456	8
0.0822550846514626	0.562793756322258	8
-0.0411261551318867	0.236903728917543	8
0.00465988519233049	0.0214852765338046	8
-0.0105469150741496	0.0517717102637007	8
0.0660078345849522	0.438524924506506	9
0.106019401998216	0.804346545209686	9
0.0401425561425908	0.193055083799816	9
-0.0261745980535204	0.0650820843635993	8
-0.0337424495299047	0.0758167362264934	8
0.0447844821037392	0.118025986953977	8
-0.031534000839972	0.097448741355839	8
0.0893083615605447	0.405091451343426	9
-0.0137462577353439	0.0470695943642955	9
0.0604888961428083	0.245848619974685	9
0.0115138840809802	0.0401163933146813	9
0.00132258140904891	0.00614084201340787	9
-0.050657773888125	0.285734883469133	9
-0.0320247707089511	0.151731518705763	9
-0.0739696947698179	0.249344867186126	9
-0.02662146510381	0.12758075710095	9
-0.0334132231837462	0.158330610456621	9
-0.0107123471114491	0.0429105442492093	9
-0.053719043989583	0.316188131674577	9
-0.0113998838252038	0.0557832232116271	9
-0.0485093673835121	0.275622147651224	9
-0.022757097818127	0.0886878962967149	9
-0.0936636407956011	0.3252420913026	9
-0.010874274466586	0.0266703529145413	9
-0.0978337324260308	0.340316464025845	9
0.0176109606230995	0.084046412107169	9
0.0175013934487748	0.0739150166562467	9
0.0118379876931444	0.0194574230533351	9
0.0179123969038464	0.152258017953826	6
0.0260975160389832	0.224071367932983	6
0.0130274493242744	0.0914400386592656	6
0.0126084412044129	0.0783429433272411	6
-0.0511415953866985	0.358523680950061	6
-0.0337908662890873	0.208397323806948	6
0.0443276003279824	0.281297566771525	6
0.00326116372161948	0.016348194262385	6
-0.058379819861309	0.371295772505146	6
0.0136079729585503	0.0607434709886406	6
-0.0388091051712084	0.124133663823803	6
-0.0674132800529305	0.272452232222906	6
0.0555012604349393	0.245291446178434	6
-0.00962454672514319	0.0474402827338827	6
0.0126936540908278	0.0640008424500271	6
0.00455334626120505	0.0214504613524841	6
-0.0137206883493174	0.0679056961413734	6
0.0360407305954509	0.203474567218754	6
-0.0206382719530625	0.110146713936308	8
0.0620763220832346	0.385354475192982	8
-0.0324261488152881	0.176867002059927	8
0.0964782756234517	0.717406943631892	8
0.107622239683502	0.836315870364741	8
0.0556769957299365	0.34663728761058	8
-0.0735545560233098	0.482015415391408	8
-0.0171071365987068	0.0850453074108026	8
-0.0865972732658096	0.604488077157466	8
-0.0315345927947411	0.174670459228734	8
0.0256719450772005	0.137184110228593	8
-0.017187691847434	0.0865657450172445	8
0.124540753392555	1.0004253795182	8
-0.0197700837917725	0.100967797434288	8
0.0918695372778002	0.657281894099449	8
-0.0578696497080178	0.347900930433333	8
0.0621677117543646	0.358694957464032	9
0.0311665183612909	0.153592085281246	9
-0.0885394145754849	0.593126628726273	8
-0.11033407657668	0.559552994221926	8
-0.0839902727519208	0.334651300015138	8
-0.00205904912592347	0.00664139617812661	8
-0.0765601908276985	0.32846010695126	8
0.0983109782587286	0.503621553157486	9
0.0218302759930694	0.0934884826156394	9
0.082796017686157	0.48277162847547	9
0.0141495772130636	0.0646933236391353	9
0.0193841315062362	0.0877548467393208	9
-0.0171736609690015	0.0786178681413214	9
-0.0311074633602533	0.148356659123492	9
0.0717404522410191	0.348837589863548	9
0.0808583217151657	0.431481756039146	9
0.00213425743711775	0.00919003686514337	9
-0.0399906900599997	0.204008239831831	9
0.0428903858430064	0.195854597447263	9
0.0658057700236431	0.346590762271429	9
-0.0213248534055923	0.0894194018997769	9
-0.0644952600832134	0.310594058343215	9
-0.0281422824387269	0.13013263183339	9
-0.0138727629005442	0.0501147304977507	9
0.0104983952864713	0.0317597322383719	9
-0.0436815618602623	0.136401313259574	9
0.0207661593902949	0.0799201797381029	9
-0.0107387688483959	0.0401124029099698	9
0.0421682674089725	0.162533062422457	9
-0.1157687885318	0.553697568607717	9
0.046320280701878	0.150588166907485	9
0.0525854262388342	0.167470690938772	9
0.0118814567656774	0.09712902624144	6
0.0253869078807673	0.211690667198882	6
0.0587476315082677	0.538362137741829	6
0.0509123922675271	0.373162753213273	6
0.0463401117321441	0.318107685213638	6
0.0153168451667896	0.0841048096574356	6
0.0131405175797042	0.0701807267148138	6
0.0651936535575353	0.434411761052035	6
-0.0334211766122392	0.106070118315626	6
0.113769644597802	0.502255375425277	6
0.0211421798927835	0.0812909036510707	6
0.0125193875191874	0.0641678445619241	6
0.0905346218008436	0.672863592348958	6
0.108028990993688	0.814766927670325	6
-0.0585261970860109	0.357679728365592	8
-0.0458271739888477	0.271121544018733	8
0.00366062257140559	0.0175946491831753	8
0.0448532207706993	0.258328777831688	8
0.0192931146659562	0.0993096706566686	8
-0.0834222703990038	0.582108425559128	8
-0.0316791349483998	0.174853114108305	8
0.0415673257415373	0.23417634491518	8
0.110331292462842	0.83188197550293	8
-0.00933092944944291	0.0445811428550007	8
-0.0261071687623979	0.13857362161489	8
0.000387641559123757	0.00177962387043068	8
0.0167689737360458	0.0858412691482861	8
-0.00467638317615363	0.0220228415370255	8
-0.0217262422187469	0.113983621667964	8
0.116706578676025	0.926835597111094	8
-0.118623685173591	0.939603391147337	8
-0.0859880135620478	0.584918390783386	8
-0.0885399131460019	0.605141479119919	8
-0.0722054756705658	0.46016650864282	8
0.0539051550849525	0.311471262552018	9
0.108705408260267	0.777088751486952	9
-0.00336652382384884	0.0115458265476288	9
0.0400901071585418	0.149520851028234	9
0.0404166997438263	0.174395376744102	9
0.0413362088969743	0.214453632918553	9
-0.0852531375007884	0.528085198043636	9
0.0829124048571452	0.502599193465182	9
0.0585811250582766	0.278181302429055	9
0.107361318001839	0.621411787232268	9
0.105667577258319	0.736651451038449	9
0.11599049618031	0.778768913083373	9
0.0268049271377028	0.123805386425278	9
-0.116471001415718	0.724546763653269	9
0.0773675797469423	0.439733438096279	9
0.0333527185131353	0.127669910042741	9
0.102262384884927	0.397697729702572	9
-0.0539289567153591	0.178499437400007	9
0.0131691859721833	0.0499249289671883	9
0.0263958049946745	0.105389045011022	9
0.0711397427619911	0.326815627726874	9
-0.0126720563668547	0.0406101176592532	9
0.0674554471983216	0.277675563215395	9
0.0318935030508047	0.0622897745038947	9
0.014448953674454	0.120057183034213	6
0.0479543402327471	0.472262982995607	6
0.0532860101702623	0.447169785047854	6
0.0369828025230607	0.258739702378161	6
-0.0210879262604023	0.121160312690171	6
0.0233850941864575	0.133389603926649	6
0.00810345270616092	0.0427990454271265	6
-0.104250591794961	0.82785421496329	6
0.00389097515533316	0.0159249120562074	6
-0.000155925782920932	0.000620826654224137	6
0.0468218416497154	0.289751545604688	6
-0.0159520201323289	0.0823053337958027	8
-0.0248107765597522	0.137193990422933	8
0.0893779752618932	0.662242952801785	8
-0.0208179595227811	0.11510597693336	8
-0.11981703504967	0.726625261935301	8
0.0449422558396653	0.239009384549488	8
0.0572180165109565	0.354776921280862	8
0.0230609896600995	0.125391621312359	8
0.0121482350952386	0.0559569900754999	8
-0.0468452759291636	0.262706988701927	8
-0.0906050894162153	0.583127496516449	8
0.0259898535995324	0.140390868107843	8
-0.00234357690329742	0.0100547303048189	8
0.039558549440323	0.21753266550557	8
-0.00723501553472782	0.0348628258013248	8
0.0127084663446401	0.0589382065350233	8
0.0515738354716918	0.310863616460636	8
-0.106483121634326	0.719459524981291	8
-0.0269482169593112	0.111028578494754	8
0.0694224495929462	0.331884314940257	9
-0.0350062608284861	0.192477146084208	9
0.0210727280987431	0.103009697703091	9
-0.0184520479104988	0.0768120176660797	9
0.0750869121188143	0.386061446177865	9
0.0440908315378978	0.194232607110736	9
-0.0205086053637001	0.079461157000201	9
-0.00884457301694859	0.0357653816396356	9
-0.0889332265573803	0.534604003037092	9
0.0921309362760659	0.634919767504253	9
-0.0357617130321164	0.130480282331776	9
0.0333944856978369	0.165734163330904	9
0.0404081543283506	0.226718970801288	9
0.0605682555589541	0.328814068577659	9
0.0965708395970311	0.590247848923173	9
0.0312244817617955	0.14070752091166	9
-0.0624045842449392	0.322530619546488	9
0.0759377069494547	0.312251787250208	9
0.0567974381931006	0.19753515833524	9
0.0305565691253661	0.0997925117517085	9
0.0903647378198096	0.577048642598941	9
0.0657941823636441	0.363201168334245	9
-0.0701558009830151	0.321043621615907	9
0.0448817294326984	0.187767978576164	9
0.118264294610117	0.777609339922948	9
-0.0845404164654894	0.274736642437347	9
-0.0324738190859433	0.107308260812941	9
-0.0314382100028978	0.125755110189925	9
-0.0251570597514644	0.0926556974889567	9
-0.119124406884934	0.534915039457343	9
0.0588062358294942	0.207623035478816	9
0.113246504722338	0.246081509961207	9
0.0298753803109553	0.275596166676204	6
0.0376461221753	0.349239212600216	6
-0.00400864393788981	0.0275973563194742	6
0.0329325569512113	0.232596647551328	6
-0.0276854916515435	0.180266333506824	6
0.0601862784173062	0.40905996038285	6
0.0489607502783502	0.277115808150726	6
-0.0481139673184448	0.158289861578208	6
-0.102189528139302	0.44554039789252	6
0.0491435595683658	0.216538143618974	6
-0.00991573525218749	0.050814466551666	8
-0.029493337346549	0.166646512952707	8
-0.0809416295358068	0.539365574785397	8
-0.0359419930380228	0.193979139463779	8
0.0698218270671856	0.459412461693959	8
0.0286949483524549	0.158214961548769	8
-0.0706368939164682	0.460012128496582	8
0.00292375338005328	0.0137550020051777	8
-0.0278198331228613	0.151247569059135	8
0.0528926289087089	0.322305016948814	8
0.0726118184714497	0.488486723514802	8
-0.047730826933929	0.275039798371071	8
0.0225479640990351	0.115935434993733	8
0.000629339654785115	0.00286915182583487	8
-0.00185329689657152	0.00880778890177258	8
-0.0220212891616408	0.116668746983743	8
0.0705992683312984	0.465494768766435	8
0.0953819229259126	0.712232723703584	8
-0.029035070902579	0.158172766088369	8
0.00396594834816379	0.0187749605486424	8
-0.114261390743473	0.897352632941101	8
0.00536020706362464	0.0251623814694168	8
-0.0552759809679222	0.326404138507287	8
-0.0681909803336195	0.408021864534848	8
0.0950001238271091	0.632749497787726	9
0.0423400530622881	0.15892795958517	9
0.0231203451213057	0.0749380398498873	9
0.0845115447217383	0.332171756615923	9
0.0860336902487204	0.38442843031849	9
-0.0886430369275987	0.447260054615386	9
-0.0719535243876702	0.369551746618634	9
-0.0269646516403129	0.124295506586278	9
-0.0540433962468457	0.259637667611425	9
-0.0153391353132185	0.0688628546967357	9
-0.0581599817563193	0.265530155216157	9
0.119354095065314	0.682599639117934	9
0.0326058651476559	0.165528231524084	9
-0.0741320967660091	0.444872069792246	9
-0.0445519817857284	0.200072362499475	9
0.00600767811223683	0.0258010394441478	9
-0.0406117682121576	0.195163054496717	9
0.0547850140771369	0.266803836759015	9
0.0161483492049238	0.069171718193756	9
-0.0155750661556317	0.0650841349416516	9
0.107039066150311	0.523091561601254	9
0.02625640945698	0.0864466574229595	9
-0.0138629202498021	0.0476894718794925	9
-0.00882372099828315	0.0308911813868724	9
0.113226164571005	0.58021851431217	9
0.0322323672657188	0.114871881069549	9
0.112436575104871	0.493086637613262	9
0.0598963249787363	0.183310229707496	9
-0.0295615652441722	0.0543800014087388	9
0.00842936846886303	0.0664767422662045	6
0.0186078956008817	0.154723575463469	6
0.0288581037683455	0.218817143810583	6
0.0101283045106152	0.0626232417791714	6
0.070566081650856	0.508613225918928	6
-0.0542167647931338	0.32170527918051	6
0.0884322837984095	0.389233941936238	6
0.00987286714978703	0.0359382818548471	6
0.0411755822670473	0.181839974924476	6
0.0582298832045745	0.37835195583482	6
-0.0556596715207226	0.359861038291979	8
-0.0321236202808271	0.177100407350732	8
-0.00297154388124303	0.013853410825271	8
0.0210816691923065	0.110667489281825	8
0.020674379367517	0.110760283377064	8
-0.0469185912825034	0.273885657637776	8
0.0285067652213287	0.15483789418144	8
0.044988501915753	0.265048251669861	8
0.0844220440483587	0.595337675697798	8
0.0119304895178867	0.0581684389376562	8
0.0715367931952206	0.456607607777576	8
-0.0522877919757913	0.312223102181869	8
0.116601613741665	0.918619186894948	8
0.0463536808728294	0.269844371920332	8
-0.0160534523564258	0.0822375847143277	8
0.0747633851508371	0.506704419490568	8
-0.011746155577098	0.0573734643035219	8
-0.0231762008002643	0.119500574720001	8
-0.0567425889308872	0.339274808531247	8
-0.0736748271572588	0.457585904284532	8
0.0955878007580581	0.641715077513913	9
0.0288394379055352	0.143542707221584	9
0.0966131210726757	0.457427339858498	9
0.0572818226747385	0.202732829250614	9
-0.0012165119487653	0.00393046894250212	9
-0.115353016880917	0.609156657764625	9
0.054191539166685	0.234690805380884	9
0.0387516970606958	0.181746736163009	9
-0.0111214035114036	0.0476367447739263	9
-0.0654306673669855	0.348337753477344	9
0.070993184908821	0.405236585018003	9
-0.00883824367479953	0.0366216553159854	9
0.0430067879591966	0.185737832752092	9
0.0354999351353982	0.175009737150789	9
-0.0661778399437472	0.351225373948948	9
-0.0309558663613907	0.135302135947601	9
-0.108260442784252	0.704324487326343	9
-0.0782336521999186	0.425302763071125	9
0.0552851918531919	0.2735533255879	9
0.0514414708084937	0.261722508751541	9
-0.0132292601417921	0.0470263961156336	9
0.0373427632646647	0.124445642784409	9
-0.0821010855134242	0.359477147433349	9
-0.0965813321274615	0.455959056263927	9
-0.0110774980910807	0.0316219678978126	9
-0.0145799556092151	0.0259919747258675	9
-0.0850571566281072	0.398977372908951	9
0.0228785543804331	0.0750261579350626	9
0.0929760111603589	0.38020222961759	9
0.0141505180666855	0.051693219351594	9
0.0359535451143499	0.149440007153289	9
-0.0184786847241812	0.0756164674586979	9
0.0920801595748635	0.546077932844766	9
-0.102626936954125	0.640504927700194	9
0.0604494604860154	0.332900962889584	9
0.0892655377360514	0.579087402872067	9
-0.0836187219217259	0.493604133227142	9
-0.0255395614893093	0.105018682505059	9
-0.0141631568205401	0.0667543887163262	9
-0.0126775521723789	0.0575425996218759	9
0.0313103662901102	0.134552119484788	9
-0.0749515911986999	0.425515009427599	9
0.0884563245615959	0.516267227320837	9
0.0107574311248087	0.0462870338669646	9
0.0452517286754114	0.235084797677287	9
-0.120347068988215	0.547954601889479	9
-0.0606217067930796	0.269477235819303	9
0.0772034580119549	0.394870790672066	9
-0.0250116682010238	0.0995430248003667	9
-0.0160883850879664	0.0569476541763206	9
-0.0263706949485638	0.101074602802513	9
0.0240125397497494	0.0769195113005344	9
0.0610617982533497	0.124341214216465	9
-0.106805223415642	0.598098183069856	9
-0.038932789692676	0.148131357665463	9
-0.00608907478959919	0.0218525055625165	9
0.0272145965850114	0.124140435263677	9
-0.0243267876448457	0.108795858099686	9
-0.042834589528997	0.220281913363529	9
0.0466601192244658	0.23911775242427	9
0.054919228622723	0.301537020825348	9
0.0643248538451962	0.321151099696361	9
0.0656796390348396	0.341702251895374	9
-0.0368426389638364	0.20202196474735	9
-0.0129930333161218	0.0627989247465008	9
0.0157117459213996	0.0659606732418449	9
0.0913942937544806	0.557246595825433	9
-0.00425891265705919	0.0178009109772786	9
0.0398403613874706	0.192508106353643	9
0.0717592597352006	0.41712439775788	9
-0.0643808707815774	0.378009944708541	9
0.116952038153669	0.656110082027723	9
0.0677962478521232	0.289809555813631	9
0.0663420303000436	0.235152358729119	9
-0.02394072274456	0.0992298789050941	9
-0.0836649491899354	0.455593172687105	9
0.00130943111194285	0.00524268860035625	9
0.101029924469481	0.568619790367091	9
0.0682969871492577	0.338307764122882	9
-0.024491738797277	0.093150509736445	9
-0.10054602991221	0.442989743494068	9
-0.11430519177407	0.286739574595688	9
0.0870012865866867	0.395617668807757	9
-0.0529292341068676	0.17801472910917	9
0.0610751269824678	0.309143354250982	9
-0.0158980060271898	0.0655969374598723	9
-0.0228952100722771	0.0978820765776793	9
0.0441749035861559	0.224087459770251	9
0.0354953172515082	0.176041875201193	9
0.00244855929245743	0.0107987373572765	9
0.0991644247786884	0.533136101403886	9
-0.00861394982053796	0.0329502314037804	9
0.121857088609336	0.966286810984888	9
-0.00576646343591025	0.026948161699227	9
-0.0867206184995855	0.472090642728941	9
0.076725963304342	0.488144521603372	9
0.00122641464379571	0.0056351378963316	9
0.00509663541592385	0.0231847242022846	9
0.0927172582828629	0.463487752293117	9
0.02600533566076	0.0952927989498463	9
-0.0069046857639125	0.0180611709034374	9
0.123202699730183	0.680012495243942	9
0.12264340246627	0.904624168357715	9
-0.124269594502922	0.916226197394516	9
-0.0249280493790676	0.107931054406059	9
-0.0167985867459755	0.0757514095020029	9
0.0751913979167469	0.339114911182045	9
-0.06571521096647	0.146601569240206	9
-0.0357886451368415	0.201068902085746	9
-0.0958111982446304	0.617894747541957	9
-0.00649790110586677	0.0298755069371738	9
0.0277035258737791	0.141198015853333	9
-0.0757844726812487	0.446663242155798	9
0.0353065234382278	0.173530375321098	9
-0.0394884550901679	0.203287093233686	9
-0.0396710426165949	0.177307996382323	9
-0.0590481661293006	0.365571796748224	9
-0.00526734041539662	0.0252343481411001	9
-0.0515529577239145	0.308086986440469	9
0.0699579121750588	0.450311821621669	9
0.0324083901564287	0.153900335047958	9
-0.0388733244827261	0.185625120830316	9
-0.0196191108321021	0.07540998574608	9
0.098559536662437	0.562750488225788	9
-0.029360436084089	0.157356171620835	9
-0.117544541516312	0.862382010877207	9
-0.0740629402167821	0.461786739987142	9
-0.0412157184761671	0.230783799123865	9
0.0822139997381169	0.447970573422401	9
-0.0490258853553759	0.262302847969529	9
0.0710302718410072	0.454745307548547	9
0.042967030386922	0.248202790327738	9
0.028935721978655	0.15214001214448	9
0.0379012620484972	0.1913641226948	9
0.00516728463330836	0.0118275570929433	9
0.0511649152521735	0.314051957578522	9
-0.065283474321184	0.430463810133452	9
0.00872203308869173	0.0414088817604723	9
-0.0697479766552117	0.370163538940611	9
-0.0499521459645816	0.208106124126076	9
-0.0000609047424593872	0.000212311455381022	9
0.0984648927667236	0.504498219241801	9
-0.0939345018620921	0.519913268265716	9
0.106667292337982	0.346202536615128	9
-0.121765693100953	0.507917754587441	9
-0.0302900595984584	0.126177961462484	9
0.0543500920950249	0.330113927884657	9
-0.0100942083771425	0.0488521157495241	9
0.0563178792238321	0.266968982172822	9
-0.0496847899633114	0.219017725688365	9
0.0360775647567764	0.137575201151758	9
0.0133776771488994	0.0406333075983252	9
-0.0178710972787558	0.0417896608274887	9
-0.0511081008748237	0.274949535271305	9
-0.0203855391599921	0.10716049524696	9
-0.0850685614599013	0.576020086481641	9
0.00347122396161622	0.0167817291952097	9
-0.00572182907564814	0.0262989964076956	9
-0.0893335918646471	0.324997549559152	9
0.0986851045767221	0.579482748779746	9
0.0617251235289467	0.304287956403214	9
-0.10825163798786	0.721020844769071	9
-0.0240771624064844	0.124168006842046	9
-0.0317728658603557	0.127676751534319	9
-0.0227283979170191	0.0674043112106978	9
-0.0843414690158511	0.282083464480081	9
0.0609644775494323	0.232688416561616	9
-0.0426589551327626	0.156586460673656	9
-0.00143484129552936	0.00288766263312475	9
-0.033584493381317	0.0807568651536397	9
-0.0820984820470189	0.258046066530819	9
0.012542643790401	0.0528913016602703	9
-0.0289127163543331	0.133855608290341	9
0.0709408648991899	0.218614662076327	9
0.0115987915630093	0.0313634890090679	9
-0.0291231564988607	0.0675975392295734	9
-0.0105104403914107	0.0148067255009029	9
0.0247737626470438	0.122477212884946	9
-0.115163416000986	0.820039457895963	9
-0.11454518439424	0.901416220547523	9
0.0458674367505847	0.20115429209386	9
0.0145907224460305	0.0272995954976246	9
-0.0515828548566915	0.169893925675888	9
0.111954637434651	0.499818467821591	9
-0.10068885323326	0.747368645977521	9
0.0135699813396351	0.0690378207831651	9
-0.104157751671611	0.744254213133111	9
-0.00184447068813094	0.00769079167854583	9
-0.0345681193587637	0.143859292275545	9
-0.0306916702399287	0.116440866068249	9
0.0174387544372711	0.0657852997439744	9
-0.0217460235402214	0.0722207941366933	9
-0.0430408458499869	0.221402176828985	9
-0.0205229590034264	0.0642396979902978	9
-0.0112201436898856	0.0322661065534544	9
-0.0341601576510306	0.0904168700433615	9
-0.122551068049053	0.296317973629095	9
-0.0379903780484793	0.0860367151331342	9
-0.0613913342805119	0.369540555539462	9
-0.00347845049661619	0.0166166716656824	9
0.0841266305858467	0.479917486819336	9
0.0193932136296879	0.0487262571209686	9
0.0113098163193738	0.0318613227616894	9
-0.0143272718131682	0.0556169744043535	9
-0.0443171284008559	0.186339366087188	9
-0.108260227254136	0.626726603463177	9
0.0105672188232757	0.039375881207436	9
-0.0773598132116385	0.202456267127906	9
0.0313336274802364	0.165644030618383	9
-0.0268243395915527	0.130454102791738	9
-0.0267124508624344	0.0957468031299317	9
-0.0623380877638191	0.263696128570212	9
-0.0882435043631425	0.452283198386149	9
-0.0523011266545873	0.148513981426496	9
-0.044092597866222	0.162994888081327	9
-0.119801380496478	0.806563085369493	9
0.123818338380785	0.601531681043506	9
-0.0872892441402708	0.36626828071799	9
0.0309385401110226	0.0979423213320319	9
-0.110931444034409	0.400650351859749	9
-0.0874999010808386	0.226114622872303	9
0.0614753598420874	0.278628602329134	9
0.0230303581426679	0.106344828874162	9
0.0455519689430497	0.204282988346836	9
-0.0517591996514479	0.286470745063565	9
0.0412973603468104	0.188211908716382	9
-0.0740512703127415	0.325848130087205	9
-0.0583237889852456	0.236403394605635	9
-0.0790388120929293	0.320503535479663	9
-0.00391494757505788	0.00766225873866182	9
0.088975540546379	0.506364430246597	9
0.0358017553338083	0.162489022904508	9
0.0168829474351193	0.0756015440208538	9
0.0153177035094501	0.0674478838527085	9
0.0463400576811439	0.23824604411409	9
-0.0894431304236829	0.565793149670124	9
0.0810727065637338	0.468889161323454	9
-0.0190124298757791	0.088661070385381	9
-0.108277993452468	0.76522266458259	9
-0.0075617832261911	0.0327053720298376	9
-0.0641540936984159	0.350625692061782	9
0.061321317015662	0.383187163761601	9
0.016278723919562	0.0809031672453288	9
-0.11878051762371	0.846441511337316	9
0.0139278804525642	0.0619959505530629	9
-0.0474937030115158	0.251375624638203	9
0.027182139049033	0.139860806460766	9
-0.00987792563214852	0.0426074763033879	9
-0.0408198896850011	0.154724253059236	9
0.0961614820465055	0.609236957922179	9
0.0285276315647154	0.138143290106418	9
-0.094489945948983	0.609688062811404	9
0.0443216264231384	0.215276112191258	9
0.0322158939720697	0.159469617978591	9
-0.0820781540487999	0.438013090211052	9
-0.0192158157237294	0.0747378774485942	9
0.0153171037372824	0.0620786925924282	9
-0.0515024091710731	0.205551723340277	9
0.00917634981965891	0.0338281278654557	9
-0.00301248467510326	0.0123193438451407	9
-0.0191080865797373	0.0895984467509849	9
0.0495437282525454	0.266977728744399	9
0.0220626298250237	0.103323205183093	9
-0.0722045275690659	0.426063100797691	9
-0.000637829011606632	0.00271820912651153	9
0.0969097609177073	0.66770542958982	9
0.0686162512534024	0.4323422112566	9
-0.00151539399197907	0.00611230766813637	9
-0.0854574829073703	0.482544903892771	9
0.0845196063653153	0.586499748407941	9
-0.0505827590502193	0.299034197703548	9
-0.115633829926235	0.66633045970184	9
0.072176575821829	0.428534048217415	9
-0.0967548008189794	0.649039753780237	9
0.0153254929530796	0.0704969669564161	9
-0.0139153893102272	0.066762125342907	9
0.00566116822488164	0.0203988653780353	9
0.0282582653574437	0.0961267229457431	9
-0.0925959610372719	0.536129159539806	9
0.10829987050197	0.78627692909035	9
0.0570623881951608	0.32584921208482	9
-0.00177761817445019	0.00725728331222904	9
-0.0135368169411717	0.062188780082644	9
0.063364854633221	0.315802764323624	9
0.106270493666257	0.82653541192451	9
0.0851786065777978	0.590416028875744	9
0.0824613180461441	0.55620264654286	9
0.0216429625479241	0.105595886019203	9
0.0730957916034633	0.394742818008674	9
-0.0204248326223847	0.0968656925706398	9
0.116999525798489	0.901416325797762	9
-0.0161677174201252	0.052620846528618	9
0.0268096051239656	0.110497503806034	9
-0.052787148594717	0.324186951013251	9
0.0152303934456392	0.0777999219832609	9
0.0231245100407188	0.102761069829747	9
-0.116137316845074	0.705640322808779	9
0.0161379724093929	0.0680620435701501	9
0.0546960742408949	0.172094676689687	9
0.112888452286151	0.366687026890587	9
-0.102157458390621	0.357686646771874	9
0.0758954779656463	0.466426164610196	9
-0.0723366959405341	0.448957841692776	9
-0.0206283835953928	0.089492687593434	9
-0.0420663109222245	0.234026503844508	9
-0.0231113695530865	0.0678562869443824	9
0.0694816134992063	0.37806071967732	9
-0.0719390802230217	0.358352516049042	9
-0.0963292904558278	0.533559580418171	9
0.102912078737298	0.517544880548336	9
-0.0708534206353294	0.186348553681816	9
0.0116233173371056	0.0555237427710418	9
0.0357214665910455	0.193003440688891	9
0.110010668528992	0.795172637046662	9
-0.0931231693320783	0.55799563037431	9
-0.0873997025582145	0.522953073038517	9
-0.0421886670086687	0.218084408627975	9
0.106288969242466	0.751477070967704	9
-0.0526157263940922	0.197081762888361	9
-0.0731323111765892	0.477188637003079	9
-0.0693632845147983	0.433096163273116	9
-0.0720131557179851	0.388189377988967	9
-0.102956337547793	0.649504142578708	9
-0.029206407428951	0.126438176372572	9
0.105328843665702	0.455463259574763	9
0.116902900057208	0.515107857138431	9
-0.0983500043885702	0.622937702023649	9
-0.057811939083971	0.332531066056899	9
-0.0840561456544606	0.515436233706076	9
-0.119682255853195	0.461305713269133	9
0.107299904836475	0.467628373473776	9
-0.0444465233942269	0.198720857272614	9
0.0065688406142014	0.0240564843955253	9
-0.0694803000986502	0.318943863572352	9
0.111127466054817	0.525714315675371	9
0.0745948724141241	0.170066048587663	9
0.04343041879652	0.242297098316925	9
0.0145718737046625	0.0704531737412988	9
0.0891142544074555	0.588668318655704	9
-0.00176327341341256	0.00741322183708098	9
0.0347700224771436	0.182111706528436	9
0.0000708255432538346	0.000307802262110022	9
0.0992342745560226	0.480603370224782	9
0.104025713596574	0.60526649044448	9
-0.122470180242151	0.914945936460104	9
-0.0395524837393064	0.226300489865192	9
-0.0759715072425484	0.505474213819937	9
0.035986623279847	0.18296825720988	9
-0.0850209013398129	0.478553435264013	9
-0.0453449653436006	0.149938259605499	9
0.11072551192238	0.485408096890424	9
-0.0458837819615704	0.253156113729447	9
-0.0393589340222847	0.204396321946582	9
-0.0281214014544432	0.143188155409734	9
-0.0557525479076516	0.313183964618052	9
0.0513359446194021	0.173197293489101	9
0.0372107509570856	0.134100088720484	9
-0.006618341897922	0.0260603310756319	9
0.0980735431007759	0.250396931300733	9
0.0312970079506958	0.136882662321067	9
0.0884224397758525	0.394133593330614	9
-0.0745780146983055	0.322471773656432	9
-0.0407834200878606	0.185645258312641	9
0.107829837443274	0.731800775914953	9
-0.019885734926463	0.0932608454746155	9
0.0341873910276905	0.17790561359577	9
-0.0182996691554075	0.0914930440493139	9
0.0198573729460985	0.0991596029947503	9
-0.0297048526361611	0.137653514193217	9
-0.105393634823593	0.686752069448863	9
0.032580351794036	0.174998857589916	9
0.109040421544832	0.819622108181332	9
0.0304117961670651	0.159827890166184	9
0.0189354254719385	0.0937774878896476	9
-0.0758026416076405	0.486837845550214	9
-0.000444029987302184	0.00179568620256332	9
0.0421845813501307	0.163463597924869	9
-0.0924705668774529	0.405069763396746	9
0.108952330553829	0.761736024354188	9
0.0306552528246352	0.118838431985065	9
0.0318104989817223	0.115831524183119	9
0.0414169421379011	0.162582771727384	9
0.0411388917007757	0.161347914955816	9
0.0425788922943299	0.164434937781992	9
0.0204492500010671	0.0748167563167055	9
-0.0614280558196611	0.367846440269079	9
-0.0117469507581056	0.0506771394003732	9
0.0906613457406536	0.300174048988914	9
-0.02253180179665	0.106081453603609	9
0.0939816265568719	0.416666938471901	9
0.047052380499696	0.285738784676604	9
-0.103123216718169	0.797905384075267	9
-0.0752581032895164	0.515843893484499	9
0.0268801637351966	0.110863555321374	9
-0.0323468257896189	0.096850960073591	9
0.0118133994631306	0.0313439993685736	9
-0.0733422452617626	0.254549936910749	9
-0.0101417807250206	0.0501886524246741	9
0.001066874664959	0.00464271429612191	9
-0.00208772414171747	0.00557133077949098	9
0.0635284685734812	0.265883548526482	9
0.0634112480104989	0.21523044507862	9
-0.074476626088066	0.217581733559109	9
-0.0839935005264573	0.344810117890706	9
0.0119643651947484	0.0459774462167514	9
0.0227026119974821	0.0945078777250488	9
-0.11275715743373	0.667524373567136	9
-0.101496609972349	0.584602279133896	9
0.0990364813182675	0.707044206752463	9
-0.0299613379291706	0.155754351594979	9
-0.0154446177668917	0.0523554248992877	9
-0.0525310282133053	0.210581539589103	9
0.0638469340068901	0.375902906257232	9
-0.114002304236508	0.846446904514057	9
-0.0494413109867128	0.267053139001256	9
-0.0195975753488172	0.0996307154438073	9
-0.0610145784166592	0.37707587364225	9
-0.0289229136803825	0.153094543921171	9
-0.0133061339198767	0.0576943415549801	9
-0.0032982479648059	0.0103797930723901	9
-0.089996033041358	0.337982582686254	9
0.116998725103231	0.634447561641926	9
-0.0731420400775643	0.462019742436143	9
-0.103993737889294	0.683192809640393	9
-0.114777580975147	0.522025264717309	9
0.0505167484846797	0.221632029890228	9
0.0313792985063878	0.0981454560598818	9
0.0782336552303447	0.371652700781298	9
0.08985525767765	0.374478030322064	9
0.0529537994159931	0.202830097812971	9
-0.0169141046064681	0.0714668666690996	9
0.00476652690600267	0.019772453426794	9
0.015931834766839	0.0743464652447526	9
-0.047090126354677	0.260797913111502	9
0.0227640790741428	0.108963442645866	9
0.0591715197168286	0.344702993554823	9
-0.0115736345738893	0.0560572150092933	9
-0.0452861640557283	0.218631866448055	9
0.0510933563866366	0.297171473466201	9
0.0236993820119218	0.121364565343574	9
0.0224519143949488	0.111886354606813	9
-0.031363309284719	0.158508281117397	9
-0.0515464431002817	0.288006067653205	9
0.0173883197344486	0.0811742137345369	9
0.0495118224435928	0.232388116645913	9
-0.0210480269550669	0.0934740639610094	9
-0.03994140168756	0.189755711524273	9
-0.0252979175072406	0.103594040034218	9
0.109135130730621	0.597774452365506	9
-0.117758288044733	0.546513580502823	9
0.0515413412859925	0.227224480190524	9
0.0413505749195355	0.175012364273499	9
0.0537858453999848	0.251569786141125	9
0.104787752975366	0.620747209636399	9
0.0227717337650804	0.111851558329236	9
0.000460473184884895	0.00213220944850296	9
-0.0588663519578935	0.336889180390438	9
-0.118922556779101	0.927664734449636	9
0.0360310289692435	0.1888783043061	9
0.0272928945457954	0.137954255015826	9
-0.062030828375697	0.377156878073169	9
0.0391953092846987	0.203541970322918	9
0.121244928679281	0.937096603923487	9
-0.0093842101919075	0.0394646240304413	9
-0.121971681429125	0.72643404578514	9
0.0446089031678102	0.211234665469367	9
-0.0805057270323013	0.539698964448777	9
0.0273526415775968	0.127722199110516	9
0.0177623215446617	0.069854707472134	9
-0.0430675813203334	0.222392258913802	9
-0.035964700753959	0.144213831262043	9
-0.0297192768320711	0.126143739476761	9
0.0181295769417048	0.0730758225194493	9
-0.0288283424536972	0.11677049236839	9
-0.00697474365354098	0.0150061754952168	9
-0.0338791113678371	0.10301551864079	9
-0.0286887426878708	0.120038960578208	9
0.0292008203954114	0.129729990490723	9
0.112685065786567	0.68032560146874	9
-0.0356006638896181	0.169852363048695	9
0.0303922616316766	0.162873241905486	9
0.00302295648136063	0.0136385880473644	9
0.100004362045791	0.462789801117011	9
-0.0221602472254885	0.111784525815594	9
-0.0552494494394366	0.323203440761481	9
0.0308338304127801	0.135990919415107	9
0.0493738277398112	0.2841313235551	9
-0.0354393211062031	0.196948493917507	9
0.0782260770998039	0.543397832226312	9
-0.0408250196476631	0.150622167115123	9
0.0216873783209307	0.0617728053944241	9
-0.0921258022770378	0.245335429836075	9
-0.0130451531804496	0.0441009442848929	9
0.0111310954283353	0.0514034231418956	9
0.103125610758688	0.472158197635671	9
0.0964605367886871	0.499731167524679	9
-0.085508245435635	0.29625275552727	9
0.00776603508326778	0.0287648729299771	9
-0.0147443516186455	0.0494647654690706	9
-0.0172653974317088	0.0676822739359953	9
-0.0468404797014762	0.225963647681319	9
-0.0679252973669169	0.364504551335153	9
-0.0311413813045312	0.148295641125824	9
-0.0352203230959109	0.180564566128203	9
0.0428436102474165	0.232074347419605	9
-0.0310263723542477	0.161465493922859	9
0.0200865731049732	0.0975464633408335	9
0.0797493900330064	0.446384418680346	9
0.0593788555317263	0.353247877206892	9
0.0114939093352167	0.0488506397936837	9
0.0419949275707317	0.222411565578355	9
-0.0425936639088072	0.227205796805698	9
0.0122070742949204	0.054358155486717	9
-0.0727756767277055	0.445314043288366	9
0.0218765056855834	0.104783488709716	9
-0.0695960293080126	0.294884346444063	9
-0.0707812819812758	0.271377096524127	9
-0.0872876482303207	0.444575075523892	9
-0.0941287298792895	0.513827345808549	9
0.0901007878812951	0.501327348250245	9
-0.0735053496592112	0.273569063115906	9
0.100638755881609	0.226752082182135	9
-0.124851211639187	0.610336950862752	9
-0.0551757552023775	0.206519208642231	9
-0.108266538850066	0.521885553052087	9
-0.0471726876867368	0.208859637227697	9
-0.0189098031199918	0.0774132407088616	9
0.00154651056410236	0.00636890229599102	9
0.0766653813889902	0.478588748925774	9
-0.0418206067567517	0.224773417113044	9
0.0962408325776276	0.645886190712772	9
0.10289496314338	0.537490221270375	9
0.0668145963835434	0.303347957608192	9
0.0994544894229255	0.703749217724287	9
-0.0335883477573178	0.151281746512916	9
0.0643296533897499	0.380908055963624	9
0.041135778119304	0.222780665517353	9
0.101406904544207	0.6770430647834	9
-0.0164068340283904	0.0803563205322761	9
0.0319409812541629	0.157098354411549	9
-0.0455586985993775	0.151316736066798	9
-0.0939285367229096	0.445158371680515	9
0.0700291794402566	0.373709355571143	9
-0.0333690011785948	0.145230983314217	9
0.000111787002503013	0.000362716391131023	9
-0.0290899532806675	0.0859807987574692	9
0.0380127148860591	0.197223134515216	9
0.113582401162736	0.675349124111852	9
-0.0786528170119623	0.430851291866914	9
0.0344962149933043	0.167378414432162	9
0.0875703946892308	0.599409143925849	9
0.120303948773129	0.957363625412146	9
-0.00652166114015695	0.0288784614850624	9
-0.0820855002843109	0.543493372349118	9
-0.0114971321248243	0.0545728580008619	9
-0.0592134561633085	0.358750720854615	9
-0.0432709566401328	0.238066239405256	9
0.00467359423514672	0.022177094607573	9
0.0124816770423669	0.0585405357165478	9
0.0920782356446696	0.622196299477667	9
0.104357232411967	0.657538781475668	9
-0.0295932327005202	0.130914221944943	9
0.0333585909356778	0.154296231124257	9
0.0454048938242397	0.258431495196056	9
-0.013660215645205	0.0600746124734652	9
-0.0520188561809329	0.243950014362211	9
0.0833339957736368	0.501959248242872	9
-0.0715738243487474	0.330396935678198	9
-0.00825392452964132	0.0330918152654008	9
-0.0972963602177976	0.584752284635619	9
0.00254390787394549	0.00966322991239423	9
-0.0958637433796181	0.431292107260052	9
0.0881406154417953	0.201235360918161	9
0.0242049980237981	0.11362689050528	9
0.0823106448442641	0.419466268662719	9
-0.0544916675024573	0.278710097236295	9
-0.00469891726776493	0.0211902015546754	9
0.0704069975409969	0.434713412686109	9
-0.0282070561095208	0.146444185091681	9
0.0854902303496698	0.584565473958704	9
0.0893424973835672	0.63942722668386	9
0.0501171669641912	0.302759143438509	9
-0.0613628456981	0.355221988359838	9
0.0566091967110762	0.325526734617868	9
0.115905995391495	0.93139862233387	9
-0.0252484504720882	0.136372835691761	9
0.00231988042836164	0.0104706820511157	9
0.0417493436889268	0.238989150287357	9
0.0938037005123469	0.67448535726728	9
0.0877429249659698	0.600309886070381	9
0.0587271630272211	0.361280431618428	9
-0.0715368646023754	0.454526304535083	9
-0.0999447528430598	0.618238329251406	9
-0.12226062211665	0.712239338292909	9
0.0566303628942509	0.226364975408617	9
0.0147082253635506	0.0647119225739374	9
0.00643638045759984	0.0287413383071062	9
-0.0228117296775327	0.110389724313354	9
0.10049312143038	0.620989670198792	9
0.0224280480268265	0.103796036433841	9
-0.0458412869624138	0.189550202153735	9
-0.0751566353172325	0.330118049671724	9
0.00833719516120949	0.0267028364332538	9
0.0109453797234165	0.0353989385357763	9
-0.0626840079214412	0.273481061951042	9
-0.0775786520643208	0.459400915085017	9
-0.00940064307022066	0.0425013081774738	9
0.065488062047417	0.395840503413056	9
-0.062499948052175	0.369413873839408	9
-0.0577283106887002	0.363493986915034	9
0.0607452091987638	0.385500874414589	9
0.0867011404782324	0.468309447896668	9
-0.106173763308528	0.821501364015958	9
-0.0222181211805616	0.118870703218468	9
-0.0397383038194926	0.212893519481557	9
0.0696806329245333	0.45548242020101	9
0.0165140414968085	0.0859980932055753	9
0.0497477625207696	0.308778910910795	9
0.0585634167918685	0.374984880654014	9
0.0324357380139134	0.172407127804168	9
0.00204574794547884	0.00673416738378852	9
0.114010334771962	0.659133615126543	9
-0.046743159475492	0.262016032332119	9
-0.0830407194182557	0.415896396854286	9
0.0305631783683821	0.138980140718945	9
-0.00829165921531716	0.027762191026129	9
-0.00707224399043764	0.0206197862917941	9
-0.0692826776048603	0.189003392299275	9
-0.0782650654600861	0.27007086634685	9
0.103741156526271	0.466376861344783	9
-0.106220307005954	0.669463742344698	9
-0.00816556749345971	0.0363457534696494	9
0.116872641941057	0.994316643897646	9
-0.0271124310515834	0.151054246312079	9
0.00923667933835122	0.0447551260348809	9
-0.12019826370599	0.61975534885838	9
-0.0281105260002191	0.15451737369152	9
0.00907822697751683	0.0457564228346413	9
-0.0905768780916667	0.576871443242131	9
0.0763783876077686	0.517003025708645	9
0.00995592674373033	0.0514825030892861	9
0.0659788129845274	0.463837596546008	9
0.0114261016296846	0.0595719415118756	9
0.0480073642646924	0.273210348430284	9
0.0526664942699598	0.212163524241804	9
0.000665431189113796	0.00205697549537518	9
0.0173942084408229	0.0613093245889931	9
0.0332928785175969	0.190659777417307	9
0.028686626095373	0.158027914722415	9
-0.0490089576395396	0.208940743111295	9
0.122423463321833	0.56117974804403	9
-0.0433078275428382	0.161486288375421	9
-0.0960662283154753	0.22549921888572	9
-0.0751936778364755	0.387615457203351	9
-0.0142410974141468	0.0511910399108301	9
0.0437129387809517	0.20744999165513	9
-0.0657828227018757	0.401341240090135	9
0.0193437404411556	0.0987620624238192	9
0.0756908287263462	0.519452719904736	9
-0.0701444586213951	0.488949031039016	9
0.0650431077115842	0.433960064516018	9
-0.00626178398798242	0.0307076554464295	9
0.0544164796605203	0.290826270334672	9
-0.00905268569901313	0.0400576359706246	9
-0.0828749208000502	0.60193365747772	9
0.0298999458638168	0.16928680667272	9
0.102539410770279	0.756367441177429	9
0.0678857845952038	0.447910776198856	9
0.00936992812757997	0.0473248999705071	9
-0.0151140182797275	0.0799820725606627	9
0.0247397365250365	0.137474067965976	9
0.0576542290390883	0.361141489671841	9
-0.00713627520056441	0.0254914324429178	9
0.0221894540206073	0.0689475316915748	9
-0.0187679703264451	0.080675354051439	9
-0.0814475304876706	0.571385420263274	9
-0.0527158687424313	0.32092102000549	9
-0.11244110571158	0.690486649114893	9
0.00704459277549773	0.0308938941708462	9
-0.0903562057005989	0.456268222957203	9
0.115029936290316	0.590796042665501	9
0.0573474625470668	0.324440317355983	9
0.0924503537668297	0.511408348963712	9
0.050731184355252	0.258376339691712	9
-0.116879894085658	0.870690709366278	9
-0.089830347729578	0.631613513210006	9
0.0102766959034779	0.0511788101393361	9
-0.000437959502242348	0.00209568831564639	9
0.0648568172442481	0.427709688508248	9
-0.00437455190074835	0.0215505389717748	9
-0.0396105068794613	0.221166884588603	9
0.106818347248927	0.838392206527244	9
-0.0511824665267802	0.320078050821124	9
0.012818578691798	0.0650493242283017	9
0.0641961936182028	0.419753336950331	9
-0.00917445226633285	0.045734347671574	9
-0.0562387495698414	0.354540275606394	9
-0.0452299569218441	0.266931916726168	9
0.0508269836197929	0.267338307098528	9
0.0200688846906399	0.0822236692454724	9
-0.107223780219811	0.497019363361392	9
-0.108516369928419	0.726724087764249	9
0.0465919457917614	0.263811095232687	9
0.0299172884499712	0.156220801618951	9
0.0991721965008318	0.626726089524995	9
-0.0135758592464027	0.0624773084593837	9
0.106511884262284	0.540186882617414	9
0.059176546432852	0.257515449090057	9
0.0998032464703603	0.542844807594288	9
0.000513887960995245	0.00207348429632026	9
0.049000879049575	0.290763314664886	9
-0.0254843205384147	0.134754861253665	9
0.0654900801006243	0.417657786066467	9
-0.108762034558921	0.851741240363497	9
-0.00747197714947638	0.038097787071136	9
0.0380796800889651	0.227205098224233	9
0.0174136420186695	0.0923853189723003	9
-0.0937826644759905	0.634379799533145	9
0.0331518317724605	0.174307886747158	9
-0.043142382179433	0.26130355341744	9
0.0378519589169387	0.220640642143835	9
0.00335296533748073	0.0165625930143331	9
-0.0852259869947834	0.628477065026051	9
0.018255162364643	0.0973131579935431	9
-0.0287218046342376	0.156748913240868	9
-0.0266713657339465	0.12414859999705	9
0.11744012629843	0.523421039096304	9
0.0433377480574738	0.218279592768256	9
-0.0162810129594766	0.0838987009516622	9
-0.0878436845048595	0.609763137187827	9
0.0184210518740941	0.0832138673218245	9
-0.0175857995138527	0.0840616255903438	9
-0.055600638918325	0.255187496565321	9
0.0544178739283673	0.137992071420703	9
-0.043095830778976	0.251435923627783	9
-0.0851094339642557	0.500329972887822	9
0.00920393001517652	0.0408360805250453	9
0.0656667172942701	0.391479817257223	9
0.123108685099532	1.0034633770341	9
-0.0981232396422218	0.734915386473857	9
0.0118635499008097	0.0611771302436608	9
0.0147469030510584	0.0775759785599056	9
0.0766789944562283	0.547956663476184	9
-0.0741840445187954	0.528653888302115	9
0.106272995371653	0.803462376868781	9
-0.0411779939439002	0.23806965379571	9
-0.0733211357637273	0.517335019297223	9
0.0949434837786894	0.739277222950085	9
0.00539114715441247	0.0264623656206047	9
0.0542359433112688	0.348727532854004	9
0.0269379611987953	0.150662634110915	9
0.0892450474063317	0.658959520823812	9
-0.00579056895014371	0.028758252111372	9
0.0622999504591683	0.408024050426927	9
0.0706509437254472	0.449180918539782	9
-0.0620246504958431	0.315062804572496	9
0.0803126967889388	0.365456366317911	9
0.0408601130219093	0.220570154729054	9
0.0226658398097868	0.118594585906736	9
-0.00397726238507383	0.0188115807272927	9
0.007542081509614	0.0341593169244395	9
-0.0154648478734992	0.0748809942281784	9
-0.00187970932435313	0.00764251602309979	9
-0.0720451853958805	0.356350782294262	9
-0.122674128104457	0.369872996412329	9
-0.0944939538374258	0.676959539891529	9
-0.0324035996314837	0.142875944705229	9
0.0270998351621689	0.135994838257021	9
0.0516585842575249	0.311195290874004	9
-0.0120910548244126	0.0612585679916519	9
-0.0126531499451452	0.0646253206096438	9
0.08491859535746	0.615514262965429	9
-0.0264044834138457	0.151785765591768	9
-0.115923023953365	0.990348419188203	9
-0.0866058709560163	0.639689327240461	9
0.0598715226579272	0.354260031691789	9
-0.0388646392664425	0.205508370174832	9
0.0679083860497771	0.468458881561521	9
-0.0817234855975018	0.5961966364754	9
-0.0091587308316686	0.0446323621279062	9
-0.0157728261843203	0.0821687357938549	9
-0.00448248697219022	0.0224182664924288	9
0.0734099672671838	0.522553677980855	9
0.012459605098075	0.0650026971859939	9
0.02289753103283	0.121147166493408	9
-0.105645269226686	0.424478503635249	9
0.0722925748470002	0.4012101344527	9
0.0739369601236799	0.506892101204967	9
-0.0241846832265358	0.128568909066647	9
-0.0761509222065505	0.438873944402607	9
-0.0206439625608821	0.101500343731109	9
-0.11472729480308	0.639008320068165	9
-0.101447656782092	0.54832052324923	9
-0.0479543574887702	0.281656031303454	9
-0.118049496011966	0.589003708247017	9
-0.0756071407525884	0.444929220596094	9
-0.00790607098096654	0.0389166486516334	9
0.0859054091006912	0.619077599157978	9
-0.0238764907568607	0.127388884209135	9
0.00842893474872869	0.0417050533929223	9
0.021532741975767	0.12812743632421	9
0.0889610316870228	0.70385462060514	9
-0.0329883952402537	0.191938445720414	9
-0.10233213974777	0.625449615533977	9
0.0201459206440749	0.0849904684252271	9
0.0185990758754165	0.102107460020888	9
0.00647535225140281	0.0330050751085965	9
0.0382094625047016	0.212938920727276	9
0.0525981285664972	0.328102476244914	9
0.00497134521118509	0.0258237815076655	9
-0.0180012703124219	0.102120274055354	9
0.0474667011006111	0.309772509515104	9
0.0402570122491852	0.231761906392622	9
0.0687182820896345	0.353980570419839	9
0.0432238648267936	0.184471043097435	9
0.0929430793302573	0.511361579052407	9
-0.0758673067493711	0.548603870816352	9
0.0822440983607905	0.599084479684623	9
0.00400247305540853	0.016082786519138	9
0.0808035777823205	0.538536405172475	9
0.0978921809995694	0.504355145032923	9
0.0669329685342797	0.314641133101847	9
-0.0957591102706621	0.760048289308617	9
0.00770162676994768	0.0322356143321479	9
0.0536310254064748	0.292264393928868	9
-0.0788309369921918	0.531659046002083	9
-0.0683243062746693	0.470103706306465	9
0.00261019526703325	0.012765581409902	9
-0.0381989975415014	0.223026850990991	9
-0.0548838404658563	0.373293730548676	9
-0.0223741543401658	0.125398066484342	9
-0.0125198887276775	0.0664527998556806	9
0.0280886842092257	0.136651176299594	9
0.110346044608823	0.754746956739073	9
0.000693941673039999	0.00341726550095241	9
0.089065927924335	0.692163101981546	9
0.0545028536980321	0.327982986236019	9
-0.110866778830209	0.892759342937405	9
-0.0488094529835656	0.313356489625039	9
0.0478413058893552	0.311771804037152	9
0.0154684517291104	0.0846518723709304	9
-0.0808065586708778	0.437387383653334	9
0.0822061059402499	0.261577301025969	9
-0.020803001925185	0.0904269866731291	9
0.0214052029962345	0.117363863512127	9
0.00933888939756236	0.0476849277479085	9
-0.0198603280956108	0.0920769249281436	9
-0.0445320301818408	0.203376843058704	9
-0.0206151875271087	0.0833032082246104	9
-0.0283630373571115	0.244475147488075	9
0.050720138478233	0.362145849601436	9
-0.0599711308152559	0.424684990806266	9
0.0497175565907656	0.332073184770393	9
0.0974165904502381	0.812428050448589	9
-0.0524594346454078	0.351839065317257	9
-0.0534199125620889	0.358707899861468	9
-0.0480873358915086	0.31585423420481	9
-0.0410285672054675	0.245381783175564	9
0.111317986888323	0.936032875294412	9
0.104625958782623	0.876845312251365	9
0.0215536416446969	0.116678420659808	9
-0.0227088810581791	0.127214712563533	9
0.00405687346548617	0.0207650685772386	9
0.0546292397975893	0.359091187297236	9
-0.0197575786983157	0.105020973883461	9
0.0179619721781623	0.0943853161985622	9
0.0346156907829325	0.19230175281177	9
-0.0099727467510033	0.0487545929372903	9
0.025480711988269	0.135403045007554	9
0.0197301923211701	0.105595538105815	9
0.0930966563287366	0.707844502133225	9
-0.0853502133939063	0.564444355608455	9
-0.00657884317442572	0.0326479311656384	9
-0.0763969060656182	0.507191714717302	9
0.0887961846691252	0.642371084505463	9
-0.0317190888683079	0.169253463114563	9
0.0751702751694345	0.491606757445509	9
-0.0283045281245214	0.14132700860111	9
-0.0132337776155725	0.0336165449840268	9
-0.00293344080782873	0.0219167042186999	9
-0.00242311079580271	0.0170675918738664	9
-0.013495542034458	0.0892613439677505	9
-0.0169087476989621	0.100402598442991	9
-0.0312286022453264	0.180452967633292	9
-0.0346005244000971	0.203950997629305	9
0.0376375274669259	0.226302775364378	9
0.0995662950050203	0.810424269299304	9
0.00490895970109772	0.0205958423929737	9
0.0873163172531469	0.578099005584661	9
0.0846208063157118	0.663082559302218	9
-0.0253978009174668	0.146631282111669	9
-0.0914128079965518	0.646752242248696	9
0.0605511578733234	0.362423482978606	9
-0.0145984937399193	0.0668520263413491	9
-0.122920453877504	0.504961378206134	9
0.0801369183742704	0.288208256763189	9
-0.108693043584336	0.464299562818973	9
0.113570218464573	0.901150935616762	9
0.0443622551177	0.269718217924986	9
0.105332310912786	0.789993061307936	9
-0.0604233279602334	0.403117031714722	9
0.042132186485233	0.253917436750677	9
-0.0653607195287681	0.237118337810136	9
0.0741783371638593	0.34424576629294	9
0.006269222120251	0.0293180666115806	9
0.0765671746748968	0.483306770558375	9
-0.0159123657693257	0.0683230735202943	9
0.0819175103001999	0.225318753689412	9
-0.006362511616927	0.0498583103022361	9
0.0114302883148931	0.0872334762065629	9
0.0666967385649768	0.637402276373777	9
0.0688625249386543	0.504324527203208	9
0.0281459699025654	0.164065367483669	9
-0.0859052684833453	0.654343770925962	9
0.0959820431062476	0.766874594926443	9
0.118401526441097	0.674684071140636	9
0.0548813657324741	0.287192928692424	9
-0.0945770792231427	0.646619363781562	9
-0.0381455651784284	0.232078660075781	9
-0.0613220526601704	0.413043470514396	9
-0.10343116874689	0.680450060778196	9
-0.0729277650287333	0.392488378790421	9
-0.00680066742640765	0.0232671186339665	9
0.0577497359992487	0.162341547453858	9
-0.0552234604596986	0.149138826700457	9
-0.0583405399311177	0.338545289472181	9
0.0194835287246415	0.102432882581584	9
0.116107734417466	0.886543093818396	9
-0.00947165122914363	0.0265220290813488	9
0.0599676112180701	0.214803693254867	9
-0.092534254775536	0.562193735185343	9
0.0672072562394577	0.371627833412608	9
-0.0434046486326775	0.218126403631673	9
-0.100889475775048	0.557137175142735	9
-0.00340441838975706	0.0259908254291401	9
-0.0100723588005708	0.0759940746502181	9
-0.034176785207377	0.233917355284645	9
0.0278817776120836	0.174884757647007	9
-0.0150823283063844	0.0843355040689145	9
0.0358119183793525	0.217251333840573	9
-0.0176406180613694	0.0796496800247212	9
0.0589612305378805	0.34041554109473	9
0.0129497367291558	0.0641480417804179	9
0.0439430528448944	0.272844597781335	9
-0.0113112434153462	0.0582246139410288	9
-0.0359472685458668	0.191163046708202	9
0.0286772050011767	0.13342153507504	9
0.116094528684213	0.727700681904102	9
0.0627494839428092	0.28225617158545	9
0.0579881924541959	0.198393723058186	9
0.0403482169339824	0.118706126843714	9
-0.0263741446247079	0.079467800655283	9
-0.0100143978489973	0.0462333188681722	9
0.00407548536218703	0.0193657729477704	9
-0.0454543590313683	0.250440483465957	9
0.0308490868531911	0.172070315850591	9
0.0284818823268598	0.151453636960051	9
-0.124146428167272	0.497615948024093	9
0.00103701288764182	0.00339428671178876	9
0.0571032556309026	0.297075092626403	9
0.0278566264020193	0.129332572562541	9
-0.110341906567296	0.706822999286633	9
-0.101295380290424	0.537309895436003	9
-0.00952662740309631	0.0760841472210452	9
-0.0136423764009177	0.1054795118144	9
-0.0437183757125902	0.384048695489181	9
-0.0166916409647126	0.115556052888788	9
-0.00439090191159715	0.0233228850997848	9
-0.0602506623249884	0.385462775549265	9
0.0841161092856913	0.596994234094502	9
0.021621895076005	0.114721621772126	9
0.0798759005388773	0.585977604459086	9
0.0212961087534849	0.115750550690921	9
0.0197474419598379	0.103161768691421	9
0.0252129847949961	0.114706443674369	9
-0.0456670391513588	0.221444919041839	9
0.0139397354552345	0.0487033955990725	9
0.103522341346821	0.556513727859236	9
0.00980243840170179	0.0477333218877734	9
0.0330758913639349	0.177346921798185	9
-0.00325752598845315	0.0142637265964312	9
-0.0526192792507845	0.31834193170313	9
0.101348566207743	0.756965999741817	9
0.0272568188783816	0.115333414446803	9
-0.0827431207144156	0.478004618299518	9
-0.00031056465433502	0.00140024875641256	9
0.0873751491022052	0.589442647849557	9
-0.0310535421219898	0.156202601319376	9
0.0184106218487883	0.084411284771137	9
-0.000625183265481741	0.00150160730353612	9
-0.00870316902749646	0.0692185231276935	9
0.00670457254389378	0.0502674033531834	9
0.0352773551269236	0.307148667141466	9
0.0485583425640772	0.355086176234363	9
-0.06850977138798	0.486470211980385	9
0.0382276357905315	0.234264108154607	9
0.0423835235814744	0.26510079976179	9
-0.0233921503482722	0.126950442382566	9
-0.015175280329391	0.078229129449738	9
0.00864609445316538	0.0438292634018922	9
0.00317199979214687	0.0154201851116247	9
-0.0662515465506071	0.388013368383116	9
-0.0374971894378617	0.20107226508357	9
-0.0661560701965243	0.378204786111161	9
-0.10447277708149	0.731429089842247	9
0.0309115845194382	0.168600011889982	9
0.0631996300098713	0.373192170362676	9
-0.0346059489503243	0.169337284770903	9
-0.0121196601137077	0.0585005469154049	9
-0.0662483975521494	0.414190783677706	9
0.12353728257202	0.993163130043028	9
0.0243200929559812	0.126924505167364	9
-0.0473963677182125	0.280317105764572	9
0.0342642354835463	0.177407659058025	9
-0.0660328123406654	0.385332718235827	9
0.0197668525207537	0.171293949272167	9
-0.0140404014859394	0.109769675081624	9
-0.0241188549824448	0.165098878408729	9
0.0144906441811597	0.0792018819744431	9
-0.0604713876933217	0.413065284284133	9
-0.000959095224328661	0.00478511674090425	9
0.0445285164057679	0.276047918954147	9
-0.0221430134756573	0.119212644310732	9
0.0168694910562489	0.0891567375215295	9
0.0760806187386661	0.530473975773561	9
-0.115431866869093	0.851114818638722	9
0.120120437457113	0.94533173016722	9
-0.0580202310417148	0.338519378451723	9
-0.0424856493479963	0.218337317694983	9
-0.0503411088891739	0.283149713512357	9
-0.0713823686356536	0.464115729247741	9
-0.0307682516429138	0.156199949085817	9
0.0513258112443119	0.26183721523824	9
-0.0327675603151825	0.155181957282152	9
0.0457293319467666	0.25909915413911	9
-0.0121622036361267	0.0547232228831338	9
0.0339365273485484	0.178905340628923	9
0.000531071254614049	0.00230298730412834	9
-0.0260508127060078	0.129649541842177	9
-0.0664006422162869	0.325949757034759	9
0.112664962521703	0.347367354533863	9
0.000384799869691332	0.00284760999381239	9
-0.00357046761231014	0.0255689054178807	9
0.0193665049974616	0.120191259462879	9
0.0687530574701005	0.523426901552014	9
-0.0172875831452728	0.0976194082777241	9
-0.0871492449315413	0.669391560398893	9
0.0963675671279396	0.756754248057317	9
0.0495808521504975	0.315921965111812	9
0.0186934271947041	0.0998316848964987	9
-0.0327042017220504	0.177985042782363	9
0.025501073414505	0.137030452386815	9
-0.00360410736408157	0.0162180028776387	9
0.0776360387979122	0.465278791822485	9
0.00879092672135514	0.039897145170543	9
0.0874369945681069	0.626429272018694	9
0.0695315872104827	0.450475359170221	9
0.00426286443155145	0.0179173137389689	9
-0.0892979463650918	0.576762818962868	9
-0.0272062696078855	0.144429045625806	9
-0.0471256179045278	0.245969615592515	9
-0.104487202130821	0.718013053380755	9
0.0317089156690676	0.166600518324067	9
-0.00742718600501544	0.0307234152641541	9
0.0267202672564193	0.11905208809334	9
0.013155484665109	0.0342647125314277	9
-0.00161279893663649	0.0120372018877389	9
0.00481020079671059	0.0337455425337935	9
-0.0520421767509388	0.46282720890367	9
-0.00519272562115442	0.0301603095447984	9
-0.0265747134378546	0.162304829057191	9
-0.0794100598148264	0.607900391685568	9
0.108960494181876	0.942393730138639	9
-0.019834019440555	0.108204391247056	9
0.0328960177451275	0.186090670292774	9
-0.0357273288934331	0.204760378363877	9
0.0845520889197651	0.574313467049876	9
-0.060652956452477	0.349224916578883	9
-0.04685817717277	0.256951294898089	9
-0.0582135851266485	0.379246080710209	9
-0.0229884993372467	0.121640224046012	9
0.0322033686600609	0.161469121683279	9
0.0341867644265363	0.180397852170405	9
-0.0134532169767134	0.0682527504218775	9
-0.0317750087393975	0.153212755483127	9
-0.0212373709092183	0.105624852165986	9
-0.049945772345594	0.288208678603238	9
-0.0188442155715299	0.0868028074104405	9
0.00560954395201245	0.0243348402254107	9
0.0277152491523178	0.124292848523236	9
0.0210071046389744	0.181606105863281	9
0.00413535122661305	0.0299584397979847	9
0.00801959332102826	0.0516790671018463	9
-0.0380109194973132	0.222265732084194	9
-0.0702391168953065	0.464856200152627	9
-0.00183245550583218	0.00940715962556705	9
-0.0255747455709654	0.146236908782533	9
0.0273446061261703	0.147273802657547	9
0.0268674153766269	0.15047540244861	9
0.0191142452147938	0.108315357097082	9
-0.00168723216064396	0.0087121165587741	9
-0.0100611463585961	0.0532798000421935	9
0.0370277485189805	0.208811233108389	9
-0.0461775865907077	0.216157328087371	9
-0.0631878664897761	0.257045961507705	9
0.0487002386922464	0.154314850870389	9
-0.054815668608597	0.359546566672615	9
-0.0605959084675072	0.399233231931519	9
-0.0953661229003379	0.470251348667052	9
-0.11511542793195	0.63173148893906	9
0.0153611363084316	0.127652013284836	9
0.0275143873063788	0.235930131216907	9
-0.0331840532861144	0.216433681468209	9
0.0922895831659845	0.740675911556552	9
-0.0397663759394808	0.272754392915339	9
0.00961936189178558	0.0526825691075012	9
0.0372386834246487	0.216527037060356	9
0.0847620239706383	0.637682024786248	9
-0.0404816603560761	0.252774544180132	9
-0.00944794138685235	0.0497020135916015	9
-0.0983218833499835	0.769880823842815	9
0.0612182725472689	0.397595539301797	9
0.0299386013689697	0.151872760925106	9
0.0166913919776495	0.0629824792214707	9
-0.0349229428555996	0.184548463875994	9
0.0987687535265305	0.759548069912998	9
-0.08778517736352	0.64786908313665	9
0.0136275166584013	0.063695337490012	9
-0.0859371731262635	0.555649594494486	9
0.0117613612444906	0.0497100867759511	9
0.0423694427873373	0.196989669110408	9
-0.0058256189036248	0.0135219457623397	9
-0.0101313507425485	0.0818678667915556	9
0.00627359272908257	0.0442852127239838	9
-0.040686742902544	0.292963692860296	9
-0.0279470432903118	0.195847361214518	9
-0.00947537118133416	0.0547746697256247	9
-0.0338935400996632	0.198408667984701	9
-0.0667368248052203	0.467387462086177	9
0.0668437284386727	0.452432218257367	9
0.0944038746977887	0.720361701017421	9
-0.106974310635529	0.855531670108968	9
-0.00381812101474757	0.0189652135797443	9
-0.0912157148569006	0.659984732815922	9
0.0700406061400392	0.419536459873002	9
0.0201317474486404	0.0911700254153794	9
0.019818213581087	0.102718882017633	9
-0.073367890513114	0.481599274874297	9
-0.0803927761109101	0.559241271190473	9
0.0404099406014696	0.23221919583019	9
0.0561424545064444	0.342837524837236	9
0.0551873595142154	0.32013768784709	9
-0.0567987181085008	0.306924444316946	9
0.0203723755563559	0.177801785263535	9
-0.00173321172670393	0.0123428020421549	9
-0.0305848178648523	0.217353596125247	9
0.0201176066486561	0.116290490315049	9
0.0623565268621281	0.41965877023312	9
0.00967841004560922	0.0479107947853266	9
-0.0301141577684933	0.145499072039894	9
-0.0626590172316525	0.307359281682575	9
0.0321235721880079	0.143743537522297	9
0.111897989149822	0.919355453325907	9
0.0115994378903668	0.0601434610995512	9
-0.00242312726326012	0.0114542109521866	9
-0.0996220269883414	0.785181918559677	9
0.0288393810838786	0.163419479505297	9
-0.115019754747774	0.538665020224704	9
0.0484780150346339	0.228512090928533	9
-0.0710092515804114	0.469475157564143	9
-0.0693350497910258	0.44237919629806	9
-0.04131075381031	0.230623027837254	9
-0.0516880153155816	0.272324279011415	9
-0.00792806771074673	0.0626330250988428	9
-0.0295585666048892	0.254584173543772	9
-0.00819715246282078	0.0482017975363626	9
0.00934121405737833	0.0494282759820421	9
0.0233828204859072	0.127329439881911	9
-0.0476642930865379	0.246025869656433	9
-0.0559005958868964	0.267204338635599	9
0.00545350264072834	0.0212420404106219	9
0.118655942874371	1.00895468728562	9
-0.0616960982107763	0.402058949812508	9
0.08534455680653	0.5968424050214	9
-0.085202556641588	0.622861381949219	9
0.0348413918439652	0.201485943722813	9
-0.0125111373324337	0.045151475226979	9
-0.0772256709190655	0.421537615529331	9
-0.0056071857808648	0.0268563271277155	9
0.0731116654971624	0.474788437567262	9
-0.0642208901339476	0.391128380016663	9
-0.0339749147468693	0.170098808298717	9
-0.0837074200907396	0.252282376423462	9
0.0162615366677727	0.136881108944995	9
-0.0140225156985391	0.107150741046732	9
0.0487044223873215	0.347694016168117	9
-0.10312534584996	0.895669870239073	9
0.0357819534559253	0.217178192094468	9
0.0234196233378774	0.131536685004539	9
-0.000631118382963394	0.00311678566457867	9
-0.0271674246693621	0.156099437111665	9
-0.0385264734292002	0.223081586741491	9
0.0481271428429856	0.272486102897288	9
0.0667522798370396	0.363612680482639	9
0.0313070183621111	0.173898903262501	9
-0.0253417124364039	0.139403711681537	9
-0.0351924891140104	0.202160551111491	9
-0.0905139910531643	0.654629667925097	9
0.0451171943856673	0.269175147779007	9
0.00696131849345336	0.0329607537521347	9
-0.0805157309113328	0.516220905416074	9
-0.0532635445325669	0.163633526467017	9
-0.00263483524683507	0.0198898318485583	9
0.00777365872253881	0.05659327276162	9
0.0000109775251207044	0.0000625777348691597	9
0.0216362375896724	0.130802431019635	9
0.0357517835717118	0.225159194323435	9
-0.0535210344243899	0.36121332853932	9
-0.106830858509574	0.927420646135853	9
0.0746931330670107	0.51742279762794	9
0.0650890502061358	0.41480366222422	9
0.0397664965168849	0.231211239354708	9
-0.0741670312253165	0.514640930361315	9
-0.1236089243983	1.06237540273814	9
-0.107925647676863	0.840758158845821	9
-0.0256382329996789	0.139284993102494	9
0.0139302858000897	0.0689009628189487	9
-0.0138202448358456	0.0646655819619578	9
-0.0671085029882509	0.212423678183714	9
-0.00291131254559334	0.0213467675231947	9
0.00313604590146037	0.0210931612285077	9
-0.0790404729801088	0.621762373644075	9
0.0239952852373526	0.134970032835583	9
-0.0310689751395239	0.177863478969058	9
-0.0348733700699515	0.210403977078937	9
-0.00839368691877494	0.0419478534972454	9
-0.0619921670864218	0.382700393062309	9
0.121539917333124	0.946636238905356	9
0.0210757721458472	0.0986340259917928	9
-0.0527205593680825	0.298079854930078	9
-0.040666319997328	0.225428794565672	9
0.0288240864188422	0.143568020864041	9
0.0113763083120551	0.0475793361397042	9
-0.020183806198884	0.0798813048303973	9
0.0368299101218236	0.35366982996514	9
-0.0228517449245669	0.187546987668525	9
-0.0128594376825067	0.0906634826882859	9
-0.0274179929043197	0.181489058469309	9
0.0134794429787883	0.0818487739743215	9
-0.0708141386368111	0.497189837835848	9
-0.0538345905837375	0.323255939073867	9
-0.00952218550044847	0.0467533324097461	9
0.00118814565847235	0.00569371817981349	9
0.069601441486704	0.448399085214734	9
-0.0642452683707125	0.402255226804912	9
0.00181776471447954	0.00774779735591798	9
0.0612742761220454	0.317707524666163	9
-0.00983787481734562	0.0238681740605901	9
0.00988222750641072	0.0788462523495346	9
0.0316144939441497	0.280458970768786	9
0.00146756477007749	0.00953798549842141	9
-0.0212930844151113	0.136947160739228	9
0.00649044509815026	0.031576021146829	9
-0.0923691153357306	0.606049822725475	9
0.0255584362678588	0.0769357925709277	9
0.0114693057502904	0.0531660517062857	9
-0.0403124446837741	0.254067771645838	9
0.0295370803549317	0.173278062016018	9
0.0159943101852582	0.076215272437982	9
0.0819828606617124	0.462051338179977	9
-0.02000379392128	0.0854322614137105	9
0.0158171701618515	0.131644182881085	9
0.0165973897345282	0.13110902231095	9
-0.0122656172854624	0.0837688399167324	9
0.0571672275635568	0.366453669365355	9
0.0834690862137595	0.559754305599958	9
-0.0643421415743017	0.202331475991422	9
0.0203528132086302	0.100343489715773	9
0.0855037505497197	0.748029349714688	9
-0.0157000579115462	0.0883064779123946	9
-0.0765942955947645	0.497664983086399	9
-0.000293167306734697	0.00138953728193756	9
0.0710388188158212	0.396286420970147	9
0.0168491876843839	0.0762707924813197	9
-0.123516802736526	0.424735278579153	9
-0.00110380470999464	0.00818043150750776	9
0.0281180734260372	0.241532119052071	9
0.0472882217092362	0.308040915712741	9
-0.054085555509086	0.341134294538989	9
-0.0285197444772222	0.104644373117547	9
-0.014112533309561	0.0713158037725134	9
0.0112732152464135	0.0662146412094564	9
0.0307610190969454	0.192519835023338	9
-0.0153635884367564	0.0782122940386404	9
-0.038239938622486	0.224753294867048	9
0.115251643050616	0.858131410898575	9
-0.122705824959901	0.440428534721859	9
-0.0143745954388195	0.119325435820027	9
-0.0102574536430228	0.0751391393465155	9
0.0113793919071508	0.0633397055496193	9
0.0177898912440627	0.0987530590372348	9
-0.025734938588925	0.158593131708878	9
-0.00452786053425575	0.0233243211875258	9
0.0322796454611494	0.194992884317414	9
0.076615685358724	0.568627132547114	9
-0.0261190403759647	0.147942151513106	9
0.0616879399594058	0.40493116627532	9
-0.0663228308539796	0.432132262679585	9
-0.00402698903150066	0.0303451519849407	9
0.00487591059863886	0.034352288968052	9
-0.0290745165562052	0.214727231288424	9
-0.0085580673245557	0.0501960239303232	9
0.0308237412175261	0.175494377094688	9
-0.0590473227683279	0.395267022273744	9
-0.036881213782351	0.215659049562153	9
-0.0459012061377268	0.28045669890312	9
0.0599645327879487	0.369598433244697	9
-0.108266511650331	0.41346697658204	9
-0.0159810506546181	0.132725328470553	9
0.00295764957599699	0.0201648666324319	9
-0.0209242615149075	0.127584938250354	9
0.0545427291956453	0.349788368072857	9
0.0174617410004545	0.0926228475615223	9
-0.031221570140358	0.177436796710343	9
0.101709903910836	0.780358115322557	9
-0.0506710075266385	0.151758295499207	9
-0.0201312007753454	0.174311895633217	9
0.0305600515181474	0.261721755450535	9
0.0166380426071641	0.0860445202373275	9
0.0120042656362904	0.0614649182625953	9
-0.00147496069387673	0.0074469651993789	9
-0.0269057970230212	0.150268440245858	9
0.0493058567882104	0.304989381763223	9
0.0135000559590674	0.0669502730614022	9
-0.021611146520217	0.0636590021044925	9
-0.00700638370403711	0.0543758681590876	9
0.00493766771841857	0.0331829560916037	9
0.0101976979645185	0.0661832563847273	9
-0.00269128863743667	0.0150023157561944	9
0.0207486337328467	0.116994868066191	9
-0.0207728555610081	0.115941417013038	9
0.00424458851329761	0.0207661698954963	9
-0.0179446007070225	0.152121178107606	9
0.0330544872264442	0.293671652312309	9
0.043517870890393	0.28893182660304	9
0.0204310983686834	0.118063463917747	9
-0.0408561306231748	0.24520394650531	9
0.0822206131043092	0.597381077039884	9
0.00610841027992422	0.046711036427253	9
0.0370839142954844	0.326432264568417	9
-0.0147716841498794	0.0955117975269249	9
-0.0317188850416704	0.195967040911421	9
-0.00239492072565321	0.0121864909788705	9
-0.110491372189865	0.660252245550737	9
0.0280987305194121	0.254687977932245	9
-0.0116358342048911	0.0883560937701027	9
-0.00386260909287816	0.0252402162068094	9
-0.030382716195435	0.193973828950868	9
-0.0467430004815773	0.242805147097632	9
-0.0173957700077446	0.147073159779594	9
-0.0369845346361387	0.33184714350378	9
0.0403006288098233	0.294207412747098	9
0.0306008792075812	0.161464268887497	9
0.00646423919919763	0.0492975009799366	9
0.00645101295792256	0.0455630928620382	9
-0.0340273595660076	0.197547634803723	9
-0.0136132653763948	0.109149319785375	9
-0.0199495643042903	0.136104867014448	9
-0.00933196830026124	0.065208701579633	9
